Year,Quarter,Month,DayofMonth,DayOfWeek,FlightDate,Reporting_Airline,DOT_ID_Reporting_Airline,IATA_CODE_Reporting_Airline,Tail_Number,Flight_Number_Reporting_Airline,OriginAirportID,OriginAirportSeqID,OriginCityMarketID,Origin,OriginCityName,OriginState,OriginStateFips,OriginStateName,OriginWac,DestAirportID,DestAirportSeqID,DestCityMarketID,Dest,DestCityName,DestState,DestStateFips,DestStateName,DestWac,CRSDepTime,DepTime,DepDelay,DepDelayMinutes,DepDel15,DepartureDelayGroups,DepTimeBlk,TaxiOut,WheelsOff,WheelsOn,TaxiIn,CRSArrTime,ArrTime,ArrDelay,ArrDelayMinutes,ArrDel15,ArrivalDelayGroups,ArrTimeBlk,Cancelled,CancellationCode,Diverted,CRSElapsedTime,ActualElapsedTime,AirTime,Flights,Distance,DistanceGroup,CarrierDelay,WeatherDelay,NASDelay,SecurityDelay,LateAircraftDelay,FirstDepTime,TotalAddGTime,LongestAddGTime,DivAirportLandings,DivReachedDest,DivActualElapsedTime,DivArrDelay,DivDistance,Div1Airport,Div1AirportID,Div1AirportSeqID,Div1WheelsOn,Div1TotalGTime,Div1LongestGTime,Div1WheelsOff,Div1TailNum,Div2Airport,Div2AirportID,Div2AirportSeqID,Div2WheelsOn,Div2TotalGTime,Div2LongestGTime,Div2WheelsOff,Div2TailNum,Div3Airport,Div3AirportID,Div3AirportSeqID,Div3WheelsOn,Div3TotalGTime,Div3LongestGTime,Div3WheelsOff,Div3TailNum,Div4Airport,Div4AirportID,Div4AirportSeqID,Div4WheelsOn,Div4TotalGTime,Div4LongestGTime,Div4WheelsOff,Div4TailNum,Div5Airport,Div5AirportID,Div5AirportSeqID,Div5WheelsOn,Div5TotalGTime,Div5LongestGTime,Div5WheelsOff,Div5TailNum,Unnamed: 109
2025,1,1,29,3,2025-01-29,OO,20304,OO,N705SK,6279,13930,1393008,30977,ORD,"Chicago, IL",IL,17,Illinois,41,10693,1069302,30693,BNA,"Nashville, TN",TN,47,Tennessee,54,1730,1727.0,-3.0,0.0,0.0,-1.0,1700-1759,20.0,1747.0,1841.0,12.0,1900,1853.0,-7.0,0.0,0.0,-1.0,1900-1959,0.0,,0.0,90.0,86.0,54.0,1.0,409.0,2,,,,,,,,,0,,,,,,,,,,,,,,,,,,,,,,,,,,,,,,,,,,,,,,,,,,,,,
2025,1,1,13,1,2025-01-13,AS,19930,AS,N713AL,700,14747,1474703,30559,SEA,"Seattle, WA",WA,53,Washington,93,14107,1410702,30466,PHX,"Phoenix, AZ",AZ,4,Arizona,81,1259,1252.0,-7.0,0.0,0.0,-1.0,1200-1259,14.0,1306.0,1622.0,6.0,1650,1628.0,-22.0,0.0,0.0,-2.0,1600-1659,0.0,,0.0,171.0,156.0,136.0,1.0,1107.0,5,,,,,,,,,0,,,,,,,,,,,,,,,,,,,,,,,,,,,,,,,,,,,,,,,,,,,,,
2025,1,1,20,1,2025-01-20,DL,19790,DL,N370NB,2970,13487,1348702,31650,MSP,"Minneapolis, MN",MN,27,Minnesota,63,11298,1129806,30194,DFW,"Dallas/Fort Worth, TX",TX,48,Texas,74,1025,1039.0,14.0,14.0,0.0,0.0,1000-1059,11.0,1050.0,1249.0,8.0,1310,1257.0,-13.0,0.0,0.0,-1.0,1300-1359,0.0,,0.0,165.0,138.0,119.0,1.0,852.0,4,,,,,,,,,0,,,,,,,,,,,,,,,,,,,,,,,,,,,,,,,,,,,,,,,,,,,,,
2025,1,1,17,5,2025-01-17,WN,19393,WN,N8879Q,1289,10821,1082106,30852,BWI,"Baltimore, MD",MD,24,Maryland,35,11259,1125904,30194,DAL,"Dallas, TX",TX,48,Texas,74,845,903.0,18.0,18.0,1.0,1.0,0800-0859,11.0,914.0,1109.0,6.0,1125,1115.0,-10.0,0.0,0.0,-1.0,1100-1159,0.0,,0.0,220.0,192.0,175.0,1.0,1209.0,5,,,,,,,,,0,,,,,,,,,,,,,,,,,,,,,,,,,,,,,,,,,,,,,,,,,,,,,
2025,1,1,18,6,2025-01-18,G4,20368,G4,279NV,1808,10135,1013506,30135,ABE,"Allentown/Bethlehem/Easton, PA",PA,42,Pennsylvania,23,14761,1476107,34761,SFB,"Sanford, FL",FL,12,Florida,33,700,647.0,-13.0,0.0,0.0,-1.0,0700-0759,27.0,714.0,930.0,4.0,944,934.0,-10.0,0.0,0.0,-1.0,0900-0959,0.0,,0.0,164.0,167.0,136.0,1.0,882.0,4,,,,,,,,,0,,,,,,,,,,,,,,,,,,,,,,,,,,,,,,,,,,,,,,,,,,,,,
2025,1,1,4,6,2025-01-04,YX,20452,YX,N401YX,4530,11066,1106606,31066,CMH,"Columbus, OH",OH,39,Ohio,44,11278,1127805,30852,DCA,"Washington, DC",VA,51,Virginia,38,1738,1732.0,-6.0,0.0,0.0,-1.0,1700-1759,10.0,1742.0,1830.0,4.0,1857,1834.0,-23.0,0.0,0.0,-2.0,1800-1859,0.0,,0.0,79.0,62.0,48.0,1.0,323.0,2,,,,,,,,,0,,,,,,,,,,,,,,,,,,,,,,,,,,,,,,,,,,,,,,,,,,,,,
2025,1,1,23,4,2025-01-23,MQ,20398,MQ,N280NN,3501,14107,1410702,30466,PHX,"Phoenix, AZ",AZ,4,Arizona,81,14489,1448903,34489,RDM,"Bend/Redmond, OR",OR,41,Oregon,92,2130,2123.0,-7.0,0.0,0.0,-1.0,2100-2159,24.0,2147.0,2303.0,4.0,2257,2307.0,10.0,10.0,0.0,0.0,2200-2259,0.0,,0.0,147.0,164.0,136.0,1.0,893.0,4,,,,,,,,,0,,,,,,,,,,,,,,,,,,,,,,,,,,,,,,,,,,,,,,,,,,,,,
2025,1,1,16,4,2025-01-16,AA,19805,AA,N703UW,2827,13303,1330303,32467,MIA,"Miami, FL",FL,12,Florida,33,13871,1387102,33316,OMA,"Omaha, NE",NE,31,Nebraska,65,1930,1922.0,-8.0,0.0,0.0,-1.0,1900-1959,17.0,1939.0,2157.0,5.0,2232,2202.0,-30.0,0.0,0.0,-2.0,2200-2259,0.0,,0.0,242.0,220.0,198.0,1.0,1393.0,6,,,,,,,,,0,,,,,,,,,,,,,,,,,,,,,,,,,,,,,,,,,,,,,,,,,,,,,
2025,1,1,28,2,2025-01-28,HA,19690,HA,N494HA,195,13830,1383002,33830,OGG,"Kahului, HI",HI,15,Hawaii,2,12173,1217305,32134,HNL,"Honolulu, HI",HI,15,Hawaii,2,1036,1029.0,-7.0,0.0,0.0,-1.0,1000-1059,12.0,1041.0,1112.0,6.0,1118,1118.0,0.0,0.0,0.0,0.0,1100-1159,0.0,,0.0,42.0,49.0,31.0,1.0,100.0,1,,,,,,,,,0,,,,,,,,,,,,,,,,,,,,,,,,,,,,,,,,,,,,,,,,,,,,,
2025,1,1,15,3,2025-01-15,WN,19393,WN,N8693A,3410,12191,1219103,31453,HOU,"Houston, TX",TX,48,Texas,74,14831,1483106,32457,SJC,"San Jose, CA",CA,6,California,91,955,957.0,2.0,2.0,0.0,0.0,0900-0959,9.0,1006.0,1150.0,7.0,1215,1157.0,-18.0,0.0,0.0,-2.0,1200-1259,0.0,,0.0,260.0,240.0,224.0,1.0,1621.0,7,,,,,,,,,0,,,,,,,,,,,,,,,,,,,,,,,,,,,,,,,,,,,,,,,,,,,,,
2025,1,1,16,4,2025-01-16,AA,19805,AA,N863NN,1985,13303,1330303,32467,MIA,"Miami, FL",FL,12,Florida,33,11278,1127805,30852,DCA,"Washington, DC",VA,51,Virginia,38,1716,1756.0,40.0,40.0,1.0,2.0,1700-1759,17.0,1813.0,2015.0,6.0,1959,2021.0,22.0,22.0,1.0,1.0,1900-1959,0.0,,0.0,163.0,145.0,122.0,1.0,919.0,4,0.0,0.0,0.0,0.0,22.0,,,,0,,,,,,,,,,,,,,,,,,,,,,,,,,,,,,,,,,,,,,,,,,,,,
2025,1,1,15,3,2025-01-15,DL,19790,DL,N545US,1168,11697,1169706,32467,FLL,"Fort Lauderdale, FL",FL,12,Florida,33,10397,1039707,30397,ATL,"Atlanta, GA",GA,13,Georgia,34,525,517.0,-8.0,0.0,0.0,-1.0,0001-0559,12.0,529.0,654.0,10.0,720,704.0,-16.0,0.0,0.0,-2.0,0700-0759,0.0,,0.0,115.0,107.0,85.0,1.0,581.0,3,,,,,,,,,0,,,,,,,,,,,,,,,,,,,,,,,,,,,,,,,,,,,,,,,,,,,,,
2025,1,1,24,5,2025-01-24,OO,20304,OO,N110SY,5549,14487,1448703,33792,RDD,"Redding, CA",CA,6,California,91,14771,1477104,32457,SFO,"San Francisco, CA",CA,6,California,91,600,556.0,-4.0,0.0,0.0,-1.0,0600-0659,12.0,608.0,653.0,27.0,716,720.0,4.0,4.0,0.0,0.0,0700-0759,0.0,,0.0,76.0,84.0,45.0,1.0,199.0,1,,,,,,,,,0,,,,,,,,,,,,,,,,,,,,,,,,,,,,,,,,,,,,,,,,,,,,,
2025,1,1,2,4,2025-01-02,HA,19690,HA,N475HA,107,12758,1275804,32758,KOA,"Kona, HI",HI,15,Hawaii,2,12173,1217305,32134,HNL,"Honolulu, HI",HI,15,Hawaii,2,600,555.0,-5.0,0.0,0.0,-1.0,0600-0659,12.0,607.0,641.0,10.0,648,651.0,3.0,3.0,0.0,0.0,0600-0659,0.0,,0.0,48.0,56.0,34.0,1.0,163.0,1,,,,,,,,,0,,,,,,,,,,,,,,,,,,,,,,,,,,,,,,,,,,,,,,,,,,,,,
2025,1,1,20,1,2025-01-20,OO,20304,OO,N692CA,4076,13487,1348702,31650,MSP,"Minneapolis, MN",MN,27,Minnesota,63,11637,1163703,31637,FAR,"Fargo, ND",ND,38,North Dakota,66,855,854.0,-1.0,0.0,0.0,-1.0,0800-0859,9.0,903.0,944.0,4.0,1017,948.0,-29.0,0.0,0.0,-2.0,1000-1059,0.0,,0.0,82.0,54.0,41.0,1.0,223.0,1,,,,,,,,,0,,,,,,,,,,,,,,,,,,,,,,,,,,,,,,,,,,,,,,,,,,,,,
2025,1,1,22,3,2025-01-22,WN,19393,WN,N200WN,711,14893,1489302,33192,SMF,"Sacramento, CA",CA,6,California,91,14679,1467903,33570,SAN,"San Diego, CA",CA,6,California,91,1330,1326.0,-4.0,0.0,0.0,-1.0,1300-1359,9.0,1335.0,1445.0,3.0,1500,1448.0,-12.0,0.0,0.0,-1.0,1500-1559,0.0,,0.0,90.0,82.0,70.0,1.0,480.0,2,,,,,,,,,0,,,,,,,,,,,,,,,,,,,,,,,,,,,,,,,,,,,,,,,,,,,,,
2025,1,1,7,2,2025-01-07,OO,20304,OO,N548CA,4048,10397,1039707,30397,ATL,"Atlanta, GA",GA,13,Georgia,34,11823,1182304,31823,FWA,"Fort Wayne, IN",IN,18,Indiana,42,1030,1547.0,317.0,317.0,1.0,12.0,1000-1059,13.0,1600.0,1713.0,3.0,1221,1716.0,295.0,295.0,1.0,12.0,1200-1259,0.0,,0.0,111.0,89.0,73.0,1.0,508.0,3,295.0,0.0,0.0,0.0,0.0,,,,0,,,,,,,,,,,,,,,,,,,,,,,,,,,,,,,,,,,,,,,,,,,,,
2025,1,1,16,4,2025-01-16,YX,20452,YX,N209JQ,5660,12339,1233904,32337,IND,"Indianapolis, IN",IN,18,Indiana,42,12953,1295304,31703,LGA,"New York, NY",NY,36,New York,22,755,745.0,-10.0,0.0,0.0,-1.0,0700-0759,23.0,808.0,944.0,9.0,1010,953.0,-17.0,0.0,0.0,-2.0,1000-1059,0.0,,0.0,135.0,128.0,96.0,1.0,660.0,3,,,,,,,,,0,,,,,,,,,,,,,,,,,,,,,,,,,,,,,,,,,,,,,,,,,,,,,
2025,1,1,5,7,2025-01-05,B6,20409,B6,N3195J,721,10721,1072102,30721,BOS,"Boston, MA",MA,25,Massachusetts,13,14027,1402702,34027,PBI,"West Palm Beach/Palm Beach, FL",FL,12,Florida,33,2030,23.0,233.0,233.0,1.0,12.0,2000-2059,12.0,35.0,343.0,3.0,2350,346.0,236.0,236.0,1.0,12.0,2300-2359,0.0,,0.0,200.0,203.0,188.0,1.0,1197.0,5,0.0,0.0,3.0,0.0,233.0,,,,0,,,,,,,,,,,,,,,,,,,,,,,,,,,,,,,,,,,,,,,,,,,,,
2025,1,1,24,5,2025-01-24,WN,19393,WN,N203WN,4354,14100,1410005,34100,PHL,"Philadelphia, PA",PA,42,Pennsylvania,23,10693,1069302,30693,BNA,"Nashville, TN",TN,47,Tennessee,54,1340,1349.0,9.0,9.0,0.0,0.0,1300-1359,9.0,1358.0,1448.0,5.0,1500,1453.0,-7.0,0.0,0.0,-1.0,1500-1559,0.0,,0.0,140.0,124.0,110.0,1.0,675.0,3,,,,,,,,,0,,,,,,,,,,,,,,,,,,,,,,,,,,,,,,,,,,,,,,,,,,,,,
2025,1,1,28,2,2025-01-28,DL,19790,DL,N360NB,948,11298,1129806,30194,DFW,"Dallas/Fort Worth, TX",TX,48,Texas,74,12892,1289208,32575,LAX,"Los Angeles, CA",CA,6,California,91,1600,1555.0,-5.0,0.0,0.0,-1.0,1600-1659,18.0,1613.0,1711.0,10.0,1731,1721.0,-10.0,0.0,0.0,-1.0,1700-1759,0.0,,0.0,211.0,206.0,178.0,1.0,1235.0,5,,,,,,,,,0,,,,,,,,,,,,,,,,,,,,,,,,,,,,,,,,,,,,,,,,,,,,,
2025,1,1,22,3,2025-01-22,UA,19977,UA,N37295,798,14908,1490803,32575,SNA,"Santa Ana, CA",CA,6,California,91,11292,1129202,30325,DEN,"Denver, CO",CO,8,Colorado,82,1055,1047.0,-8.0,0.0,0.0,-1.0,1000-1059,17.0,1104.0,1350.0,10.0,1417,1400.0,-17.0,0.0,0.0,-2.0,1400-1459,0.0,,0.0,142.0,133.0,106.0,1.0,846.0,4,,,,,,,,,0,,,,,,,,,,,,,,,,,,,,,,,,,,,,,,,,,,,,,,,,,,,,,
2025,1,1,14,2,2025-01-14,WN,19393,WN,N8640D,2251,14685,1468502,34685,SAV,"Savannah, GA",GA,13,Georgia,34,10821,1082106,30852,BWI,"Baltimore, MD",MD,24,Maryland,35,725,720.0,-5.0,0.0,0.0,-1.0,0700-0759,11.0,731.0,841.0,4.0,905,845.0,-20.0,0.0,0.0,-2.0,0900-0959,0.0,,0.0,100.0,85.0,70.0,1.0,549.0,3,,,,,,,,,0,,,,,,,,,,,,,,,,,,,,,,,,,,,,,,,,,,,,,,,,,,,,,
2025,1,1,30,4,2025-01-30,AA,19805,AA,N104UW,1443,11057,1105703,31057,CLT,"Charlotte, NC",NC,37,North Carolina,36,14986,1498603,34986,SRQ,"Sarasota/Bradenton, FL",FL,12,Florida,33,1726,1734.0,8.0,8.0,0.0,0.0,1700-1759,8.0,1742.0,1903.0,3.0,1919,1906.0,-13.0,0.0,0.0,-1.0,1900-1959,0.0,,0.0,113.0,92.0,81.0,1.0,547.0,3,,,,,,,,,0,,,,,,,,,,,,,,,,,,,,,,,,,,,,,,,,,,,,,,,,,,,,,
2025,1,1,9,4,2025-01-09,AA,19805,AA,N139AN,3178,11057,1105703,31057,CLT,"Charlotte, NC",NC,37,North Carolina,36,12889,1288904,32211,LAS,"Las Vegas, NV",NV,32,Nevada,85,722,711.0,-11.0,0.0,0.0,-1.0,0700-0759,25.0,736.0,919.0,10.0,921,929.0,8.0,8.0,0.0,0.0,0900-0959,0.0,,0.0,299.0,318.0,283.0,1.0,1916.0,8,,,,,,,,,0,,,,,,,,,,,,,,,,,,,,,,,,,,,,,,,,,,,,,,,,,,,,,
2025,1,1,23,4,2025-01-23,AS,19930,AS,N971AK,1454,14747,1474703,30559,SEA,"Seattle, WA",WA,53,Washington,93,14679,1467903,33570,SAN,"San Diego, CA",CA,6,California,91,1349,1344.0,-5.0,0.0,0.0,-1.0,1300-1359,16.0,1400.0,1616.0,3.0,1633,1619.0,-14.0,0.0,0.0,-1.0,1600-1659,0.0,,0.0,164.0,155.0,136.0,1.0,1050.0,5,,,,,,,,,0,,,,,,,,,,,,,,,,,,,,,,,,,,,,,,,,,,,,,,,,,,,,,
2025,1,1,16,4,2025-01-16,OO,20304,OO,N957SW,5039,11292,1129202,30325,DEN,"Denver, CO",CO,8,Colorado,82,12899,1289902,32899,LBF,"North Platte, NE",NE,31,Nebraska,65,1620,1614.0,-6.0,0.0,0.0,-1.0,1600-1659,21.0,1635.0,1815.0,5.0,1823,1820.0,-3.0,0.0,0.0,-1.0,1800-1859,0.0,,0.0,63.0,66.0,40.0,1.0,228.0,1,,,,,,,,,0,,,,,,,,,,,,,,,,,,,,,,,,,,,,,,,,,,,,,,,,,,,,,
2025,1,1,23,4,2025-01-23,OO,20304,OO,N960SW,5850,14783,1478302,34783,SGF,"Springfield, MO",MO,29,Missouri,64,13930,1393008,30977,ORD,"Chicago, IL",IL,17,Illinois,41,1437,1444.0,7.0,7.0,0.0,0.0,1400-1459,32.0,1516.0,1627.0,13.0,1625,1640.0,15.0,15.0,1.0,1.0,1600-1659,0.0,,0.0,108.0,116.0,71.0,1.0,438.0,2,7.0,0.0,8.0,0.0,0.0,,,,0,,,,,,,,,,,,,,,,,,,,,,,,,,,,,,,,,,,,,,,,,,,,,
2025,1,1,28,2,2025-01-28,NK,20416,NK,N614NK,376,13204,1320402,31454,MCO,"Orlando, FL",FL,12,Florida,33,13244,1324402,33244,MEM,"Memphis, TN",TN,47,Tennessee,54,1805,1755.0,-10.0,0.0,0.0,-1.0,1800-1859,14.0,1809.0,1908.0,8.0,1921,1916.0,-5.0,0.0,0.0,-1.0,1900-1959,0.0,,0.0,136.0,141.0,119.0,1.0,684.0,3,,,,,,,,,0,,,,,,,,,,,,,,,,,,,,,,,,,,,,,,,,,,,,,,,,,,,,,
2025,1,1,9,4,2025-01-09,UA,19977,UA,N66831,316,11292,1129202,30325,DEN,"Denver, CO",CO,8,Colorado,82,11697,1169706,32467,FLL,"Fort Lauderdale, FL",FL,12,Florida,33,1800,1833.0,33.0,33.0,1.0,2.0,1800-1859,12.0,1845.0,2.0,3.0,2355,5.0,10.0,10.0,0.0,0.0,2300-2359,0.0,,0.0,235.0,212.0,197.0,1.0,1703.0,7,,,,,,,,,0,,,,,,,,,,,,,,,,,,,,,,,,,,,,,,,,,,,,,,,,,,,,,
2025,1,1,13,1,2025-01-13,WN,19393,WN,N8708Q,2897,12889,1288904,32211,LAS,"Las Vegas, NV",NV,32,Nevada,85,12758,1275804,32758,KOA,"Kona, HI",HI,15,Hawaii,2,1120,1125.0,5.0,5.0,0.0,0.0,1100-1159,21.0,1146.0,1506.0,17.0,1550,1523.0,-27.0,0.0,0.0,-2.0,1500-1559,0.0,,0.0,390.0,358.0,320.0,1.0,2717.0,11,,,,,,,,,0,,,,,,,,,,,,,,,,,,,,,,,,,,,,,,,,,,,,,,,,,,,,,
2025,1,1,21,2,2025-01-21,WN,19393,WN,N8563Z,5315,10693,1069302,30693,BNA,"Nashville, TN",TN,47,Tennessee,54,14492,1449202,34492,RDU,"Raleigh/Durham, NC",NC,37,North Carolina,36,1050,1111.0,21.0,21.0,1.0,1.0,1000-1059,13.0,1124.0,1326.0,2.0,1325,1328.0,3.0,3.0,0.0,0.0,1300-1359,0.0,,0.0,95.0,77.0,62.0,1.0,442.0,2,,,,,,,,,0,,,,,,,,,,,,,,,,,,,,,,,,,,,,,,,,,,,,,,,,,,,,,
2025,1,1,29,3,2025-01-29,AS,19930,AS,N972AK,305,14747,1474703,30559,SEA,"Seattle, WA",WA,53,Washington,93,13303,1330303,32467,MIA,"Miami, FL",FL,12,Florida,33,756,757.0,1.0,1.0,0.0,0.0,0700-0759,27.0,824.0,1638.0,3.0,1655,1641.0,-14.0,0.0,0.0,-1.0,1600-1659,0.0,,0.0,359.0,344.0,314.0,1.0,2724.0,11,,,,,,,,,0,,,,,,,,,,,,,,,,,,,,,,,,,,,,,,,,,,,,,,,,,,,,,
2025,1,1,4,6,2025-01-04,G4,20368,G4,256NV,958,14082,1408203,34082,PGD,"Punta Gorda, FL",FL,12,Florida,33,11823,1182304,31823,FWA,"Fort Wayne, IN",IN,18,Indiana,42,1120,1113.0,-7.0,0.0,0.0,-1.0,1100-1159,16.0,1129.0,1358.0,20.0,1356,1418.0,22.0,22.0,1.0,1.0,1300-1359,0.0,,0.0,156.0,185.0,149.0,1.0,986.0,4,0.0,0.0,22.0,0.0,0.0,,,,0,,,,,,,,,,,,,,,,,,,,,,,,,,,,,,,,,,,,,,,,,,,,,
2025,1,1,30,4,2025-01-30,B6,20409,B6,N591JB,372,11697,1169706,32467,FLL,"Fort Lauderdale, FL",FL,12,Florida,33,12953,1295304,31703,LGA,"New York, NY",NY,36,New York,22,1300,1319.0,19.0,19.0,1.0,1.0,1300-1359,16.0,1335.0,1601.0,4.0,1557,1605.0,8.0,8.0,0.0,0.0,1500-1559,0.0,,0.0,177.0,166.0,146.0,1.0,1076.0,5,,,,,,,,,0,,,,,,,,,,,,,,,,,,,,,,,,,,,,,,,,,,,,,,,,,,,,,
2025,1,1,29,3,2025-01-29,AA,19805,AA,N861NN,3033,11057,1105703,31057,CLT,"Charlotte, NC",NC,37,North Carolina,36,11042,1104205,30647,CLE,"Cleveland, OH",OH,39,Ohio,44,1516,1504.0,-12.0,0.0,0.0,-1.0,1500-1559,24.0,1528.0,1640.0,7.0,1654,1647.0,-7.0,0.0,0.0,-1.0,1600-1659,0.0,,0.0,98.0,103.0,72.0,1.0,430.0,2,,,,,,,,,0,,,,,,,,,,,,,,,,,,,,,,,,,,,,,,,,,,,,,,,,,,,,,
2025,1,1,4,6,2025-01-04,AA,19805,AA,N534UW,798,11057,1105703,31057,CLT,"Charlotte, NC",NC,37,North Carolina,36,15304,1530402,33195,TPA,"Tampa, FL",FL,12,Florida,33,1221,1221.0,0.0,0.0,0.0,0.0,1200-1259,12.0,1233.0,1350.0,11.0,1404,1401.0,-3.0,0.0,0.0,-1.0,1400-1459,0.0,,0.0,103.0,100.0,77.0,1.0,507.0,3,,,,,,,,,0,,,,,,,,,,,,,,,,,,,,,,,,,,,,,,,,,,,,,,,,,,,,,
2025,1,1,29,3,2025-01-29,OO,20304,OO,N408SY,3365,14908,1490803,32575,SNA,"Santa Ana, CA",CA,6,California,91,14771,1477104,32457,SFO,"San Francisco, CA",CA,6,California,91,1259,1255.0,-4.0,0.0,0.0,-1.0,1200-1259,10.0,1305.0,1409.0,6.0,1435,1415.0,-20.0,0.0,0.0,-2.0,1400-1459,0.0,,0.0,96.0,80.0,64.0,1.0,372.0,2,,,,,,,,,0,,,,,,,,,,,,,,,,,,,,,,,,,,,,,,,,,,,,,,,,,,,,,
2025,1,1,22,3,2025-01-22,WN,19393,WN,,201,11259,1125904,30194,DAL,"Dallas, TX",TX,48,Texas,74,12191,1219103,31453,HOU,"Houston, TX",TX,48,Texas,74,630,,,,,,0600-0659,,,,,740,,,,,,0700-0759,1.0,B,0.0,70.0,,,1.0,239.0,1,,,,,,,,,0,,,,,,,,,,,,,,,,,,,,,,,,,,,,,,,,,,,,,,,,,,,,,
2025,1,1,26,7,2025-01-26,MQ,20398,MQ,N790MK,3835,13930,1393008,30977,ORD,"Chicago, IL",IL,17,Illinois,41,10792,1079206,30792,BUF,"Buffalo, NY",NY,36,New York,22,900,858.0,-2.0,0.0,0.0,-1.0,0900-0959,23.0,921.0,1125.0,3.0,1146,1128.0,-18.0,0.0,0.0,-2.0,1100-1159,0.0,,0.0,106.0,90.0,64.0,1.0,474.0,2,,,,,,,,,0,,,,,,,,,,,,,,,,,,,,,,,,,,,,,,,,,,,,,,,,,,,,,
2025,1,1,7,2,2025-01-07,WN,19393,WN,N8541W,3049,14057,1405702,34057,PDX,"Portland, OR",OR,41,Oregon,92,13232,1323202,30977,MDW,"Chicago, IL",IL,17,Illinois,41,900,900.0,0.0,0.0,0.0,0.0,0900-0959,14.0,914.0,1454.0,5.0,1455,1459.0,4.0,4.0,0.0,0.0,1400-1459,0.0,,0.0,235.0,239.0,220.0,1.0,1751.0,8,,,,,,,,,0,,,,,,,,,,,,,,,,,,,,,,,,,,,,,,,,,,,,,,,,,,,,,
2025,1,1,25,6,2025-01-25,UA,19977,UA,N78511,2393,15304,1530402,33195,TPA,"Tampa, FL",FL,12,Florida,33,12266,1226603,31453,IAH,"Houston, TX",TX,48,Texas,74,700,650.0,-10.0,0.0,0.0,-1.0,0700-0759,13.0,703.0,822.0,7.0,838,829.0,-9.0,0.0,0.0,-1.0,0800-0859,0.0,,0.0,158.0,159.0,139.0,1.0,787.0,4,,,,,,,,,0,,,,,,,,,,,,,,,,,,,,,,,,,,,,,,,,,,,,,,,,,,,,,
2025,1,1,30,4,2025-01-30,DL,19790,DL,N3772H,1567,13930,1393008,30977,ORD,"Chicago, IL",IL,17,Illinois,41,13487,1348702,31650,MSP,"Minneapolis, MN",MN,27,Minnesota,63,1215,1214.0,-1.0,0.0,0.0,-1.0,1200-1259,11.0,1225.0,1325.0,4.0,1350,1329.0,-21.0,0.0,0.0,-2.0,1300-1359,0.0,,0.0,95.0,75.0,60.0,1.0,334.0,2,,,,,,,,,0,,,,,,,,,,,,,,,,,,,,,,,,,,,,,,,,,,,,,,,,,,,,,
2025,1,1,19,7,2025-01-19,WN,19393,WN,N8788L,2819,11259,1125904,30194,DAL,"Dallas, TX",TX,48,Texas,74,10423,1042302,30423,AUS,"Austin, TX",TX,48,Texas,74,700,701.0,1.0,1.0,0.0,0.0,0700-0759,9.0,710.0,748.0,4.0,800,752.0,-8.0,0.0,0.0,-1.0,0800-0859,0.0,,0.0,60.0,51.0,38.0,1.0,189.0,1,,,,,,,,,0,,,,,,,,,,,,,,,,,,,,,,,,,,,,,,,,,,,,,,,,,,,,,
2025,1,1,7,2,2025-01-07,DL,19790,DL,N366NB,1091,14869,1486903,34614,SLC,"Salt Lake City, UT",UT,49,Utah,87,14771,1477104,32457,SFO,"San Francisco, CA",CA,6,California,91,2259,2310.0,11.0,11.0,0.0,0.0,2200-2259,30.0,2340.0,8.0,5.0,14,13.0,-1.0,0.0,0.0,-1.0,0001-0559,0.0,,0.0,135.0,123.0,88.0,1.0,599.0,3,,,,,,,,,0,,,,,,,,,,,,,,,,,,,,,,,,,,,,,,,,,,,,,,,,,,,,,
2025,1,1,16,4,2025-01-16,YX,20452,YX,N742YX,3562,11042,1104205,30647,CLE,"Cleveland, OH",OH,39,Ohio,44,11618,1161802,31703,EWR,"Newark, NJ",NJ,34,New Jersey,21,1325,1320.0,-5.0,0.0,0.0,-1.0,1300-1359,38.0,1358.0,1506.0,7.0,1504,1513.0,9.0,9.0,0.0,0.0,1500-1559,0.0,,0.0,99.0,113.0,68.0,1.0,404.0,2,,,,,,,,,0,,,,,,,,,,,,,,,,,,,,,,,,,,,,,,,,,,,,,,,,,,,,,
2025,1,1,1,3,2025-01-01,MQ,20398,MQ,N282NN,3791,10693,1069302,30693,BNA,"Nashville, TN",TN,47,Tennessee,54,15304,1530402,33195,TPA,"Tampa, FL",FL,12,Florida,33,1710,1715.0,5.0,5.0,0.0,0.0,1700-1759,16.0,1731.0,1958.0,10.0,2000,2008.0,8.0,8.0,0.0,0.0,2000-2059,0.0,,0.0,110.0,113.0,87.0,1.0,612.0,3,,,,,,,,,0,,,,,,,,,,,,,,,,,,,,,,,,,,,,,,,,,,,,,,,,,,,,,
2025,1,1,28,2,2025-01-28,WN,19393,WN,N7749B,2989,12191,1219103,31453,HOU,"Houston, TX",TX,48,Texas,74,12206,1220605,32206,HRL,"Harlingen/San Benito, TX",TX,48,Texas,74,855,850.0,-5.0,0.0,0.0,-1.0,0800-0859,11.0,901.0,1006.0,3.0,1010,1009.0,-1.0,0.0,0.0,-1.0,1000-1059,0.0,,0.0,75.0,79.0,65.0,1.0,277.0,2,,,,,,,,,0,,,,,,,,,,,,,,,,,,,,,,,,,,,,,,,,,,,,,,,,,,,,,
2025,1,1,19,7,2025-01-19,DL,19790,DL,N943DZ,3013,10397,1039707,30397,ATL,"Atlanta, GA",GA,13,Georgia,34,12339,1233904,32337,IND,"Indianapolis, IN",IN,18,Indiana,42,1121,1128.0,7.0,7.0,0.0,0.0,1100-1159,14.0,1142.0,1243.0,4.0,1255,1247.0,-8.0,0.0,0.0,-1.0,1200-1259,0.0,,0.0,94.0,79.0,61.0,1.0,432.0,2,,,,,,,,,0,,,,,,,,,,,,,,,,,,,,,,,,,,,,,,,,,,,,,,,,,,,,,
2025,1,1,8,3,2025-01-08,OH,20397,OH,N542EA,5207,11057,1105703,31057,CLT,"Charlotte, NC",NC,37,North Carolina,36,11146,1114608,31146,CRW,"Charleston/Dunbar, WV",WV,54,West Virginia,39,2128,2122.0,-6.0,0.0,0.0,-1.0,2100-2159,16.0,2138.0,2224.0,4.0,2243,2228.0,-15.0,0.0,0.0,-1.0,2200-2259,0.0,,0.0,75.0,66.0,46.0,1.0,221.0,1,,,,,,,,,0,,,,,,,,,,,,,,,,,,,,,,,,,,,,,,,,,,,,,,,,,,,,,
2025,1,1,12,7,2025-01-12,WN,19393,WN,N8873S,380,13487,1348702,31650,MSP,"Minneapolis, MN",MN,27,Minnesota,63,11292,1129202,30325,DEN,"Denver, CO",CO,8,Colorado,82,700,657.0,-3.0,0.0,0.0,-1.0,0700-0759,75.0,812.0,854.0,5.0,825,859.0,34.0,34.0,1.0,2.0,0800-0859,0.0,,0.0,145.0,182.0,102.0,1.0,680.0,3,0.0,0.0,34.0,0.0,0.0,,,,0,,,,,,,,,,,,,,,,,,,,,,,,,,,,,,,,,,,,,,,,,,,,,
2025,1,1,17,5,2025-01-17,G4,20368,G4,312NV,43,13244,1324402,33244,MEM,"Memphis, TN",TN,47,Tennessee,54,12889,1288904,32211,LAS,"Las Vegas, NV",NV,32,Nevada,85,1212,1202.0,-10.0,0.0,0.0,-1.0,1200-1259,13.0,1215.0,1329.0,6.0,1415,1335.0,-40.0,0.0,0.0,-2.0,1400-1459,0.0,,0.0,243.0,213.0,194.0,1.0,1416.0,6,,,,,,,,,0,,,,,,,,,,,,,,,,,,,,,,,,,,,,,,,,,,,,,,,,,,,,,
2025,1,1,27,1,2025-01-27,MQ,20398,MQ,N316GS,3781,10980,1098002,30980,CHA,"Chattanooga, TN",TN,47,Tennessee,54,11298,1129806,30194,DFW,"Dallas/Fort Worth, TX",TX,48,Texas,74,1755,1757.0,2.0,2.0,0.0,0.0,1700-1759,11.0,1808.0,1907.0,13.0,1927,1920.0,-7.0,0.0,0.0,-1.0,1900-1959,0.0,,0.0,152.0,143.0,119.0,1.0,695.0,3,,,,,,,,,0,,,,,,,,,,,,,,,,,,,,,,,,,,,,,,,,,,,,,,,,,,,,,
2025,1,1,3,5,2025-01-03,AA,19805,AA,N892NN,2284,13930,1393008,30977,ORD,"Chicago, IL",IL,17,Illinois,41,14107,1410702,30466,PHX,"Phoenix, AZ",AZ,4,Arizona,81,2025,2017.0,-8.0,0.0,0.0,-1.0,2000-2059,17.0,2034.0,2305.0,4.0,2329,2309.0,-20.0,0.0,0.0,-2.0,2300-2359,0.0,,0.0,244.0,232.0,211.0,1.0,1440.0,6,,,,,,,,,0,,,,,,,,,,,,,,,,,,,,,,,,,,,,,,,,,,,,,,,,,,,,,
2025,1,1,28,2,2025-01-28,MQ,20398,MQ,N310JZ,4009,14814,1481403,30476,SHV,"Shreveport, LA",LA,22,Louisiana,72,11298,1129806,30194,DFW,"Dallas/Fort Worth, TX",TX,48,Texas,74,1005,956.0,-9.0,0.0,0.0,-1.0,1000-1059,17.0,1013.0,1102.0,17.0,1123,1119.0,-4.0,0.0,0.0,-1.0,1100-1159,0.0,,0.0,78.0,83.0,49.0,1.0,190.0,1,,,,,,,,,0,,,,,,,,,,,,,,,,,,,,,,,,,,,,,,,,,,,,,,,,,,,,,
2025,1,1,24,5,2025-01-24,WN,19393,WN,N474WN,1410,14679,1467903,33570,SAN,"San Diego, CA",CA,6,California,91,12889,1288904,32211,LAS,"Las Vegas, NV",NV,32,Nevada,85,710,705.0,-5.0,0.0,0.0,-1.0,0700-0759,11.0,716.0,802.0,7.0,830,809.0,-21.0,0.0,0.0,-2.0,0800-0859,0.0,,0.0,80.0,64.0,46.0,1.0,258.0,2,,,,,,,,,0,,,,,,,,,,,,,,,,,,,,,,,,,,,,,,,,,,,,,,,,,,,,,
2025,1,1,9,4,2025-01-09,UA,19977,UA,N840UA,1975,13930,1393008,30977,ORD,"Chicago, IL",IL,17,Illinois,41,10397,1039707,30397,ATL,"Atlanta, GA",GA,13,Georgia,34,730,722.0,-8.0,0.0,0.0,-1.0,0700-0759,23.0,745.0,1014.0,5.0,1037,1019.0,-18.0,0.0,0.0,-2.0,1000-1059,0.0,,0.0,127.0,117.0,89.0,1.0,606.0,3,,,,,,,,,0,,,,,,,,,,,,,,,,,,,,,,,,,,,,,,,,,,,,,,,,,,,,,
2025,1,1,3,5,2025-01-03,OH,20397,OH,N615NN,5414,11057,1105703,31057,CLT,"Charlotte, NC",NC,37,North Carolina,36,13871,1387102,33316,OMA,"Omaha, NE",NE,31,Nebraska,65,1552,1630.0,38.0,38.0,1.0,2.0,1500-1559,30.0,1700.0,1837.0,4.0,1738,1841.0,63.0,63.0,1.0,4.0,1700-1759,0.0,,0.0,166.0,191.0,157.0,1.0,913.0,4,0.0,0.0,25.0,0.0,38.0,,,,0,,,,,,,,,,,,,,,,,,,,,,,,,,,,,,,,,,,,,,,,,,,,,
2025,1,1,5,7,2025-01-05,NK,20416,NK,N720NK,3153,14100,1410005,34100,PHL,"Philadelphia, PA",PA,42,Pennsylvania,23,10397,1039707,30397,ATL,"Atlanta, GA",GA,13,Georgia,34,1445,1443.0,-2.0,0.0,0.0,-1.0,1400-1459,14.0,1457.0,1655.0,19.0,1706,1714.0,8.0,8.0,0.0,0.0,1700-1759,0.0,,0.0,141.0,151.0,118.0,1.0,666.0,3,,,,,,,,,0,,,,,,,,,,,,,,,,,,,,,,,,,,,,,,,,,,,,,,,,,,,,,
2025,1,1,3,5,2025-01-03,OO,20304,OO,N718EV,4251,11013,1101303,31013,CIU,"Sault Ste. Marie, MI",MI,26,Michigan,43,13487,1348702,31650,MSP,"Minneapolis, MN",MN,27,Minnesota,63,700,701.0,1.0,1.0,0.0,0.0,0700-0759,54.0,755.0,802.0,10.0,802,812.0,10.0,10.0,0.0,0.0,0800-0859,0.0,,0.0,122.0,131.0,67.0,1.0,435.0,2,,,,,,,,,0,,,,,,,,,,,,,,,,,,,,,,,,,,,,,,,,,,,,,,,,,,,,,
2025,1,1,3,5,2025-01-03,WN,19393,WN,N7853B,3652,11292,1129202,30325,DEN,"Denver, CO",CO,8,Colorado,82,13851,1385103,33851,OKC,"Oklahoma City, OK",OK,40,Oklahoma,73,2205,2303.0,58.0,58.0,1.0,3.0,2200-2259,11.0,2314.0,119.0,4.0,35,123.0,48.0,48.0,1.0,3.0,0001-0559,0.0,,0.0,90.0,80.0,65.0,1.0,495.0,2,0.0,0.0,0.0,0.0,48.0,,,,0,,,,,,,,,,,,,,,,,,,,,,,,,,,,,,,,,,,,,,,,,,,,,
2025,1,1,1,3,2025-01-01,UA,19977,UA,N26970,2729,12892,1289208,32575,LAX,"Los Angeles, CA",CA,6,California,91,11618,1161802,31703,EWR,"Newark, NJ",NJ,34,New Jersey,21,1440,1515.0,35.0,35.0,1.0,2.0,1400-1459,16.0,1531.0,2247.0,10.0,2240,2257.0,17.0,17.0,1.0,1.0,2200-2259,0.0,,0.0,300.0,282.0,256.0,1.0,2454.0,10,17.0,0.0,0.0,0.0,0.0,,,,0,,,,,,,,,,,,,,,,,,,,,,,,,,,,,,,,,,,,,,,,,,,,,
2025,1,1,5,7,2025-01-05,AS,19930,AS,N264AK,1280,12892,1289208,32575,LAX,"Los Angeles, CA",CA,6,California,91,11884,1188402,31884,GEG,"Spokane, WA",WA,53,Washington,93,1949,1952.0,3.0,3.0,0.0,0.0,1900-1959,24.0,2016.0,2223.0,4.0,2236,2227.0,-9.0,0.0,0.0,-1.0,2200-2259,0.0,,0.0,167.0,155.0,127.0,1.0,945.0,4,,,,,,,,,0,,,,,,,,,,,,,,,,,,,,,,,,,,,,,,,,,,,,,,,,,,,,,
2025,1,1,24,5,2025-01-24,G4,20368,G4,333NV,11,12889,1288904,32211,LAS,"Las Vegas, NV",NV,32,Nevada,85,11003,1100303,31003,CID,"Cedar Rapids/Iowa City, IA",IA,19,Iowa,61,705,656.0,-9.0,0.0,0.0,-1.0,0700-0759,17.0,713.0,1147.0,5.0,1223,1152.0,-31.0,0.0,0.0,-2.0,1200-1259,0.0,,0.0,198.0,176.0,154.0,1.0,1319.0,6,,,,,,,,,0,,,,,,,,,,,,,,,,,,,,,,,,,,,,,,,,,,,,,,,,,,,,,
2025,1,1,9,4,2025-01-09,AA,19805,AA,N148AN,1212,11298,1129806,30194,DFW,"Dallas/Fort Worth, TX",TX,48,Texas,74,11057,1105703,31057,CLT,"Charlotte, NC",NC,37,North Carolina,36,1700,,,,,,1700-1759,,,,,2032,,,,,,2000-2059,1.0,B,0.0,152.0,,,1.0,936.0,4,,,,,,,,,0,,,,,,,,,,,,,,,,,,,,,,,,,,,,,,,,,,,,,,,,,,,,,
2025,1,1,18,6,2025-01-18,DL,19790,DL,N361NB,2592,14683,1468305,33214,SAT,"San Antonio, TX",TX,48,Texas,74,14869,1486903,34614,SLC,"Salt Lake City, UT",UT,49,Utah,87,745,734.0,-11.0,0.0,0.0,-1.0,0700-0759,11.0,745.0,918.0,11.0,957,929.0,-28.0,0.0,0.0,-2.0,0900-0959,0.0,,0.0,192.0,175.0,153.0,1.0,1087.0,5,,,,,,,,,0,,,,,,,,,,,,,,,,,,,,,,,,,,,,,,,,,,,,,,,,,,,,,
2025,1,1,30,4,2025-01-30,WN,19393,WN,N436WN,671,13796,1379610,32457,OAK,"Oakland, CA",CA,6,California,91,14908,1490803,32575,SNA,"Santa Ana, CA",CA,6,California,91,1315,1356.0,41.0,41.0,1.0,2.0,1300-1359,11.0,1407.0,1508.0,4.0,1445,1512.0,27.0,27.0,1.0,1.0,1400-1459,0.0,,0.0,90.0,76.0,61.0,1.0,371.0,2,8.0,0.0,0.0,0.0,19.0,,,,0,,,,,,,,,,,,,,,,,,,,,,,,,,,,,,,,,,,,,,,,,,,,,
2025,1,1,9,4,2025-01-09,DL,19790,DL,N912DU,2892,11066,1106606,31066,CMH,"Columbus, OH",OH,39,Ohio,44,10397,1039707,30397,ATL,"Atlanta, GA",GA,13,Georgia,34,1747,1758.0,11.0,11.0,0.0,0.0,1700-1759,9.0,1807.0,1914.0,7.0,1930,1921.0,-9.0,0.0,0.0,-1.0,1900-1959,0.0,,0.0,103.0,83.0,67.0,1.0,447.0,2,,,,,,,,,0,,,,,,,,,,,,,,,,,,,,,,,,,,,,,,,,,,,,,,,,,,,,,
2025,1,1,5,7,2025-01-05,YX,20452,YX,N824MD,5768,11278,1127805,30852,DCA,"Washington, DC",VA,51,Virginia,38,12953,1295304,31703,LGA,"New York, NY",NY,36,New York,22,2105,2110.0,5.0,5.0,0.0,0.0,2100-2159,9.0,2119.0,2157.0,7.0,2221,2204.0,-17.0,0.0,0.0,-2.0,2200-2259,0.0,,0.0,76.0,54.0,38.0,1.0,214.0,1,,,,,,,,,0,,,,,,,,,,,,,,,,,,,,,,,,,,,,,,,,,,,,,,,,,,,,,
2025,1,1,13,1,2025-01-13,AA,19805,AA,N575UW,1658,12892,1289208,32575,LAX,"Los Angeles, CA",CA,6,California,91,11298,1129806,30194,DFW,"Dallas/Fort Worth, TX",TX,48,Texas,74,1226,1219.0,-7.0,0.0,0.0,-1.0,1200-1259,12.0,1231.0,1657.0,6.0,1737,1703.0,-34.0,0.0,0.0,-2.0,1700-1759,0.0,,0.0,191.0,164.0,146.0,1.0,1235.0,5,,,,,,,,,0,,,,,,,,,,,,,,,,,,,,,,,,,,,,,,,,,,,,,,,,,,,,,
2025,1,1,22,3,2025-01-22,WN,19393,WN,N8933Q,1304,10721,1072102,30721,BOS,"Boston, MA",MA,25,Massachusetts,13,11292,1129202,30325,DEN,"Denver, CO",CO,8,Colorado,82,830,832.0,2.0,2.0,0.0,0.0,0800-0859,11.0,843.0,1044.0,12.0,1120,1056.0,-24.0,0.0,0.0,-2.0,1100-1159,0.0,,0.0,290.0,264.0,241.0,1.0,1754.0,8,,,,,,,,,0,,,,,,,,,,,,,,,,,,,,,,,,,,,,,,,,,,,,,,,,,,,,,
2025,1,1,2,4,2025-01-02,YX,20452,YX,N209JQ,5736,11278,1127805,30852,DCA,"Washington, DC",VA,51,Virginia,38,10721,1072102,30721,BOS,"Boston, MA",MA,25,Massachusetts,13,1200,1150.0,-10.0,0.0,0.0,-1.0,1200-1259,14.0,1204.0,1311.0,6.0,1339,1317.0,-22.0,0.0,0.0,-2.0,1300-1359,0.0,,0.0,99.0,87.0,67.0,1.0,399.0,2,,,,,,,,,0,,,,,,,,,,,,,,,,,,,,,,,,,,,,,,,,,,,,,,,,,,,,,
2025,1,1,31,5,2025-01-31,UA,19977,UA,N37525,2467,14027,1402702,34027,PBI,"West Palm Beach/Palm Beach, FL",FL,12,Florida,33,11618,1161802,31703,EWR,"Newark, NJ",NJ,34,New Jersey,21,1800,1851.0,51.0,51.0,1.0,3.0,1800-1859,13.0,1904.0,2123.0,23.0,2057,2146.0,49.0,49.0,1.0,3.0,2000-2059,0.0,,0.0,177.0,175.0,139.0,1.0,1023.0,5,3.0,0.0,0.0,0.0,46.0,,,,0,,,,,,,,,,,,,,,,,,,,,,,,,,,,,,,,,,,,,,,,,,,,,
2025,1,1,9,4,2025-01-09,F9,20436,F9,N337FR,2339,14100,1410005,34100,PHL,"Philadelphia, PA",PA,42,Pennsylvania,23,15304,1530402,33195,TPA,"Tampa, FL",FL,12,Florida,33,1747,1742.0,-5.0,0.0,0.0,-1.0,1700-1759,17.0,1759.0,2015.0,7.0,2033,2022.0,-11.0,0.0,0.0,-1.0,2000-2059,0.0,,0.0,166.0,160.0,136.0,1.0,920.0,4,,,,,,,,,0,,,,,,,,,,,,,,,,,,,,,,,,,,,,,,,,,,,,,,,,,,,,,
2025,1,1,8,3,2025-01-08,WN,19393,WN,N277WN,4340,14683,1468305,33214,SAT,"San Antonio, TX",TX,48,Texas,74,12892,1289208,32575,LAX,"Los Angeles, CA",CA,6,California,91,1410,1516.0,66.0,66.0,1.0,4.0,1400-1459,6.0,1522.0,1620.0,8.0,1535,1628.0,53.0,53.0,1.0,3.0,1500-1559,0.0,,0.0,205.0,192.0,178.0,1.0,1211.0,5,12.0,0.0,0.0,0.0,41.0,,,,0,,,,,,,,,,,,,,,,,,,,,,,,,,,,,,,,,,,,,,,,,,,,,
2025,1,1,25,6,2025-01-25,UA,19977,UA,N37547,679,14635,1463502,31714,RSW,"Fort Myers, FL",FL,12,Florida,33,11042,1104205,30647,CLE,"Cleveland, OH",OH,39,Ohio,44,1205,1251.0,46.0,46.0,1.0,3.0,1200-1259,17.0,1308.0,1519.0,5.0,1448,1524.0,36.0,36.0,1.0,2.0,1400-1459,0.0,,0.0,163.0,153.0,131.0,1.0,1025.0,5,0.0,0.0,0.0,0.0,36.0,,,,0,,,,,,,,,,,,,,,,,,,,,,,,,,,,,,,,,,,,,,,,,,,,,
2025,1,1,20,1,2025-01-20,OO,20304,OO,N793SK,5851,10372,1037205,30372,ASE,"Aspen, CO",CO,8,Colorado,82,12892,1289208,32575,LAX,"Los Angeles, CA",CA,6,California,91,1003,1228.0,145.0,145.0,1.0,9.0,1000-1059,14.0,1242.0,1323.0,5.0,1133,1328.0,115.0,115.0,1.0,7.0,1100-1159,0.0,,0.0,150.0,120.0,101.0,1.0,737.0,3,0.0,0.0,0.0,0.0,115.0,,,,0,,,,,,,,,,,,,,,,,,,,,,,,,,,,,,,,,,,,,,,,,,,,,
2025,1,1,12,7,2025-01-12,YX,20452,YX,N231JQ,5595,12451,1245102,31136,JAX,"Jacksonville, FL",FL,12,Florida,33,10721,1072102,30721,BOS,"Boston, MA",MA,25,Massachusetts,13,700,656.0,-4.0,0.0,0.0,-1.0,0700-0759,40.0,736.0,947.0,5.0,943,952.0,9.0,9.0,0.0,0.0,0900-0959,0.0,,0.0,163.0,176.0,131.0,1.0,1010.0,5,,,,,,,,,0,,,,,,,,,,,,,,,,,,,,,,,,,,,,,,,,,,,,,,,,,,,,,
2025,1,1,3,5,2025-01-03,DL,19790,DL,N516DA,1797,12478,1247805,31703,JFK,"New York, NY",NY,36,New York,22,14843,1484306,34819,SJU,"San Juan, PR",PR,72,Puerto Rico,3,2115,2110.0,-5.0,0.0,0.0,-1.0,2100-2159,25.0,2135.0,201.0,3.0,218,204.0,-14.0,0.0,0.0,-1.0,0001-0559,0.0,,0.0,243.0,234.0,206.0,1.0,1598.0,7,,,,,,,,,0,,,,,,,,,,,,,,,,,,,,,,,,,,,,,,,,,,,,,,,,,,,,,
2025,1,1,18,6,2025-01-18,DL,19790,DL,N394DX,1619,13487,1348702,31650,MSP,"Minneapolis, MN",MN,27,Minnesota,63,11697,1169706,32467,FLL,"Fort Lauderdale, FL",FL,12,Florida,33,1325,1323.0,-2.0,0.0,0.0,-1.0,1300-1359,11.0,1334.0,1747.0,7.0,1806,1754.0,-12.0,0.0,0.0,-1.0,1800-1859,0.0,,0.0,221.0,211.0,193.0,1.0,1487.0,6,,,,,,,,,0,,,,,,,,,,,,,,,,,,,,,,,,,,,,,,,,,,,,,,,,,,,,,
2025,1,1,27,1,2025-01-27,DL,19790,DL,N580DT,1662,14869,1486903,34614,SLC,"Salt Lake City, UT",UT,49,Utah,87,12889,1288904,32211,LAS,"Las Vegas, NV",NV,32,Nevada,85,2255,2248.0,-7.0,0.0,0.0,-1.0,2200-2259,11.0,2259.0,2256.0,6.0,2335,2302.0,-33.0,0.0,0.0,-2.0,2300-2359,0.0,,0.0,100.0,74.0,57.0,1.0,368.0,2,,,,,,,,,0,,,,,,,,,,,,,,,,,,,,,,,,,,,,,,,,,,,,,,,,,,,,,
2025,1,1,16,4,2025-01-16,WN,19393,WN,N435WN,1769,11066,1106606,31066,CMH,"Columbus, OH",OH,39,Ohio,44,12889,1288904,32211,LAS,"Las Vegas, NV",NV,32,Nevada,85,600,556.0,-4.0,0.0,0.0,-1.0,0600-0659,30.0,626.0,724.0,4.0,755,728.0,-27.0,0.0,0.0,-2.0,0700-0759,0.0,,0.0,295.0,272.0,238.0,1.0,1771.0,8,,,,,,,,,0,,,,,,,,,,,,,,,,,,,,,,,,,,,,,,,,,,,,,,,,,,,,,
2025,1,1,11,6,2025-01-11,UA,19977,UA,N26208,1563,12266,1226603,31453,IAH,"Houston, TX",TX,48,Texas,74,13891,1389101,32575,ONT,"Ontario, CA",CA,6,California,91,2015,2013.0,-2.0,0.0,0.0,-1.0,2000-2059,30.0,2043.0,2200.0,3.0,2157,2203.0,6.0,6.0,0.0,0.0,2100-2159,0.0,,0.0,222.0,230.0,197.0,1.0,1334.0,6,,,,,,,,,0,,,,,,,,,,,,,,,,,,,,,,,,,,,,,,,,,,,,,,,,,,,,,
2025,1,1,24,5,2025-01-24,OO,20304,OO,N610UX,5951,14487,1448703,33792,RDD,"Redding, CA",CA,6,California,91,12892,1289208,32575,LAX,"Los Angeles, CA",CA,6,California,91,1934,1919.0,-15.0,0.0,0.0,-1.0,1900-1959,14.0,1933.0,2052.0,12.0,2122,2104.0,-18.0,0.0,0.0,-2.0,2100-2159,0.0,,0.0,108.0,105.0,79.0,1.0,501.0,3,,,,,,,,,0,,,,,,,,,,,,,,,,,,,,,,,,,,,,,,,,,,,,,,,,,,,,,
2025,1,1,18,6,2025-01-18,UA,19977,UA,N14518,2039,13930,1393008,30977,ORD,"Chicago, IL",IL,17,Illinois,41,13204,1320402,31454,MCO,"Orlando, FL",FL,12,Florida,33,1808,1817.0,9.0,9.0,0.0,0.0,1800-1859,25.0,1842.0,2151.0,4.0,2200,2155.0,-5.0,0.0,0.0,-1.0,2200-2259,0.0,,0.0,172.0,158.0,129.0,1.0,1005.0,5,,,,,,,,,0,,,,,,,,,,,,,,,,,,,,,,,,,,,,,,,,,,,,,,,,,,,,,
2025,1,1,28,2,2025-01-28,NK,20416,NK,N617NK,924,10821,1082106,30852,BWI,"Baltimore, MD",MD,24,Maryland,35,12889,1288904,32211,LAS,"Las Vegas, NV",NV,32,Nevada,85,1244,1237.0,-7.0,0.0,0.0,-1.0,1200-1259,10.0,1247.0,1443.0,4.0,1513,1447.0,-26.0,0.0,0.0,-2.0,1500-1559,0.0,,0.0,329.0,310.0,296.0,1.0,2106.0,9,,,,,,,,,0,,,,,,,,,,,,,,,,,,,,,,,,,,,,,,,,,,,,,,,,,,,,,
2025,1,1,13,1,2025-01-13,AA,19805,AA,N652AW,1070,11884,1188402,31884,GEG,"Spokane, WA",WA,53,Washington,93,14107,1410702,30466,PHX,"Phoenix, AZ",AZ,4,Arizona,81,1521,1511.0,-10.0,0.0,0.0,-1.0,1500-1559,15.0,1526.0,1827.0,6.0,1855,1833.0,-22.0,0.0,0.0,-2.0,1800-1859,0.0,,0.0,154.0,142.0,121.0,1.0,1020.0,5,,,,,,,,,0,,,,,,,,,,,,,,,,,,,,,,,,,,,,,,,,,,,,,,,,,,,,,
2025,1,1,2,4,2025-01-02,OH,20397,OH,N609NN,5066,11298,1129806,30194,DFW,"Dallas/Fort Worth, TX",TX,48,Texas,74,12278,1227805,30928,ICT,"Wichita, KS",KS,20,Kansas,62,2233,2225.0,-8.0,0.0,0.0,-1.0,2200-2259,24.0,2249.0,2350.0,14.0,2359,4.0,5.0,5.0,0.0,0.0,2300-2359,0.0,,0.0,86.0,99.0,61.0,1.0,328.0,2,,,,,,,,,0,,,,,,,,,,,,,,,,,,,,,,,,,,,,,,,,,,,,,,,,,,,,,
2025,1,1,5,7,2025-01-05,WN,19393,WN,N8626B,568,14635,1463502,31714,RSW,"Fort Myers, FL",FL,12,Florida,33,10693,1069302,30693,BNA,"Nashville, TN",TN,47,Tennessee,54,740,740.0,0.0,0.0,0.0,0.0,0700-0759,10.0,750.0,832.0,6.0,850,838.0,-12.0,0.0,0.0,-1.0,0800-0859,0.0,,0.0,130.0,118.0,102.0,1.0,722.0,3,,,,,,,,,0,,,,,,,,,,,,,,,,,,,,,,,,,,,,,,,,,,,,,,,,,,,,,
2025,1,1,15,3,2025-01-15,AA,19805,AA,N836NN,985,13204,1320402,31454,MCO,"Orlando, FL",FL,12,Florida,33,13930,1393008,30977,ORD,"Chicago, IL",IL,17,Illinois,41,1325,1335.0,10.0,10.0,0.0,0.0,1300-1359,19.0,1354.0,1520.0,6.0,1523,1526.0,3.0,3.0,0.0,0.0,1500-1559,0.0,,0.0,178.0,171.0,146.0,1.0,1005.0,5,,,,,,,,,0,,,,,,,,,,,,,,,,,,,,,,,,,,,,,,,,,,,,,,,,,,,,,
2025,1,1,30,4,2025-01-30,AS,19930,AS,N703AL,139,12892,1289208,32575,LAX,"Los Angeles, CA",CA,6,California,91,14057,1405702,34057,PDX,"Portland, OR",OR,41,Oregon,92,1730,1723.0,-7.0,0.0,0.0,-1.0,1700-1759,21.0,1744.0,1943.0,4.0,2007,1947.0,-20.0,0.0,0.0,-2.0,2000-2059,0.0,,0.0,157.0,144.0,119.0,1.0,834.0,4,,,,,,,,,0,,,,,,,,,,,,,,,,,,,,,,,,,,,,,,,,,,,,,,,,,,,,,
2025,1,1,3,5,2025-01-03,WN,19393,WN,N8868L,802,11292,1129202,30325,DEN,"Denver, CO",CO,8,Colorado,82,14771,1477104,32457,SFO,"San Francisco, CA",CA,6,California,91,755,839.0,44.0,44.0,1.0,2.0,0700-0759,30.0,909.0,1027.0,6.0,945,1033.0,48.0,48.0,1.0,3.0,0900-0959,0.0,,0.0,170.0,174.0,138.0,1.0,967.0,4,44.0,0.0,4.0,0.0,0.0,,,,0,,,,,,,,,,,,,,,,,,,,,,,,,,,,,,,,,,,,,,,,,,,,,
2025,1,1,2,4,2025-01-02,DL,19790,DL,N960AT,3118,10397,1039707,30397,ATL,"Atlanta, GA",GA,13,Georgia,34,13360,1336004,33360,MLB,"Melbourne, FL",FL,12,Florida,33,856,849.0,-7.0,0.0,0.0,-1.0,0800-0859,23.0,912.0,1020.0,6.0,1029,1026.0,-3.0,0.0,0.0,-1.0,1000-1059,0.0,,0.0,93.0,97.0,68.0,1.0,442.0,2,,,,,,,,,0,,,,,,,,,,,,,,,,,,,,,,,,,,,,,,,,,,,,,,,,,,,,,
2025,1,1,31,5,2025-01-31,AS,19930,AS,N924AK,834,12173,1217305,32134,HNL,"Honolulu, HI",HI,15,Hawaii,2,14057,1405702,34057,PDX,"Portland, OR",OR,41,Oregon,92,1406,,,,,,1400-1459,,,,,2141,,,,,,2100-2159,1.0,A,0.0,335.0,,,1.0,2603.0,11,,,,,,,,,0,,,,,,,,,,,,,,,,,,,,,,,,,,,,,,,,,,,,,,,,,,,,,
2025,1,1,28,2,2025-01-28,YX,20452,YX,N137HQ,4416,13930,1393008,30977,ORD,"Chicago, IL",IL,17,Illinois,41,10821,1082106,30852,BWI,"Baltimore, MD",MD,24,Maryland,35,1800,1751.0,-9.0,0.0,0.0,-1.0,1800-1859,12.0,1803.0,2022.0,6.0,2103,2028.0,-35.0,0.0,0.0,-2.0,2100-2159,0.0,,0.0,123.0,97.0,79.0,1.0,622.0,3,,,,,,,,,0,,,,,,,,,,,,,,,,,,,,,,,,,,,,,,,,,,,,,,,,,,,,,
2025,1,1,15,3,2025-01-15,DL,19790,DL,N378DN,1381,14635,1463502,31714,RSW,"Fort Myers, FL",FL,12,Florida,33,13487,1348702,31650,MSP,"Minneapolis, MN",MN,27,Minnesota,63,1607,1600.0,-7.0,0.0,0.0,-1.0,1600-1659,11.0,1611.0,1831.0,17.0,1854,1848.0,-6.0,0.0,0.0,-1.0,1800-1859,0.0,,0.0,227.0,228.0,200.0,1.0,1416.0,6,,,,,,,,,0,,,,,,,,,,,,,,,,,,,,,,,,,,,,,,,,,,,,,,,,,,,,,
2025,1,1,2,4,2025-01-02,WN,19393,WN,N8927Q,1170,13796,1379610,32457,OAK,"Oakland, CA",CA,6,California,91,14570,1457002,34570,RNO,"Reno, NV",NV,32,Nevada,85,855,852.0,-3.0,0.0,0.0,-1.0,0800-0859,13.0,905.0,939.0,5.0,955,944.0,-11.0,0.0,0.0,-1.0,0900-0959,0.0,,0.0,60.0,52.0,34.0,1.0,181.0,1,,,,,,,,,0,,,,,,,,,,,,,,,,,,,,,,,,,,,,,,,,,,,,,,,,,,,,,
2025,1,1,30,4,2025-01-30,OO,20304,OO,N724SK,6447,14674,1467402,34674,SAF,"Santa Fe, NM",NM,35,New Mexico,86,11298,1129806,30194,DFW,"Dallas/Fort Worth, TX",TX,48,Texas,74,1243,,,,,,1200-1259,,,,,1542,,,,,,1500-1559,1.0,B,0.0,119.0,,,1.0,551.0,3,,,,,,,,,0,,,,,,,,,,,,,,,,,,,,,,,,,,,,,,,,,,,,,,,,,,,,,
2025,1,1,19,7,2025-01-19,OH,20397,OH,N610NN,5530,11057,1105703,31057,CLT,"Charlotte, NC",NC,37,North Carolina,36,10431,1043106,30431,AVL,"Asheville, NC",NC,37,North Carolina,36,1449,1443.0,-6.0,0.0,0.0,-1.0,1400-1459,31.0,1514.0,1539.0,5.0,1544,1544.0,0.0,0.0,0.0,0.0,1500-1559,0.0,,0.0,55.0,61.0,25.0,1.0,91.0,1,,,,,,,,,0,,,,,,,,,,,,,,,,,,,,,,,,,,,,,,,,,,,,,,,,,,,,,
2025,1,1,13,1,2025-01-13,WN,19393,WN,N232WN,431,11292,1129202,30325,DEN,"Denver, CO",CO,8,Colorado,82,13871,1387102,33316,OMA,"Omaha, NE",NE,31,Nebraska,65,940,936.0,-4.0,0.0,0.0,-1.0,0900-0959,14.0,950.0,1151.0,3.0,1210,1154.0,-16.0,0.0,0.0,-2.0,1200-1259,0.0,,0.0,90.0,78.0,61.0,1.0,472.0,2,,,,,,,,,0,,,,,,,,,,,,,,,,,,,,,,,,,,,,,,,,,,,,,,,,,,,,,
2025,1,1,13,1,2025-01-13,UA,19977,UA,N454UA,1767,14893,1489302,33192,SMF,"Sacramento, CA",CA,6,California,91,11292,1129202,30325,DEN,"Denver, CO",CO,8,Colorado,82,520,509.0,-11.0,0.0,0.0,-1.0,0001-0559,12.0,521.0,824.0,8.0,846,832.0,-14.0,0.0,0.0,-1.0,0800-0859,0.0,,0.0,146.0,143.0,123.0,1.0,909.0,4,,,,,,,,,0,,,,,,,,,,,,,,,,,,,,,,,,,,,,,,,,,,,,,,,,,,,,,
2025,1,1,31,5,2025-01-31,OO,20304,OO,N787SK,4796,12892,1289208,32575,LAX,"Los Angeles, CA",CA,6,California,91,14689,1468902,34689,SBA,"Santa Barbara, CA",CA,6,California,91,2300,2255.0,-5.0,0.0,0.0,-1.0,2300-2359,31.0,2326.0,2348.0,4.0,2359,2352.0,-7.0,0.0,0.0,-1.0,2300-2359,0.0,,0.0,59.0,57.0,22.0,1.0,89.0,1,,,,,,,,,0,,,,,,,,,,,,,,,,,,,,,,,,,,,,,,,,,,,,,,,,,,,,,
2025,1,1,3,5,2025-01-03,G4,20368,G4,277NV,1121,14122,1412202,30198,PIT,"Pittsburgh, PA",PA,42,Pennsylvania,23,14986,1498603,34986,SRQ,"Sarasota/Bradenton, FL",FL,12,Florida,33,1701,1700.0,-1.0,0.0,0.0,-1.0,1700-1759,28.0,1728.0,1930.0,7.0,1940,1937.0,-3.0,0.0,0.0,-1.0,1900-1959,0.0,,0.0,159.0,157.0,122.0,1.0,912.0,4,,,,,,,,,0,,,,,,,,,,,,,,,,,,,,,,,,,,,,,,,,,,,,,,,,,,,,,
2025,1,1,4,6,2025-01-04,OO,20304,OO,N260SY,3765,14869,1486903,34614,SLC,"Salt Lake City, UT",UT,49,Utah,87,14679,1467903,33570,SAN,"San Diego, CA",CA,6,California,91,930,929.0,-1.0,0.0,0.0,-1.0,0900-0959,57.0,1026.0,1049.0,2.0,1045,1051.0,6.0,6.0,0.0,0.0,1000-1059,0.0,,0.0,135.0,142.0,83.0,1.0,626.0,3,,,,,,,,,0,,,,,,,,,,,,,,,,,,,,,,,,,,,,,,,,,,,,,,,,,,,,,
2025,1,1,30,4,2025-01-30,OO,20304,OO,N914EV,5135,13930,1393008,30977,ORD,"Chicago, IL",IL,17,Illinois,41,13211,1321105,33211,MCW,"Mason City, IA",IA,19,Iowa,61,745,735.0,-10.0,0.0,0.0,-1.0,0700-0759,15.0,750.0,845.0,5.0,917,850.0,-27.0,0.0,0.0,-2.0,0900-0959,0.0,,0.0,92.0,75.0,55.0,1.0,288.0,2,,,,,,,,,0,,,,,,,,,,,,,,,,,,,,,,,,,,,,,,,,,,,,,,,,,,,,,
2025,1,1,8,3,2025-01-08,OO,20304,OO,N925EV,5098,11292,1129202,30325,DEN,"Denver, CO",CO,8,Colorado,82,11315,1131504,31315,DIK,"Dickinson, ND",ND,38,North Dakota,66,1335,1331.0,-4.0,0.0,0.0,-1.0,1300-1359,16.0,1347.0,1458.0,5.0,1524,1503.0,-21.0,0.0,0.0,-2.0,1500-1559,0.0,,0.0,109.0,92.0,71.0,1.0,488.0,2,,,,,,,,,0,,,,,,,,,,,,,,,,,,,,,,,,,,,,,,,,,,,,,,,,,,,,,
2025,1,1,22,3,2025-01-22,AA,19805,AA,N804AW,2320,11057,1105703,31057,CLT,"Charlotte, NC",NC,37,North Carolina,36,14576,1457607,34576,ROC,"Rochester, NY",NY,36,New York,22,1504,1500.0,-4.0,0.0,0.0,-1.0,1500-1559,15.0,1515.0,1631.0,7.0,1652,1638.0,-14.0,0.0,0.0,-1.0,1600-1659,0.0,,0.0,108.0,98.0,76.0,1.0,573.0,3,,,,,,,,,0,,,,,,,,,,,,,,,,,,,,,,,,,,,,,,,,,,,,,,,,,,,,,
2025,1,1,25,6,2025-01-25,DL,19790,DL,N317DU,1222,14831,1483106,32457,SJC,"San Jose, CA",CA,6,California,91,14869,1486903,34614,SLC,"Salt Lake City, UT",UT,49,Utah,87,1710,1659.0,-11.0,0.0,0.0,-1.0,1700-1759,11.0,1710.0,1936.0,10.0,2013,1946.0,-27.0,0.0,0.0,-2.0,2000-2059,0.0,,0.0,123.0,107.0,86.0,1.0,584.0,3,,,,,,,,,0,,,,,,,,,,,,,,,,,,,,,,,,,,,,,,,,,,,,,,,,,,,,,
2025,1,1,10,5,2025-01-10,HA,19690,HA,N495HA,525,13830,1383002,33830,OGG,"Kahului, HI",HI,15,Hawaii,2,12173,1217305,32134,HNL,"Honolulu, HI",HI,15,Hawaii,2,1920,1921.0,1.0,1.0,0.0,0.0,1900-1959,8.0,1929.0,1953.0,6.0,1959,1959.0,0.0,0.0,0.0,0.0,1900-1959,0.0,,0.0,39.0,38.0,24.0,1.0,100.0,1,,,,,,,,,0,,,,,,,,,,,,,,,,,,,,,,,,,,,,,,,,,,,,,,,,,,,,,
2025,1,1,9,4,2025-01-09,DL,19790,DL,N939DZ,1666,13244,1324402,33244,MEM,"Memphis, TN",TN,47,Tennessee,54,10397,1039707,30397,ATL,"Atlanta, GA",GA,13,Georgia,34,600,558.0,-2.0,0.0,0.0,-1.0,0600-0659,49.0,647.0,835.0,9.0,823,844.0,21.0,21.0,1.0,1.0,0800-0859,0.0,,0.0,83.0,106.0,48.0,1.0,332.0,2,0.0,0.0,21.0,0.0,0.0,,,,0,,,,,,,,,,,,,,,,,,,,,,,,,,,,,,,,,,,,,,,,,,,,,
2025,1,1,12,7,2025-01-12,YX,20452,YX,N753YX,3412,14730,1473004,33044,SDF,"Louisville, KY",KY,21,Kentucky,52,11618,1161802,31703,EWR,"Newark, NJ",NJ,34,New Jersey,21,1520,1515.0,-5.0,0.0,0.0,-1.0,1500-1559,9.0,1524.0,1656.0,25.0,1740,1721.0,-19.0,0.0,0.0,-2.0,1700-1759,0.0,,0.0,140.0,126.0,92.0,1.0,642.0,3,,,,,,,,,0,,,,,,,,,,,,,,,,,,,,,,,,,,,,,,,,,,,,,,,,,,,,,
2025,1,1,12,7,2025-01-12,UA,19977,UA,N880UA,2033,14771,1477104,32457,SFO,"San Francisco, CA",CA,6,California,91,13891,1389101,32575,ONT,"Ontario, CA",CA,6,California,91,825,819.0,-6.0,0.0,0.0,-1.0,0800-0859,18.0,837.0,937.0,5.0,951,942.0,-9.0,0.0,0.0,-1.0,0900-0959,0.0,,0.0,86.0,83.0,60.0,1.0,363.0,2,,,,,,,,,0,,,,,,,,,,,,,,,,,,,,,,,,,,,,,,,,,,,,,,,,,,,,,
2025,1,1,23,4,2025-01-23,UA,19977,UA,N35407,496,12266,1226603,31453,IAH,"Houston, TX",TX,48,Texas,74,13204,1320402,31454,MCO,"Orlando, FL",FL,12,Florida,33,1428,1429.0,1.0,1.0,0.0,0.0,1400-1459,16.0,1445.0,1727.0,7.0,1753,1734.0,-19.0,0.0,0.0,-2.0,1700-1759,0.0,,0.0,145.0,125.0,102.0,1.0,854.0,4,,,,,,,,,0,,,,,,,,,,,,,,,,,,,,,,,,,,,,,,,,,,,,,,,,,,,,,
2025,1,1,25,6,2025-01-25,NK,20416,NK,N740NK,1314,12266,1226603,31453,IAH,"Houston, TX",TX,48,Texas,74,13204,1320402,31454,MCO,"Orlando, FL",FL,12,Florida,33,1408,1407.0,-1.0,0.0,0.0,-1.0,1400-1459,11.0,1418.0,1659.0,8.0,1729,1707.0,-22.0,0.0,0.0,-2.0,1700-1759,0.0,,0.0,141.0,120.0,101.0,1.0,854.0,4,,,,,,,,,0,,,,,,,,,,,,,,,,,,,,,,,,,,,,,,,,,,,,,,,,,,,,,
2025,1,1,31,5,2025-01-31,WN,19393,WN,N8734Q,1943,13232,1323202,30977,MDW,"Chicago, IL",IL,17,Illinois,41,12889,1288904,32211,LAS,"Las Vegas, NV",NV,32,Nevada,85,1235,1245.0,10.0,10.0,0.0,0.0,1200-1259,12.0,1257.0,1407.0,13.0,1440,1420.0,-20.0,0.0,0.0,-2.0,1400-1459,0.0,,0.0,245.0,215.0,190.0,1.0,1521.0,7,,,,,,,,,0,,,,,,,,,,,,,,,,,,,,,,,,,,,,,,,,,,,,,,,,,,,,,
2025,1,1,19,7,2025-01-19,YX,20452,YX,N742YX,3568,12264,1226402,30852,IAD,"Washington, DC",VA,51,Virginia,38,11042,1104205,30647,CLE,"Cleveland, OH",OH,39,Ohio,44,2215,,,,,,2200-2259,,,,,2340,,,,,,2300-2359,1.0,B,0.0,85.0,,,1.0,288.0,2,,,,,,,,,0,,,,,,,,,,,,,,,,,,,,,,,,,,,,,,,,,,,,,,,,,,,,,
2025,1,1,5,7,2025-01-05,WN,19393,WN,N220WN,1615,11259,1125904,30194,DAL,"Dallas, TX",TX,48,Texas,74,13204,1320402,31454,MCO,"Orlando, FL",FL,12,Florida,33,745,750.0,5.0,5.0,0.0,0.0,0700-0759,19.0,809.0,1114.0,6.0,1115,1120.0,5.0,5.0,0.0,0.0,1100-1159,0.0,,0.0,150.0,150.0,125.0,1.0,973.0,4,,,,,,,,,0,,,,,,,,,,,,,,,,,,,,,,,,,,,,,,,,,,,,,,,,,,,,,
2025,1,1,3,5,2025-01-03,AS,19930,AS,N528AS,1290,14747,1474703,30559,SEA,"Seattle, WA",WA,53,Washington,93,10800,1080003,32575,BUR,"Burbank, CA",CA,6,California,91,609,600.0,-9.0,0.0,0.0,-1.0,0600-0659,21.0,621.0,841.0,4.0,843,845.0,2.0,2.0,0.0,0.0,0800-0859,0.0,,0.0,154.0,165.0,140.0,1.0,937.0,4,,,,,,,,,0,,,,,,,,,,,,,,,,,,,,,,,,,,,,,,,,,,,,,,,,,,,,,
2025,1,1,5,7,2025-01-05,UA,19977,UA,N27260,2078,12266,1226603,31453,IAH,"Houston, TX",TX,48,Texas,74,14107,1410702,30466,PHX,"Phoenix, AZ",AZ,4,Arizona,81,1950,2024.0,34.0,34.0,1.0,2.0,1900-1959,20.0,2044.0,2205.0,6.0,2152,2211.0,19.0,19.0,1.0,1.0,2100-2159,0.0,,0.0,182.0,167.0,141.0,1.0,1009.0,5,19.0,0.0,0.0,0.0,0.0,,,,0,,,,,,,,,,,,,,,,,,,,,,,,,,,,,,,,,,,,,,,,,,,,,
2025,1,1,15,3,2025-01-15,OO,20304,OO,N508SY,4938,14869,1486903,34614,SLC,"Salt Lake City, UT",UT,49,Utah,87,12892,1289208,32575,LAX,"Los Angeles, CA",CA,6,California,91,1757,1747.0,-10.0,0.0,0.0,-1.0,1700-1759,16.0,1803.0,1825.0,11.0,1909,1836.0,-33.0,0.0,0.0,-2.0,1900-1959,0.0,,0.0,132.0,109.0,82.0,1.0,590.0,3,,,,,,,,,0,,,,,,,,,,,,,,,,,,,,,,,,,,,,,,,,,,,,,,,,,,,,,
2025,1,1,4,6,2025-01-04,UA,19977,UA,N444UA,1540,13930,1393008,30977,ORD,"Chicago, IL",IL,17,Illinois,41,14747,1474703,30559,SEA,"Seattle, WA",WA,53,Washington,93,1035,1116.0,41.0,41.0,1.0,2.0,1000-1059,19.0,1135.0,1330.0,6.0,1324,1336.0,12.0,12.0,0.0,0.0,1300-1359,0.0,,0.0,289.0,260.0,235.0,1.0,1721.0,7,,,,,,,,,0,,,,,,,,,,,,,,,,,,,,,,,,,,,,,,,,,,,,,,,,,,,,,
2025,1,1,16,4,2025-01-16,WN,19393,WN,N7746C,1045,10994,1099402,30994,CHS,"Charleston, SC",SC,45,South Carolina,37,13232,1323202,30977,MDW,"Chicago, IL",IL,17,Illinois,41,810,802.0,-8.0,0.0,0.0,-1.0,0800-0859,8.0,810.0,905.0,5.0,930,910.0,-20.0,0.0,0.0,-2.0,0900-0959,0.0,,0.0,140.0,128.0,115.0,1.0,745.0,3,,,,,,,,,0,,,,,,,,,,,,,,,,,,,,,,,,,,,,,,,,,,,,,,,,,,,,,
2025,1,1,17,5,2025-01-17,AA,19805,AA,N334TL,2929,11298,1129806,30194,DFW,"Dallas/Fort Worth, TX",TX,48,Texas,74,13303,1330303,32467,MIA,"Miami, FL",FL,12,Florida,33,501,513.0,12.0,12.0,0.0,0.0,0001-0559,12.0,525.0,827.0,8.0,850,835.0,-15.0,0.0,0.0,-1.0,0800-0859,0.0,,0.0,169.0,142.0,122.0,1.0,1121.0,5,,,,,,,,,0,,,,,,,,,,,,,,,,,,,,,,,,,,,,,,,,,,,,,,,,,,,,,
2025,1,1,11,6,2025-01-11,DL,19790,DL,N116DU,2810,12953,1295304,31703,LGA,"New York, NY",NY,36,New York,22,13930,1393008,30977,ORD,"Chicago, IL",IL,17,Illinois,41,1155,1244.0,49.0,49.0,1.0,3.0,1100-1159,34.0,1318.0,1414.0,13.0,1346,1427.0,41.0,41.0,1.0,2.0,1300-1359,0.0,,0.0,171.0,163.0,116.0,1.0,733.0,3,0.0,0.0,0.0,0.0,41.0,,,,0,,,,,,,,,,,,,,,,,,,,,,,,,,,,,,,,,,,,,,,,,,,,,
2025,1,1,16,4,2025-01-16,UA,19977,UA,N37523,1365,14679,1467903,33570,SAN,"San Diego, CA",CA,6,California,91,11292,1129202,30325,DEN,"Denver, CO",CO,8,Colorado,82,700,656.0,-4.0,0.0,0.0,-1.0,0700-0759,16.0,712.0,1006.0,19.0,1028,1025.0,-3.0,0.0,0.0,-1.0,1000-1059,0.0,,0.0,148.0,149.0,114.0,1.0,853.0,4,,,,,,,,,0,,,,,,,,,,,,,,,,,,,,,,,,,,,,,,,,,,,,,,,,,,,,,
2025,1,1,8,3,2025-01-08,OH,20397,OH,N511AE,5363,14307,1430706,30721,PVD,"Providence, RI",RI,44,Rhode Island,15,11278,1127805,30852,DCA,"Washington, DC",VA,51,Virginia,38,1206,1154.0,-12.0,0.0,0.0,-1.0,1200-1259,11.0,1205.0,1324.0,5.0,1355,1329.0,-26.0,0.0,0.0,-2.0,1300-1359,0.0,,0.0,109.0,95.0,79.0,1.0,356.0,2,,,,,,,,,0,,,,,,,,,,,,,,,,,,,,,,,,,,,,,,,,,,,,,,,,,,,,,
2025,1,1,29,3,2025-01-29,AA,19805,AA,N867NN,1060,10423,1042302,30423,AUS,"Austin, TX",TX,48,Texas,74,11298,1129806,30194,DFW,"Dallas/Fort Worth, TX",TX,48,Texas,74,1855,1842.0,-13.0,0.0,0.0,-1.0,1800-1859,12.0,1854.0,2022.0,82.0,2009,2144.0,95.0,95.0,1.0,6.0,2000-2059,0.0,,0.0,74.0,182.0,88.0,1.0,190.0,1,0.0,0.0,95.0,0.0,0.0,,,,0,,,,,,,,,,,,,,,,,,,,,,,,,,,,,,,,,,,,,,,,,,,,,
2025,1,1,29,3,2025-01-29,DL,19790,DL,N129DN,526,10397,1039707,30397,ATL,"Atlanta, GA",GA,13,Georgia,34,14869,1486903,34614,SLC,"Salt Lake City, UT",UT,49,Utah,87,1636,1631.0,-5.0,0.0,0.0,-1.0,1600-1659,15.0,1646.0,1820.0,7.0,1900,1827.0,-33.0,0.0,0.0,-2.0,1900-1959,0.0,,0.0,264.0,236.0,214.0,1.0,1590.0,7,,,,,,,,,0,,,,,,,,,,,,,,,,,,,,,,,,,,,,,,,,,,,,,,,,,,,,,
2025,1,1,12,7,2025-01-12,OO,20304,OO,N606UX,5674,12892,1289208,32575,LAX,"Los Angeles, CA",CA,6,California,91,14570,1457002,34570,RNO,"Reno, NV",NV,32,Nevada,85,1329,1321.0,-8.0,0.0,0.0,-1.0,1300-1359,22.0,1343.0,1453.0,9.0,1512,1502.0,-10.0,0.0,0.0,-1.0,1500-1559,0.0,,0.0,103.0,101.0,70.0,1.0,391.0,2,,,,,,,,,0,,,,,,,,,,,,,,,,,,,,,,,,,,,,,,,,,,,,,,,,,,,,,
2025,1,1,27,1,2025-01-27,NK,20416,NK,N606NK,792,13577,1357702,31135,MYR,"Myrtle Beach, SC",SC,45,South Carolina,37,10721,1072102,30721,BOS,"Boston, MA",MA,25,Massachusetts,13,700,651.0,-9.0,0.0,0.0,-1.0,0700-0759,10.0,701.0,843.0,7.0,905,850.0,-15.0,0.0,0.0,-1.0,0900-0959,0.0,,0.0,125.0,119.0,102.0,1.0,738.0,3,,,,,,,,,0,,,,,,,,,,,,,,,,,,,,,,,,,,,,,,,,,,,,,,,,,,,,,
2025,1,1,11,6,2025-01-11,HA,19690,HA,N213HA,32,13830,1383002,33830,OGG,"Kahului, HI",HI,15,Hawaii,2,12889,1288904,32211,LAS,"Las Vegas, NV",NV,32,Nevada,85,1150,1144.0,-6.0,0.0,0.0,-1.0,1100-1159,8.0,1152.0,1904.0,9.0,1930,1913.0,-17.0,0.0,0.0,-2.0,1900-1959,0.0,,0.0,340.0,329.0,312.0,1.0,2695.0,11,,,,,,,,,0,,,,,,,,,,,,,,,,,,,,,,,,,,,,,,,,,,,,,,,,,,,,,
2025,1,1,17,5,2025-01-17,YX,20452,YX,N732YX,3410,11618,1161802,31703,EWR,"Newark, NJ",NJ,34,New Jersey,21,14122,1412202,30198,PIT,"Pittsburgh, PA",PA,42,Pennsylvania,23,1900,1901.0,1.0,1.0,0.0,0.0,1900-1959,18.0,1919.0,2014.0,5.0,2034,2019.0,-15.0,0.0,0.0,-1.0,2000-2059,0.0,,0.0,94.0,78.0,55.0,1.0,319.0,2,,,,,,,,,0,,,,,,,,,,,,,,,,,,,,,,,,,,,,,,,,,,,,,,,,,,,,,
2025,1,1,15,3,2025-01-15,OO,20304,OO,N914EV,5527,10408,1040805,30408,ATW,"Appleton, WI",WI,55,Wisconsin,45,13930,1393008,30977,ORD,"Chicago, IL",IL,17,Illinois,41,1225,1221.0,-4.0,0.0,0.0,-1.0,1200-1259,14.0,1235.0,1316.0,26.0,1348,1342.0,-6.0,0.0,0.0,-1.0,1300-1359,0.0,,0.0,83.0,81.0,41.0,1.0,160.0,1,,,,,,,,,0,,,,,,,,,,,,,,,,,,,,,,,,,,,,,,,,,,,,,,,,,,,,,
2025,1,1,22,3,2025-01-22,AS,19930,AS,N525AS,632,14747,1474703,30559,SEA,"Seattle, WA",WA,53,Washington,93,14107,1410702,30466,PHX,"Phoenix, AZ",AZ,4,Arizona,81,1617,1611.0,-6.0,0.0,0.0,-1.0,1600-1659,13.0,1624.0,1939.0,9.0,2003,1948.0,-15.0,0.0,0.0,-1.0,2000-2059,0.0,,0.0,166.0,157.0,135.0,1.0,1107.0,5,,,,,,,,,0,,,,,,,,,,,,,,,,,,,,,,,,,,,,,,,,,,,,,,,,,,,,,
2025,1,1,14,2,2025-01-14,WN,19393,WN,N405WN,4619,13796,1379610,32457,OAK,"Oakland, CA",CA,6,California,91,14679,1467903,33570,SAN,"San Diego, CA",CA,6,California,91,1940,1932.0,-8.0,0.0,0.0,-1.0,1900-1959,10.0,1942.0,2054.0,4.0,2110,2058.0,-12.0,0.0,0.0,-1.0,2100-2159,0.0,,0.0,90.0,86.0,72.0,1.0,446.0,2,,,,,,,,,0,,,,,,,,,,,,,,,,,,,,,,,,,,,,,,,,,,,,,,,,,,,,,
2025,1,1,3,5,2025-01-03,WN,19393,WN,N7880D,1531,11540,1154005,30615,ELP,"El Paso, TX",TX,48,Texas,74,14683,1468305,33214,SAT,"San Antonio, TX",TX,48,Texas,74,905,858.0,-7.0,0.0,0.0,-1.0,0900-0959,9.0,907.0,1114.0,3.0,1125,1117.0,-8.0,0.0,0.0,-1.0,1100-1159,0.0,,0.0,80.0,79.0,67.0,1.0,496.0,2,,,,,,,,,0,,,,,,,,,,,,,,,,,,,,,,,,,,,,,,,,,,,,,,,,,,,,,
2025,1,1,10,5,2025-01-10,WN,19393,WN,N8769Q,422,11259,1125904,30194,DAL,"Dallas, TX",TX,48,Texas,74,11278,1127805,30852,DCA,"Washington, DC",VA,51,Virginia,38,915,912.0,-3.0,0.0,0.0,-1.0,0900-0959,24.0,936.0,1246.0,4.0,1300,1250.0,-10.0,0.0,0.0,-1.0,1300-1359,0.0,,0.0,165.0,158.0,130.0,1.0,1184.0,5,,,,,,,,,0,,,,,,,,,,,,,,,,,,,,,,,,,,,,,,,,,,,,,,,,,,,,,
2025,1,1,18,6,2025-01-18,AA,19805,AA,N459AN,1952,12892,1289208,32575,LAX,"Los Angeles, CA",CA,6,California,91,11057,1105703,31057,CLT,"Charlotte, NC",NC,37,North Carolina,36,735,1127.0,232.0,232.0,1.0,12.0,0700-0759,19.0,1146.0,1841.0,8.0,1520,1849.0,209.0,209.0,1.0,12.0,1500-1559,0.0,,0.0,285.0,262.0,235.0,1.0,2125.0,9,0.0,0.0,0.0,0.0,209.0,,,,0,,,,,,,,,,,,,,,,,,,,,,,,,,,,,,,,,,,,,,,,,,,,,
2025,1,1,26,7,2025-01-26,OO,20304,OO,N402SY,3447,14771,1477104,32457,SFO,"San Francisco, CA",CA,6,California,91,14262,1426204,34262,PSP,"Palm Springs, CA",CA,6,California,91,1925,1931.0,6.0,6.0,0.0,0.0,1900-1959,12.0,1943.0,2058.0,5.0,2055,2103.0,8.0,8.0,0.0,0.0,2000-2059,0.0,,0.0,90.0,92.0,75.0,1.0,421.0,2,,,,,,,,,0,,,,,,,,,,,,,,,,,,,,,,,,,,,,,,,,,,,,,,,,,,,,,
2025,1,1,15,3,2025-01-15,YX,20452,YX,N640RW,3422,14730,1473004,33044,SDF,"Louisville, KY",KY,21,Kentucky,52,13930,1393008,30977,ORD,"Chicago, IL",IL,17,Illinois,41,700,657.0,-3.0,0.0,0.0,-1.0,0700-0759,64.0,801.0,758.0,14.0,745,812.0,27.0,27.0,1.0,1.0,0700-0759,0.0,,0.0,105.0,135.0,57.0,1.0,286.0,2,0.0,0.0,27.0,0.0,0.0,,,,0,,,,,,,,,,,,,,,,,,,,,,,,,,,,,,,,,,,,,,,,,,,,,
2025,1,1,23,4,2025-01-23,UA,19977,UA,N39728,1450,11278,1127805,30852,DCA,"Washington, DC",VA,51,Virginia,38,12266,1226603,31453,IAH,"Houston, TX",TX,48,Texas,74,600,559.0,-1.0,0.0,0.0,-1.0,0600-0659,14.0,613.0,842.0,8.0,842,850.0,8.0,8.0,0.0,0.0,0800-0859,0.0,,0.0,222.0,231.0,209.0,1.0,1208.0,5,,,,,,,,,0,,,,,,,,,,,,,,,,,,,,,,,,,,,,,,,,,,,,,,,,,,,,,
2025,1,1,5,7,2025-01-05,DL,19790,DL,N132DU,2971,11298,1129806,30194,DFW,"Dallas/Fort Worth, TX",TX,48,Texas,74,13487,1348702,31650,MSP,"Minneapolis, MN",MN,27,Minnesota,63,1828,2030.0,122.0,122.0,1.0,8.0,1800-1859,24.0,2054.0,2246.0,11.0,2100,2257.0,117.0,117.0,1.0,7.0,2100-2159,0.0,,0.0,152.0,147.0,112.0,1.0,852.0,4,0.0,0.0,0.0,0.0,117.0,,,,0,,,,,,,,,,,,,,,,,,,,,,,,,,,,,,,,,,,,,,,,,,,,,
2025,1,1,12,7,2025-01-12,UA,19977,UA,N64844,1346,12889,1288904,32211,LAS,"Las Vegas, NV",NV,32,Nevada,85,11292,1129202,30325,DEN,"Denver, CO",CO,8,Colorado,82,1730,1745.0,15.0,15.0,1.0,1.0,1700-1759,18.0,1803.0,2025.0,9.0,2029,2034.0,5.0,5.0,0.0,0.0,2000-2059,0.0,,0.0,119.0,109.0,82.0,1.0,628.0,3,,,,,,,,,0,,,,,,,,,,,,,,,,,,,,,,,,,,,,,,,,,,,,,,,,,,,,,
2025,1,1,24,5,2025-01-24,AA,19805,AA,N942NN,691,14107,1410702,30466,PHX,"Phoenix, AZ",AZ,4,Arizona,81,10423,1042302,30423,AUS,"Austin, TX",TX,48,Texas,74,2020,2009.0,-11.0,0.0,0.0,-1.0,2000-2059,15.0,2024.0,2307.0,4.0,2338,2311.0,-27.0,0.0,0.0,-2.0,2300-2359,0.0,,0.0,138.0,122.0,103.0,1.0,872.0,4,,,,,,,,,0,,,,,,,,,,,,,,,,,,,,,,,,,,,,,,,,,,,,,,,,,,,,,
2025,1,1,24,5,2025-01-24,DL,19790,DL,N129DU,924,11298,1129806,30194,DFW,"Dallas/Fort Worth, TX",TX,48,Texas,74,10721,1072102,30721,BOS,"Boston, MA",MA,25,Massachusetts,13,715,1832.0,677.0,677.0,1.0,12.0,0700-0759,17.0,1849.0,2252.0,9.0,1155,2301.0,666.0,666.0,1.0,12.0,1100-1159,0.0,,0.0,220.0,209.0,183.0,1.0,1562.0,7,0.0,0.0,0.0,0.0,666.0,,,,0,,,,,,,,,,,,,,,,,,,,,,,,,,,,,,,,,,,,,,,,,,,,,
2025,1,1,30,4,2025-01-30,DL,19790,DL,N684DA,437,12892,1289208,32575,LAX,"Los Angeles, CA",CA,6,California,91,10721,1072102,30721,BOS,"Boston, MA",MA,25,Massachusetts,13,1300,1306.0,6.0,6.0,0.0,0.0,1300-1359,12.0,1318.0,2120.0,9.0,2121,2129.0,8.0,8.0,0.0,0.0,2100-2159,0.0,,0.0,321.0,323.0,302.0,1.0,2611.0,11,,,,,,,,,0,,,,,,,,,,,,,,,,,,,,,,,,,,,,,,,,,,,,,,,,,,,,,
2025,1,1,2,4,2025-01-02,OO,20304,OO,N611UX,4775,10713,1071302,30713,BOI,"Boise, ID",ID,16,Idaho,83,11292,1129202,30325,DEN,"Denver, CO",CO,8,Colorado,82,500,457.0,-3.0,0.0,0.0,-1.0,0001-0559,47.0,544.0,709.0,9.0,710,718.0,8.0,8.0,0.0,0.0,0700-0759,0.0,,0.0,130.0,141.0,85.0,1.0,649.0,3,,,,,,,,,0,,,,,,,,,,,,,,,,,,,,,,,,,,,,,,,,,,,,,,,,,,,,,
2025,1,1,13,1,2025-01-13,OO,20304,OO,N760SK,6196,14960,1496002,34960,SPS,"Wichita Falls, TX",TX,48,Texas,74,11298,1129806,30194,DFW,"Dallas/Fort Worth, TX",TX,48,Texas,74,600,933.0,213.0,213.0,1.0,12.0,0600-0659,16.0,949.0,1021.0,15.0,707,1036.0,209.0,209.0,1.0,12.0,0700-0759,0.0,,0.0,67.0,63.0,32.0,1.0,113.0,1,209.0,0.0,0.0,0.0,0.0,,,,0,,,,,,,,,,,,,,,,,,,,,,,,,,,,,,,,,,,,,,,,,,,,,
2025,1,1,23,4,2025-01-23,WN,19393,WN,N7720F,198,13232,1323202,30977,MDW,"Chicago, IL",IL,17,Illinois,41,13198,1319801,33198,MCI,"Kansas City, MO",MO,29,Missouri,64,1610,1622.0,12.0,12.0,0.0,0.0,1600-1659,9.0,1631.0,1736.0,4.0,1740,1740.0,0.0,0.0,0.0,0.0,1700-1759,0.0,,0.0,90.0,78.0,65.0,1.0,405.0,2,,,,,,,,,0,,,,,,,,,,,,,,,,,,,,,,,,,,,,,,,,,,,,,,,,,,,,,
2025,1,1,24,5,2025-01-24,UA,19977,UA,N47343,1734,10721,1072102,30721,BOS,"Boston, MA",MA,25,Massachusetts,13,12264,1226402,30852,IAD,"Washington, DC",VA,51,Virginia,38,545,540.0,-5.0,0.0,0.0,-1.0,0001-0559,15.0,555.0,723.0,6.0,731,729.0,-2.0,0.0,0.0,-1.0,0700-0759,0.0,,0.0,106.0,109.0,88.0,1.0,413.0,2,,,,,,,,,0,,,,,,,,,,,,,,,,,,,,,,,,,,,,,,,,,,,,,,,,,,,,,
2025,1,1,6,1,2025-01-06,AA,19805,AA,N800NN,2960,11298,1129806,30194,DFW,"Dallas/Fort Worth, TX",TX,48,Texas,74,13486,1348603,33486,MSO,"Missoula, MT",MT,30,Montana,84,1004,1047.0,43.0,43.0,1.0,2.0,1000-1059,40.0,1127.0,1412.0,5.0,1240,1417.0,97.0,97.0,1.0,6.0,1200-1259,0.0,,0.0,216.0,270.0,225.0,1.0,1320.0,6,43.0,0.0,54.0,0.0,0.0,,,,0,,,,,,,,,,,,,,,,,,,,,,,,,,,,,,,,,,,,,,,,,,,,,
2025,1,1,13,1,2025-01-13,WN,19393,WN,N8644C,3660,11259,1125904,30194,DAL,"Dallas, TX",TX,48,Texas,74,14679,1467903,33570,SAN,"San Diego, CA",CA,6,California,91,1920,1915.0,-5.0,0.0,0.0,-1.0,1900-1959,9.0,1924.0,2012.0,2.0,2040,2014.0,-26.0,0.0,0.0,-2.0,2000-2059,0.0,,0.0,200.0,179.0,168.0,1.0,1182.0,5,,,,,,,,,0,,,,,,,,,,,,,,,,,,,,,,,,,,,,,,,,,,,,,,,,,,,,,
2025,1,1,27,1,2025-01-27,WN,19393,WN,N478WN,3662,10140,1014005,30140,ABQ,"Albuquerque, NM",NM,35,New Mexico,86,10821,1082106,30852,BWI,"Baltimore, MD",MD,24,Maryland,35,1345,1433.0,48.0,48.0,1.0,3.0,1300-1359,14.0,1447.0,1954.0,6.0,1920,2000.0,40.0,40.0,1.0,2.0,1900-1959,0.0,,0.0,215.0,207.0,187.0,1.0,1670.0,7,0.0,0.0,0.0,0.0,40.0,,,,0,,,,,,,,,,,,,,,,,,,,,,,,,,,,,,,,,,,,,,,,,,,,,
2025,1,1,3,5,2025-01-03,UA,19977,UA,N17229,1074,13204,1320402,31454,MCO,"Orlando, FL",FL,12,Florida,33,11042,1104205,30647,CLE,"Cleveland, OH",OH,39,Ohio,44,1849,1844.0,-5.0,0.0,0.0,-1.0,1800-1859,16.0,1900.0,2112.0,13.0,2120,2125.0,5.0,5.0,0.0,0.0,2100-2159,0.0,,0.0,151.0,161.0,132.0,1.0,895.0,4,,,,,,,,,0,,,,,,,,,,,,,,,,,,,,,,,,,,,,,,,,,,,,,,,,,,,,,
2025,1,1,12,7,2025-01-12,AA,19805,AA,N827AW,2570,11057,1105703,31057,CLT,"Charlotte, NC",NC,37,North Carolina,36,15919,1591905,31834,XNA,"Fayetteville, AR",AR,5,Arkansas,71,1453,1450.0,-3.0,0.0,0.0,-1.0,1400-1459,18.0,1508.0,1600.0,7.0,1620,1607.0,-13.0,0.0,0.0,-1.0,1600-1659,0.0,,0.0,147.0,137.0,112.0,1.0,754.0,4,,,,,,,,,0,,,,,,,,,,,,,,,,,,,,,,,,,,,,,,,,,,,,,,,,,,,,,
2025,1,1,17,5,2025-01-17,MQ,20398,MQ,N251NN,3898,11298,1129806,30194,DFW,"Dallas/Fort Worth, TX",TX,48,Texas,74,10599,1059904,30599,BHM,"Birmingham, AL",AL,1,Alabama,51,2100,2158.0,58.0,58.0,1.0,3.0,2100-2159,19.0,2217.0,2339.0,8.0,2247,2347.0,60.0,60.0,1.0,4.0,2200-2259,0.0,,0.0,107.0,109.0,82.0,1.0,597.0,3,58.0,0.0,2.0,0.0,0.0,,,,0,,,,,,,,,,,,,,,,,,,,,,,,,,,,,,,,,,,,,,,,,,,,,
2025,1,1,30,4,2025-01-30,UA,19977,UA,N17355,698,11278,1127805,30852,DCA,"Washington, DC",VA,51,Virginia,38,14771,1477104,32457,SFO,"San Francisco, CA",CA,6,California,91,1759,1758.0,-1.0,0.0,0.0,-1.0,1700-1759,19.0,1817.0,2043.0,3.0,2114,2046.0,-28.0,0.0,0.0,-2.0,2100-2159,0.0,,0.0,375.0,348.0,326.0,1.0,2442.0,10,,,,,,,,,0,,,,,,,,,,,,,,,,,,,,,,,,,,,,,,,,,,,,,,,,,,,,,
2025,1,1,11,6,2025-01-11,YX,20452,YX,N774YX,3665,13930,1393008,30977,ORD,"Chicago, IL",IL,17,Illinois,41,11977,1197705,31977,GRB,"Green Bay, WI",WI,55,Wisconsin,45,1935,1929.0,-6.0,0.0,0.0,-1.0,1900-1959,31.0,2000.0,2039.0,7.0,2048,2046.0,-2.0,0.0,0.0,-1.0,2000-2059,0.0,,0.0,73.0,77.0,39.0,1.0,173.0,1,,,,,,,,,0,,,,,,,,,,,,,,,,,,,,,,,,,,,,,,,,,,,,,,,,,,,,,
2025,1,1,16,4,2025-01-16,WN,19393,WN,N8667D,1388,11292,1129202,30325,DEN,"Denver, CO",CO,8,Colorado,82,14771,1477104,32457,SFO,"San Francisco, CA",CA,6,California,91,1940,1935.0,-5.0,0.0,0.0,-1.0,1900-1959,14.0,1949.0,2049.0,9.0,2130,2058.0,-32.0,0.0,0.0,-2.0,2100-2159,0.0,,0.0,170.0,143.0,120.0,1.0,967.0,4,,,,,,,,,0,,,,,,,,,,,,,,,,,,,,,,,,,,,,,,,,,,,,,,,,,,,,,
2025,1,1,2,4,2025-01-02,AS,19930,AS,N266AK,1269,10693,1069302,30693,BNA,"Nashville, TN",TN,47,Tennessee,54,14057,1405702,34057,PDX,"Portland, OR",OR,41,Oregon,92,1959,1950.0,-9.0,0.0,0.0,-1.0,1900-1959,22.0,2012.0,2256.0,4.0,2304,2300.0,-4.0,0.0,0.0,-1.0,2300-2359,0.0,,0.0,305.0,310.0,284.0,1.0,1973.0,8,,,,,,,,,0,,,,,,,,,,,,,,,,,,,,,,,,,,,,,,,,,,,,,,,,,,,,,
2025,1,1,27,1,2025-01-27,WN,19393,WN,N8614M,469,11259,1125904,30194,DAL,"Dallas, TX",TX,48,Texas,74,11540,1154005,30615,ELP,"El Paso, TX",TX,48,Texas,74,1710,1704.0,-6.0,0.0,0.0,-1.0,1700-1759,9.0,1713.0,1739.0,5.0,1800,1744.0,-16.0,0.0,0.0,-2.0,1800-1859,0.0,,0.0,110.0,100.0,86.0,1.0,562.0,3,,,,,,,,,0,,,,,,,,,,,,,,,,,,,,,,,,,,,,,,,,,,,,,,,,,,,,,
2025,1,1,30,4,2025-01-30,AA,19805,AA,N954NN,1873,12266,1226603,31453,IAH,"Houston, TX",TX,48,Texas,74,11298,1129806,30194,DFW,"Dallas/Fort Worth, TX",TX,48,Texas,74,915,958.0,43.0,43.0,1.0,2.0,0900-0959,38.0,1036.0,1133.0,16.0,1036,1149.0,73.0,73.0,1.0,4.0,1000-1059,0.0,,0.0,81.0,111.0,57.0,1.0,224.0,1,43.0,0.0,30.0,0.0,0.0,,,,0,,,,,,,,,,,,,,,,,,,,,,,,,,,,,,,,,,,,,,,,,,,,,
2025,1,1,27,1,2025-01-27,DL,19790,DL,N314DU,2514,14869,1486903,34614,SLC,"Salt Lake City, UT",UT,49,Utah,87,12266,1226603,31453,IAH,"Houston, TX",TX,48,Texas,74,1735,1727.0,-8.0,0.0,0.0,-1.0,1700-1759,19.0,1746.0,2114.0,10.0,2140,2124.0,-16.0,0.0,0.0,-2.0,2100-2159,0.0,,0.0,185.0,177.0,148.0,1.0,1195.0,5,,,,,,,,,0,,,,,,,,,,,,,,,,,,,,,,,,,,,,,,,,,,,,,,,,,,,,,
2025,1,1,4,6,2025-01-04,WN,19393,WN,N7878A,4193,13796,1379610,32457,OAK,"Oakland, CA",CA,6,California,91,12954,1295407,32575,LGB,"Long Beach, CA",CA,6,California,91,1935,1920.0,-15.0,0.0,0.0,-1.0,1900-1959,8.0,1928.0,2029.0,3.0,2100,2032.0,-28.0,0.0,0.0,-2.0,2100-2159,0.0,,0.0,85.0,72.0,61.0,1.0,353.0,2,,,,,,,,,0,,,,,,,,,,,,,,,,,,,,,,,,,,,,,,,,,,,,,,,,,,,,,
2025,1,1,7,2,2025-01-07,OO,20304,OO,N719SK,4957,11298,1129806,30194,DFW,"Dallas/Fort Worth, TX",TX,48,Texas,74,14842,1484202,34842,SJT,"San Angelo, TX",TX,48,Texas,74,822,817.0,-5.0,0.0,0.0,-1.0,0800-0859,22.0,839.0,925.0,7.0,942,932.0,-10.0,0.0,0.0,-1.0,0900-0959,0.0,,0.0,80.0,75.0,46.0,1.0,229.0,1,,,,,,,,,0,,,,,,,,,,,,,,,,,,,,,,,,,,,,,,,,,,,,,,,,,,,,,
2025,1,1,14,2,2025-01-14,WN,19393,WN,N8520Q,4121,14107,1410702,30466,PHX,"Phoenix, AZ",AZ,4,Arizona,81,14893,1489302,33192,SMF,"Sacramento, CA",CA,6,California,91,2025,2029.0,4.0,4.0,0.0,0.0,2000-2059,12.0,2041.0,2115.0,4.0,2130,2119.0,-11.0,0.0,0.0,-1.0,2100-2159,0.0,,0.0,125.0,110.0,94.0,1.0,647.0,3,,,,,,,,,0,,,,,,,,,,,,,,,,,,,,,,,,,,,,,,,,,,,,,,,,,,,,,
2025,1,1,8,3,2025-01-08,OO,20304,OO,N288SY,4177,10423,1042302,30423,AUS,"Austin, TX",TX,48,Texas,74,13256,1325603,33256,MFE,"Mission/McAllen/Edinburg, TX",TX,48,Texas,74,1100,1056.0,-4.0,0.0,0.0,-1.0,1100-1159,18.0,1114.0,1214.0,2.0,1229,1216.0,-13.0,0.0,0.0,-1.0,1200-1259,0.0,,0.0,89.0,80.0,60.0,1.0,279.0,2,,,,,,,,,0,,,,,,,,,,,,,,,,,,,,,,,,,,,,,,,,,,,,,,,,,,,,,
2025,1,1,3,5,2025-01-03,OO,20304,OO,N327SY,3723,13487,1348702,31650,MSP,"Minneapolis, MN",MN,27,Minnesota,63,13930,1393008,30977,ORD,"Chicago, IL",IL,17,Illinois,41,2055,2051.0,-4.0,0.0,0.0,-1.0,2000-2059,22.0,2113.0,2206.0,12.0,2252,2218.0,-34.0,0.0,0.0,-2.0,2200-2259,0.0,,0.0,117.0,87.0,53.0,1.0,334.0,2,,,,,,,,,0,,,,,,,,,,,,,,,,,,,,,,,,,,,,,,,,,,,,,,,,,,,,,
2025,1,1,1,3,2025-01-01,AA,19805,AA,N9004F,546,11298,1129806,30194,DFW,"Dallas/Fort Worth, TX",TX,48,Texas,74,14683,1468305,33214,SAT,"San Antonio, TX",TX,48,Texas,74,1935,1956.0,21.0,21.0,1.0,1.0,1900-1959,22.0,2018.0,2104.0,5.0,2049,2109.0,20.0,20.0,1.0,1.0,2000-2059,0.0,,0.0,74.0,73.0,46.0,1.0,247.0,1,20.0,0.0,0.0,0.0,0.0,,,,0,,,,,,,,,,,,,,,,,,,,,,,,,,,,,,,,,,,,,,,,,,,,,
2025,1,1,9,4,2025-01-09,WN,19393,WN,N8924Q,5304,12889,1288904,32211,LAS,"Las Vegas, NV",NV,32,Nevada,85,11603,1160302,31603,EUG,"Eugene, OR",OR,41,Oregon,92,1255,1252.0,-3.0,0.0,0.0,-1.0,1200-1259,24.0,1316.0,1504.0,5.0,1515,1509.0,-6.0,0.0,0.0,-1.0,1500-1559,0.0,,0.0,140.0,137.0,108.0,1.0,700.0,3,,,,,,,,,0,,,,,,,,,,,,,,,,,,,,,,,,,,,,,,,,,,,,,,,,,,,,,
2025,1,1,1,3,2025-01-01,AA,19805,AA,N130AN,2843,11057,1105703,31057,CLT,"Charlotte, NC",NC,37,North Carolina,36,13930,1393008,30977,ORD,"Chicago, IL",IL,17,Illinois,41,744,737.0,-7.0,0.0,0.0,-1.0,0700-0759,13.0,750.0,826.0,16.0,855,842.0,-13.0,0.0,0.0,-1.0,0800-0859,0.0,,0.0,131.0,125.0,96.0,1.0,599.0,3,,,,,,,,,0,,,,,,,,,,,,,,,,,,,,,,,,,,,,,,,,,,,,,,,,,,,,,
2025,1,1,12,7,2025-01-12,DL,19790,DL,N959DZ,1353,14122,1412202,30198,PIT,"Pittsburgh, PA",PA,42,Pennsylvania,23,10397,1039707,30397,ATL,"Atlanta, GA",GA,13,Georgia,34,1638,1646.0,8.0,8.0,0.0,0.0,1600-1659,11.0,1657.0,1823.0,5.0,1834,1828.0,-6.0,0.0,0.0,-1.0,1800-1859,0.0,,0.0,116.0,102.0,86.0,1.0,526.0,3,,,,,,,,,0,,,,,,,,,,,,,,,,,,,,,,,,,,,,,,,,,,,,,,,,,,,,,
2025,1,1,19,7,2025-01-19,UA,19977,UA,N819UA,1232,14457,1445702,34457,RAP,"Rapid City, SD",SD,46,South Dakota,67,11292,1129202,30325,DEN,"Denver, CO",CO,8,Colorado,82,836,833.0,-3.0,0.0,0.0,-1.0,0800-0859,44.0,917.0,1006.0,40.0,1018,1046.0,28.0,28.0,1.0,1.0,1000-1059,0.0,,0.0,102.0,133.0,49.0,1.0,300.0,2,0.0,0.0,28.0,0.0,0.0,,,,0,,,,,,,,,,,,,,,,,,,,,,,,,,,,,,,,,,,,,,,,,,,,,
2025,1,1,2,4,2025-01-02,NK,20416,NK,N654NK,3998,10158,1015804,30158,ACY,"Atlantic City, NJ",NJ,34,New Jersey,21,13204,1320402,31454,MCO,"Orlando, FL",FL,12,Florida,33,615,606.0,-9.0,0.0,0.0,-1.0,0600-0659,10.0,616.0,834.0,5.0,857,839.0,-18.0,0.0,0.0,-2.0,0800-0859,0.0,,0.0,162.0,153.0,138.0,1.0,852.0,4,,,,,,,,,0,,,,,,,,,,,,,,,,,,,,,,,,,,,,,,,,,,,,,,,,,,,,,
2025,1,1,18,6,2025-01-18,OO,20304,OO,N295SY,3815,10693,1069302,30693,BNA,"Nashville, TN",TN,47,Tennessee,54,12953,1295304,31703,LGA,"New York, NY",NY,36,New York,22,837,828.0,-9.0,0.0,0.0,-1.0,0800-0859,16.0,844.0,1126.0,7.0,1159,1133.0,-26.0,0.0,0.0,-2.0,1100-1159,0.0,,0.0,142.0,125.0,102.0,1.0,764.0,4,,,,,,,,,0,,,,,,,,,,,,,,,,,,,,,,,,,,,,,,,,,,,,,,,,,,,,,
2025,1,1,4,6,2025-01-04,WN,19393,WN,N8724J,1844,13204,1320402,31454,MCO,"Orlando, FL",FL,12,Florida,33,13232,1323202,30977,MDW,"Chicago, IL",IL,17,Illinois,41,1645,1720.0,35.0,35.0,1.0,2.0,1600-1659,22.0,1742.0,1912.0,3.0,1835,1915.0,40.0,40.0,1.0,2.0,1800-1859,0.0,,0.0,170.0,175.0,150.0,1.0,990.0,4,8.0,0.0,5.0,0.0,27.0,,,,0,,,,,,,,,,,,,,,,,,,,,,,,,,,,,,,,,,,,,,,,,,,,,
2025,1,1,28,2,2025-01-28,AA,19805,AA,N647AW,2870,14122,1412202,30198,PIT,"Pittsburgh, PA",PA,42,Pennsylvania,23,14107,1410702,30466,PHX,"Phoenix, AZ",AZ,4,Arizona,81,720,713.0,-7.0,0.0,0.0,-1.0,0700-0759,12.0,725.0,933.0,12.0,1014,945.0,-29.0,0.0,0.0,-2.0,1000-1059,0.0,,0.0,294.0,272.0,248.0,1.0,1814.0,8,,,,,,,,,0,,,,,,,,,,,,,,,,,,,,,,,,,,,,,,,,,,,,,,,,,,,,,
2025,1,1,19,7,2025-01-19,WN,19393,WN,N8664J,1249,14747,1474703,30559,SEA,"Seattle, WA",WA,53,Washington,93,12889,1288904,32211,LAS,"Las Vegas, NV",NV,32,Nevada,85,910,909.0,-1.0,0.0,0.0,-1.0,0900-0959,11.0,920.0,1106.0,6.0,1135,1112.0,-23.0,0.0,0.0,-2.0,1100-1159,0.0,,0.0,145.0,123.0,106.0,1.0,867.0,4,,,,,,,,,0,,,,,,,,,,,,,,,,,,,,,,,,,,,,,,,,,,,,,,,,,,,,,
2025,1,1,13,1,2025-01-13,WN,19393,WN,N452WN,975,12892,1289208,32575,LAX,"Los Angeles, CA",CA,6,California,91,10423,1042302,30423,AUS,"Austin, TX",TX,48,Texas,74,640,638.0,-2.0,0.0,0.0,-1.0,0600-0659,8.0,646.0,1109.0,3.0,1125,1112.0,-13.0,0.0,0.0,-1.0,1100-1159,0.0,,0.0,165.0,154.0,143.0,1.0,1242.0,5,,,,,,,,,0,,,,,,,,,,,,,,,,,,,,,,,,,,,,,,,,,,,,,,,,,,,,,
2025,1,1,5,7,2025-01-05,YX,20452,YX,N234JQ,5613,10693,1069302,30693,BNA,"Nashville, TN",TN,47,Tennessee,54,12478,1247805,31703,JFK,"New York, NY",NY,36,New York,22,1735,1737.0,2.0,2.0,0.0,0.0,1700-1759,15.0,1752.0,2040.0,14.0,2110,2054.0,-16.0,0.0,0.0,-2.0,2100-2159,0.0,,0.0,155.0,137.0,108.0,1.0,765.0,4,,,,,,,,,0,,,,,,,,,,,,,,,,,,,,,,,,,,,,,,,,,,,,,,,,,,,,,
2025,1,1,23,4,2025-01-23,NK,20416,NK,N732NK,503,10397,1039707,30397,ATL,"Atlanta, GA",GA,13,Georgia,34,12889,1288904,32211,LAS,"Las Vegas, NV",NV,32,Nevada,85,915,911.0,-4.0,0.0,0.0,-1.0,0900-0959,21.0,932.0,1036.0,8.0,1057,1044.0,-13.0,0.0,0.0,-1.0,1000-1059,0.0,,0.0,282.0,273.0,244.0,1.0,1747.0,7,,,,,,,,,0,,,,,,,,,,,,,,,,,,,,,,,,,,,,,,,,,,,,,,,,,,,,,
2025,1,1,9,4,2025-01-09,WN,19393,WN,N8744B,1432,11292,1129202,30325,DEN,"Denver, CO",CO,8,Colorado,82,14831,1483106,32457,SJC,"San Jose, CA",CA,6,California,91,2040,2054.0,14.0,14.0,0.0,0.0,2000-2059,14.0,2108.0,2205.0,3.0,2225,2208.0,-17.0,0.0,0.0,-2.0,2200-2259,0.0,,0.0,165.0,134.0,117.0,1.0,948.0,4,,,,,,,,,0,,,,,,,,,,,,,,,,,,,,,,,,,,,,,,,,,,,,,,,,,,,,,
2025,1,1,17,5,2025-01-17,AA,19805,AA,N722US,1095,13256,1325603,33256,MFE,"Mission/McAllen/Edinburg, TX",TX,48,Texas,74,11298,1129806,30194,DFW,"Dallas/Fort Worth, TX",TX,48,Texas,74,600,557.0,-3.0,0.0,0.0,-1.0,0600-0659,17.0,614.0,727.0,14.0,742,741.0,-1.0,0.0,0.0,-1.0,0700-0759,0.0,,0.0,102.0,104.0,73.0,1.0,469.0,2,,,,,,,,,0,,,,,,,,,,,,,,,,,,,,,,,,,,,,,,,,,,,,,,,,,,,,,
2025,1,1,11,6,2025-01-11,UA,19977,UA,N75429,1162,10732,1073203,30732,BQN,"Aguadilla, PR",PR,72,Puerto Rico,3,11618,1161802,31703,EWR,"Newark, NJ",NJ,34,New Jersey,21,109,105.0,-4.0,0.0,0.0,-1.0,0001-0559,10.0,115.0,352.0,6.0,411,358.0,-13.0,0.0,0.0,-1.0,0001-0559,0.0,,0.0,242.0,233.0,217.0,1.0,1585.0,7,,,,,,,,,0,,,,,,,,,,,,,,,,,,,,,,,,,,,,,,,,,,,,,,,,,,,,,
2025,1,1,3,5,2025-01-03,WN,19393,WN,N485WN,4213,14893,1489302,33192,SMF,"Sacramento, CA",CA,6,California,91,12954,1295407,32575,LGB,"Long Beach, CA",CA,6,California,91,1915,1946.0,31.0,31.0,1.0,2.0,1900-1959,9.0,1955.0,2052.0,3.0,2040,2055.0,15.0,15.0,1.0,1.0,2000-2059,0.0,,0.0,85.0,69.0,57.0,1.0,387.0,2,0.0,0.0,0.0,0.0,15.0,,,,0,,,,,,,,,,,,,,,,,,,,,,,,,,,,,,,,,,,,,,,,,,,,,
2025,1,1,27,1,2025-01-27,OO,20304,OO,N192SY,3459,14679,1467903,33570,SAN,"San Diego, CA",CA,6,California,91,14831,1483106,32457,SJC,"San Jose, CA",CA,6,California,91,2055,2046.0,-9.0,0.0,0.0,-1.0,2000-2059,17.0,2103.0,2205.0,3.0,2227,2208.0,-19.0,0.0,0.0,-2.0,2200-2259,0.0,,0.0,92.0,82.0,62.0,1.0,417.0,2,,,,,,,,,0,,,,,,,,,,,,,,,,,,,,,,,,,,,,,,,,,,,,,,,,,,,,,
2025,1,1,21,2,2025-01-21,DL,19790,DL,N934AT,3137,10397,1039707,30397,ATL,"Atlanta, GA",GA,13,Georgia,34,11057,1105703,31057,CLT,"Charlotte, NC",NC,37,North Carolina,36,2100,,,,,,2100-2159,,,,,2210,,,,,,2200-2259,1.0,A,0.0,70.0,,,1.0,226.0,1,,,,,,,,,0,,,,,,,,,,,,,,,,,,,,,,,,,,,,,,,,,,,,,,,,,,,,,
2025,1,1,31,5,2025-01-31,DL,19790,DL,N379DA,1809,10397,1039707,30397,ATL,"Atlanta, GA",GA,13,Georgia,34,15027,1502704,34992,STX,"Christiansted, VI",VI,78,U.S. Virgin Islands,4,941,1038.0,57.0,57.0,1.0,3.0,0900-0959,23.0,1101.0,1515.0,3.0,1424,1518.0,54.0,54.0,1.0,3.0,1400-1459,0.0,,0.0,223.0,220.0,194.0,1.0,1638.0,7,54.0,0.0,0.0,0.0,0.0,940.0,25.0,25.0,0,,,,,,,,,,,,,,,,,,,,,,,,,,,,,,,,,,,,,,,,,,,,,
2025,1,1,22,3,2025-01-22,AA,19805,AA,N9022G,3230,11298,1129806,30194,DFW,"Dallas/Fort Worth, TX",TX,48,Texas,74,15919,1591905,31834,XNA,"Fayetteville, AR",AR,5,Arkansas,71,1850,1848.0,-2.0,0.0,0.0,-1.0,1800-1859,11.0,1859.0,1944.0,3.0,2004,1947.0,-17.0,0.0,0.0,-2.0,2000-2059,0.0,,0.0,74.0,59.0,45.0,1.0,280.0,2,,,,,,,,,0,,,,,,,,,,,,,,,,,,,,,,,,,,,,,,,,,,,,,,,,,,,,,
2025,1,1,20,1,2025-01-20,AA,19805,AA,N807AW,423,11057,1105703,31057,CLT,"Charlotte, NC",NC,37,North Carolina,36,14100,1410005,34100,PHL,"Philadelphia, PA",PA,42,Pennsylvania,23,1820,1859.0,39.0,39.0,1.0,2.0,1800-1859,21.0,1920.0,2024.0,8.0,1958,2032.0,34.0,34.0,1.0,2.0,1900-1959,0.0,,0.0,98.0,93.0,64.0,1.0,449.0,2,34.0,0.0,0.0,0.0,0.0,,,,0,,,,,,,,,,,,,,,,,,,,,,,,,,,,,,,,,,,,,,,,,,,,,
2025,1,1,30,4,2025-01-30,NK,20416,NK,N654NK,1691,11697,1169706,32467,FLL,"Fort Lauderdale, FL",FL,12,Florida,33,11433,1143302,31295,DTW,"Detroit, MI",MI,26,Michigan,43,700,701.0,1.0,1.0,0.0,0.0,0700-0759,9.0,710.0,958.0,7.0,1005,1005.0,0.0,0.0,0.0,0.0,1000-1059,0.0,,0.0,185.0,184.0,168.0,1.0,1127.0,5,,,,,,,,,0,,,,,,,,,,,,,,,,,,,,,,,,,,,,,,,,,,,,,,,,,,,,,
2025,1,1,16,4,2025-01-16,UA,19977,UA,N843UA,400,13502,1350202,33502,MTJ,"Montrose/Delta, CO",CO,8,Colorado,82,11618,1161802,31703,EWR,"Newark, NJ",NJ,34,New Jersey,21,1519,1737.0,138.0,138.0,1.0,9.0,1500-1559,16.0,1753.0,2320.0,6.0,2129,2326.0,117.0,117.0,1.0,7.0,2100-2159,0.0,,0.0,250.0,229.0,207.0,1.0,1795.0,8,2.0,0.0,0.0,0.0,115.0,,,,0,,,,,,,,,,,,,,,,,,,,,,,,,,,,,,,,,,,,,,,,,,,,,
2025,1,1,13,1,2025-01-13,OH,20397,OH,N567NN,5279,13244,1324402,33244,MEM,"Memphis, TN",TN,47,Tennessee,54,14100,1410005,34100,PHL,"Philadelphia, PA",PA,42,Pennsylvania,23,607,555.0,-12.0,0.0,0.0,-1.0,0600-0659,16.0,611.0,848.0,7.0,934,855.0,-39.0,0.0,0.0,-2.0,0900-0959,0.0,,0.0,147.0,120.0,97.0,1.0,875.0,4,,,,,,,,,0,,,,,,,,,,,,,,,,,,,,,,,,,,,,,,,,,,,,,,,,,,,,,
2025,1,1,24,5,2025-01-24,DL,19790,DL,N864DN,2176,10397,1039707,30397,ATL,"Atlanta, GA",GA,13,Georgia,34,14685,1468502,34685,SAV,"Savannah, GA",GA,13,Georgia,34,2116,2116.0,0.0,0.0,0.0,0.0,2100-2159,30.0,2146.0,2230.0,4.0,2220,2234.0,14.0,14.0,0.0,0.0,2200-2259,0.0,,0.0,64.0,78.0,44.0,1.0,214.0,1,,,,,,,,,0,,,,,,,,,,,,,,,,,,,,,,,,,,,,,,,,,,,,,,,,,,,,,
2025,1,1,14,2,2025-01-14,UA,19977,UA,N76514,2356,12889,1288904,32211,LAS,"Las Vegas, NV",NV,32,Nevada,85,14771,1477104,32457,SFO,"San Francisco, CA",CA,6,California,91,800,753.0,-7.0,0.0,0.0,-1.0,0800-0859,14.0,807.0,909.0,17.0,945,926.0,-19.0,0.0,0.0,-2.0,0900-0959,0.0,,0.0,105.0,93.0,62.0,1.0,414.0,2,,,,,,,,,0,,,,,,,,,,,,,,,,,,,,,,,,,,,,,,,,,,,,,,,,,,,,,
2025,1,1,19,7,2025-01-19,OO,20304,OO,N976SW,4778,13930,1393008,30977,ORD,"Chicago, IL",IL,17,Illinois,41,11637,1163703,31637,FAR,"Fargo, ND",ND,38,North Dakota,66,857,855.0,-2.0,0.0,0.0,-1.0,0800-0859,24.0,919.0,1101.0,6.0,1125,1107.0,-18.0,0.0,0.0,-2.0,1100-1159,0.0,,0.0,148.0,132.0,102.0,1.0,557.0,3,,,,,,,,,0,,,,,,,,,,,,,,,,,,,,,,,,,,,,,,,,,,,,,,,,,,,,,
2025,1,1,19,7,2025-01-19,DL,19790,DL,N309DU,2231,13930,1393008,30977,ORD,"Chicago, IL",IL,17,Illinois,41,14869,1486903,34614,SLC,"Salt Lake City, UT",UT,49,Utah,87,715,704.0,-11.0,0.0,0.0,-1.0,0700-0759,16.0,720.0,920.0,8.0,1009,928.0,-41.0,0.0,0.0,-2.0,1000-1059,0.0,,0.0,234.0,204.0,180.0,1.0,1250.0,6,,,,,,,,,0,,,,,,,,,,,,,,,,,,,,,,,,,,,,,,,,,,,,,,,,,,,,,
2025,1,1,7,2,2025-01-07,MQ,20398,MQ,N209NN,4254,10408,1040805,30408,ATW,"Appleton, WI",WI,55,Wisconsin,45,11057,1105703,31057,CLT,"Charlotte, NC",NC,37,North Carolina,36,610,609.0,-1.0,0.0,0.0,-1.0,0600-0659,26.0,635.0,908.0,26.0,940,934.0,-6.0,0.0,0.0,-1.0,0900-0959,0.0,,0.0,150.0,145.0,93.0,1.0,742.0,3,,,,,,,,,0,,,,,,,,,,,,,,,,,,,,,,,,,,,,,,,,,,,,,,,,,,,,,
2025,1,1,20,1,2025-01-20,DL,19790,DL,N366DX,1527,10397,1039707,30397,ATL,"Atlanta, GA",GA,13,Georgia,34,14027,1402702,34027,PBI,"West Palm Beach/Palm Beach, FL",FL,12,Florida,33,954,954.0,0.0,0.0,0.0,0.0,0900-0959,22.0,1016.0,1144.0,5.0,1148,1149.0,1.0,1.0,0.0,0.0,1100-1159,0.0,,0.0,114.0,115.0,88.0,1.0,545.0,3,,,,,,,,,0,,,,,,,,,,,,,,,,,,,,,,,,,,,,,,,,,,,,,,,,,,,,,
2025,1,1,4,6,2025-01-04,AA,19805,AA,N141NN,373,14679,1467903,33570,SAN,"San Diego, CA",CA,6,California,91,11298,1129806,30194,DFW,"Dallas/Fort Worth, TX",TX,48,Texas,74,715,716.0,1.0,1.0,0.0,0.0,0700-0759,20.0,736.0,1201.0,12.0,1214,1213.0,-1.0,0.0,0.0,-1.0,1200-1259,0.0,,0.0,179.0,177.0,145.0,1.0,1171.0,5,,,,,,,,,0,,,,,,,,,,,,,,,,,,,,,,,,,,,,,,,,,,,,,,,,,,,,,
2025,1,1,22,3,2025-01-22,OO,20304,OO,N506SY,6232,14893,1489302,33192,SMF,"Sacramento, CA",CA,6,California,91,14107,1410702,30466,PHX,"Phoenix, AZ",AZ,4,Arizona,81,1006,959.0,-7.0,0.0,0.0,-1.0,1000-1059,15.0,1014.0,1248.0,6.0,1303,1254.0,-9.0,0.0,0.0,-1.0,1300-1359,0.0,,0.0,117.0,115.0,94.0,1.0,647.0,3,,,,,,,,,0,,,,,,,,,,,,,,,,,,,,,,,,,,,,,,,,,,,,,,,,,,,,,
2025,1,1,13,1,2025-01-13,WN,19393,WN,N946WN,3158,13204,1320402,31454,MCO,"Orlando, FL",FL,12,Florida,33,12391,1239103,31703,ISP,"Islip, NY",NY,36,New York,22,1620,1621.0,1.0,1.0,0.0,0.0,1600-1659,8.0,1629.0,1827.0,3.0,1855,1830.0,-25.0,0.0,0.0,-2.0,1800-1859,0.0,,0.0,155.0,129.0,118.0,1.0,971.0,4,,,,,,,,,0,,,,,,,,,,,,,,,,,,,,,,,,,,,,,,,,,,,,,,,,,,,,,
2025,1,1,24,5,2025-01-24,YX,20452,YX,N749YX,3597,14492,1449202,34492,RDU,"Raleigh/Durham, NC",NC,37,North Carolina,36,13930,1393008,30977,ORD,"Chicago, IL",IL,17,Illinois,41,1256,1249.0,-7.0,0.0,0.0,-1.0,1200-1259,14.0,1303.0,1351.0,11.0,1435,1402.0,-33.0,0.0,0.0,-2.0,1400-1459,0.0,,0.0,159.0,133.0,108.0,1.0,646.0,3,,,,,,,,,0,,,,,,,,,,,,,,,,,,,,,,,,,,,,,,,,,,,,,,,,,,,,,
2025,1,1,6,1,2025-01-06,OO,20304,OO,N709BR,5023,11292,1129202,30325,DEN,"Denver, CO",CO,8,Colorado,82,10558,1055803,30558,BFF,"Scottsbluff, NE",NE,31,Nebraska,65,745,822.0,37.0,37.0,1.0,2.0,0700-0759,17.0,839.0,910.0,6.0,850,916.0,26.0,26.0,1.0,1.0,0800-0859,0.0,,0.0,65.0,54.0,31.0,1.0,150.0,1,0.0,0.0,0.0,0.0,26.0,,,,0,,,,,,,,,,,,,,,,,,,,,,,,,,,,,,,,,,,,,,,,,,,,,
2025,1,1,28,2,2025-01-28,NK,20416,NK,N671NK,1648,10397,1039707,30397,ATL,"Atlanta, GA",GA,13,Georgia,34,11433,1143302,31295,DTW,"Detroit, MI",MI,26,Michigan,43,2046,2040.0,-6.0,0.0,0.0,-1.0,2000-2059,12.0,2052.0,2224.0,11.0,2245,2235.0,-10.0,0.0,0.0,-1.0,2200-2259,0.0,,0.0,119.0,115.0,92.0,1.0,594.0,3,,,,,,,,,0,,,,,,,,,,,,,,,,,,,,,,,,,,,,,,,,,,,,,,,,,,,,,
2025,1,1,18,6,2025-01-18,WN,19393,WN,N468WN,2528,14893,1489302,33192,SMF,"Sacramento, CA",CA,6,California,91,13891,1389101,32575,ONT,"Ontario, CA",CA,6,California,91,1335,1355.0,20.0,20.0,1.0,1.0,1300-1359,14.0,1409.0,1507.0,3.0,1500,1510.0,10.0,10.0,0.0,0.0,1500-1559,0.0,,0.0,85.0,75.0,58.0,1.0,390.0,2,,,,,,,,,0,,,,,,,,,,,,,,,,,,,,,,,,,,,,,,,,,,,,,,,,,,,,,
2025,1,1,21,2,2025-01-21,WN,19393,WN,N934WN,1125,14831,1483106,32457,SJC,"San Jose, CA",CA,6,California,91,14679,1467903,33570,SAN,"San Diego, CA",CA,6,California,91,900,854.0,-6.0,0.0,0.0,-1.0,0900-0959,9.0,903.0,1004.0,3.0,1025,1007.0,-18.0,0.0,0.0,-2.0,1000-1059,0.0,,0.0,85.0,73.0,61.0,1.0,417.0,2,,,,,,,,,0,,,,,,,,,,,,,,,,,,,,,,,,,,,,,,,,,,,,,,,,,,,,,
2025,1,1,6,1,2025-01-06,F9,20436,F9,N390FR,1874,11292,1129202,30325,DEN,"Denver, CO",CO,8,Colorado,82,13871,1387102,33316,OMA,"Omaha, NE",NE,31,Nebraska,65,1600,1550.0,-10.0,0.0,0.0,-1.0,1600-1659,17.0,1607.0,1811.0,10.0,1828,1821.0,-7.0,0.0,0.0,-1.0,1800-1859,0.0,,0.0,88.0,91.0,64.0,1.0,472.0,2,,,,,,,,,0,,,,,,,,,,,,,,,,,,,,,,,,,,,,,,,,,,,,,,,,,,,,,
2025,1,1,2,4,2025-01-02,WN,19393,WN,N8693A,978,10821,1082106,30852,BWI,"Baltimore, MD",MD,24,Maryland,35,14986,1498603,34986,SRQ,"Sarasota/Bradenton, FL",FL,12,Florida,33,820,829.0,9.0,9.0,0.0,0.0,0800-0859,22.0,851.0,1113.0,4.0,1105,1117.0,12.0,12.0,0.0,0.0,1100-1159,0.0,,0.0,165.0,168.0,142.0,1.0,880.0,4,,,,,,,,,0,,,,,,,,,,,,,,,,,,,,,,,,,,,,,,,,,,,,,,,,,,,,,
2025,1,1,11,6,2025-01-11,WN,19393,WN,N7728D,5315,13232,1323202,30977,MDW,"Chicago, IL",IL,17,Illinois,41,10693,1069302,30693,BNA,"Nashville, TN",TN,47,Tennessee,54,910,907.0,-3.0,0.0,0.0,-1.0,0900-0959,15.0,922.0,1016.0,5.0,1040,1021.0,-19.0,0.0,0.0,-2.0,1000-1059,0.0,,0.0,90.0,74.0,54.0,1.0,395.0,2,,,,,,,,,0,,,,,,,,,,,,,,,,,,,,,,,,,,,,,,,,,,,,,,,,,,,,,
2025,1,1,9,4,2025-01-09,WN,19393,WN,N8501V,2550,14262,1426204,34262,PSP,"Palm Springs, CA",CA,6,California,91,12889,1288904,32211,LAS,"Las Vegas, NV",NV,32,Nevada,85,1545,1642.0,57.0,57.0,1.0,3.0,1500-1559,14.0,1656.0,1737.0,8.0,1655,1745.0,50.0,50.0,1.0,3.0,1600-1659,0.0,,0.0,70.0,63.0,41.0,1.0,173.0,1,0.0,50.0,0.0,0.0,0.0,,,,0,,,,,,,,,,,,,,,,,,,,,,,,,,,,,,,,,,,,,,,,,,,,,
2025,1,1,8,3,2025-01-08,B6,20409,B6,N633JB,866,11697,1169706,32467,FLL,"Fort Lauderdale, FL",FL,12,Florida,33,10792,1079206,30792,BUF,"Buffalo, NY",NY,36,New York,22,1955,1956.0,1.0,1.0,0.0,0.0,1900-1959,19.0,2015.0,2257.0,3.0,2258,2300.0,2.0,2.0,0.0,0.0,2200-2259,0.0,,0.0,183.0,184.0,162.0,1.0,1166.0,5,,,,,,,,,0,,,,,,,,,,,,,,,,,,,,,,,,,,,,,,,,,,,,,,,,,,,,,
2025,1,1,10,5,2025-01-10,WN,19393,WN,N8662F,27,11259,1125904,30194,DAL,"Dallas, TX",TX,48,Texas,74,12191,1219103,31453,HOU,"Houston, TX",TX,48,Texas,74,1300,1259.0,-1.0,0.0,0.0,-1.0,1300-1359,16.0,1315.0,1405.0,2.0,1415,1407.0,-8.0,0.0,0.0,-1.0,1400-1459,0.0,,0.0,75.0,68.0,50.0,1.0,239.0,1,,,,,,,,,0,,,,,,,,,,,,,,,,,,,,,,,,,,,,,,,,,,,,,,,,,,,,,
2025,1,1,28,2,2025-01-28,YX,20452,YX,N437YX,4554,12953,1295304,31703,LGA,"New York, NY",NY,36,New York,22,15919,1591905,31834,XNA,"Fayetteville, AR",AR,5,Arkansas,71,1824,1823.0,-1.0,0.0,0.0,-1.0,1800-1859,26.0,1849.0,2038.0,12.0,2103,2050.0,-13.0,0.0,0.0,-1.0,2100-2159,0.0,,0.0,219.0,207.0,169.0,1.0,1147.0,5,,,,,,,,,0,,,,,,,,,,,,,,,,,,,,,,,,,,,,,,,,,,,,,,,,,,,,,
2025,1,1,25,6,2025-01-25,WN,19393,WN,N8892S,1201,10693,1069302,30693,BNA,"Nashville, TN",TN,47,Tennessee,54,11042,1104205,30647,CLE,"Cleveland, OH",OH,39,Ohio,44,1625,1629.0,4.0,4.0,0.0,0.0,1600-1659,17.0,1646.0,1852.0,5.0,1855,1857.0,2.0,2.0,0.0,0.0,1800-1859,0.0,,0.0,90.0,88.0,66.0,1.0,448.0,2,,,,,,,,,0,,,,,,,,,,,,,,,,,,,,,,,,,,,,,,,,,,,,,,,,,,,,,
2025,1,1,18,6,2025-01-18,DL,19790,DL,N539US,435,12982,1298202,32982,LIH,"Lihue, HI",HI,15,Hawaii,2,12892,1289208,32575,LAX,"Los Angeles, CA",CA,6,California,91,2134,2123.0,-11.0,0.0,0.0,-1.0,2100-2159,14.0,2137.0,434.0,8.0,500,442.0,-18.0,0.0,0.0,-2.0,0001-0559,0.0,,0.0,326.0,319.0,297.0,1.0,2615.0,11,,,,,,,,,0,,,,,,,,,,,,,,,,,,,,,,,,,,,,,,,,,,,,,,,,,,,,,
2025,1,1,11,6,2025-01-11,AA,19805,AA,N889NN,1364,13303,1330303,32467,MIA,"Miami, FL",FL,12,Florida,33,14843,1484306,34819,SJU,"San Juan, PR",PR,72,Puerto Rico,3,1824,1846.0,22.0,22.0,1.0,1.0,1800-1859,37.0,1923.0,2223.0,5.0,2159,2228.0,29.0,29.0,1.0,1.0,2100-2159,0.0,,0.0,155.0,162.0,120.0,1.0,1045.0,5,22.0,0.0,7.0,0.0,0.0,,,,0,,,,,,,,,,,,,,,,,,,,,,,,,,,,,,,,,,,,,,,,,,,,,
2025,1,1,9,4,2025-01-09,F9,20436,F9,N625FR,3025,13303,1330303,32467,MIA,"Miami, FL",FL,12,Florida,33,11042,1104205,30647,CLE,"Cleveland, OH",OH,39,Ohio,44,1654,1645.0,-9.0,0.0,0.0,-1.0,1600-1659,17.0,1702.0,1936.0,12.0,2003,1948.0,-15.0,0.0,0.0,-1.0,2000-2059,0.0,,0.0,189.0,183.0,154.0,1.0,1080.0,5,,,,,,,,,0,,,,,,,,,,,,,,,,,,,,,,,,,,,,,,,,,,,,,,,,,,,,,
2025,1,1,26,7,2025-01-26,WN,19393,WN,N8629A,2850,12206,1220605,32206,HRL,"Harlingen/San Benito, TX",TX,48,Texas,74,12191,1219103,31453,HOU,"Houston, TX",TX,48,Texas,74,1925,1917.0,-8.0,0.0,0.0,-1.0,1900-1959,11.0,1928.0,2022.0,5.0,2030,2027.0,-3.0,0.0,0.0,-1.0,2000-2059,0.0,,0.0,65.0,70.0,54.0,1.0,277.0,2,,,,,,,,,0,,,,,,,,,,,,,,,,,,,,,,,,,,,,,,,,,,,,,,,,,,,,,
2025,1,1,1,3,2025-01-01,AA,19805,AA,N136AN,3210,11298,1129806,30194,DFW,"Dallas/Fort Worth, TX",TX,48,Texas,74,13204,1320402,31454,MCO,"Orlando, FL",FL,12,Florida,33,1318,1310.0,-8.0,0.0,0.0,-1.0,1300-1359,11.0,1321.0,1618.0,10.0,1649,1628.0,-21.0,0.0,0.0,-2.0,1600-1659,0.0,,0.0,151.0,138.0,117.0,1.0,985.0,4,,,,,,,,,0,,,,,,,,,,,,,,,,,,,,,,,,,,,,,,,,,,,,,,,,,,,,,
2025,1,1,31,5,2025-01-31,OO,20304,OO,N752EV,6317,14107,1410702,30466,PHX,"Phoenix, AZ",AZ,4,Arizona,81,11638,1163807,31638,FAT,"Fresno, CA",CA,6,California,91,1835,1840.0,5.0,5.0,0.0,0.0,1800-1859,16.0,1856.0,1913.0,4.0,1927,1917.0,-10.0,0.0,0.0,-1.0,1900-1959,0.0,,0.0,112.0,97.0,77.0,1.0,493.0,2,,,,,,,,,0,,,,,,,,,,,,,,,,,,,,,,,,,,,,,,,,,,,,,,,,,,,,,
2025,1,1,16,4,2025-01-16,WN,19393,WN,N8507C,2058,13232,1323202,30977,MDW,"Chicago, IL",IL,17,Illinois,41,10792,1079206,30792,BUF,"Buffalo, NY",NY,36,New York,22,1905,1902.0,-3.0,0.0,0.0,-1.0,1900-1959,9.0,1911.0,2118.0,6.0,2135,2124.0,-11.0,0.0,0.0,-1.0,2100-2159,0.0,,0.0,90.0,82.0,67.0,1.0,468.0,2,,,,,,,,,0,,,,,,,,,,,,,,,,,,,,,,,,,,,,,,,,,,,,,,,,,,,,,
2025,1,1,25,6,2025-01-25,DL,19790,DL,N837DN,2167,14057,1405702,34057,PDX,"Portland, OR",OR,41,Oregon,92,13487,1348702,31650,MSP,"Minneapolis, MN",MN,27,Minnesota,63,1400,1357.0,-3.0,0.0,0.0,-1.0,1400-1459,11.0,1408.0,1905.0,5.0,1920,1910.0,-10.0,0.0,0.0,-1.0,1900-1959,0.0,,0.0,200.0,193.0,177.0,1.0,1426.0,6,,,,,,,,,0,,,,,,,,,,,,,,,,,,,,,,,,,,,,,,,,,,,,,,,,,,,,,
2025,1,1,12,7,2025-01-12,AA,19805,AA,N837AW,3145,14107,1410702,30466,PHX,"Phoenix, AZ",AZ,4,Arizona,81,13342,1334207,33342,MKE,"Milwaukee, WI",WI,55,Wisconsin,45,1708,1703.0,-5.0,0.0,0.0,-1.0,1700-1759,10.0,1713.0,2057.0,5.0,2133,2102.0,-31.0,0.0,0.0,-2.0,2100-2159,0.0,,0.0,205.0,179.0,164.0,1.0,1460.0,6,,,,,,,,,0,,,,,,,,,,,,,,,,,,,,,,,,,,,,,,,,,,,,,,,,,,,,,
2025,1,1,20,1,2025-01-20,DL,19790,DL,N174DN,408,14771,1477104,32457,SFO,"San Francisco, CA",CA,6,California,91,10397,1039707,30397,ATL,"Atlanta, GA",GA,13,Georgia,34,1209,1209.0,0.0,0.0,0.0,0.0,1200-1259,18.0,1227.0,1925.0,44.0,1945,2009.0,24.0,24.0,1.0,1.0,1900-1959,0.0,,0.0,276.0,300.0,238.0,1.0,2139.0,9,0.0,0.0,24.0,0.0,0.0,,,,0,,,,,,,,,,,,,,,,,,,,,,,,,,,,,,,,,,,,,,,,,,,,,
2025,1,1,27,1,2025-01-27,DL,19790,DL,N334NB,2771,14869,1486903,34614,SLC,"Salt Lake City, UT",UT,49,Utah,87,12441,1244102,32441,JAC,"Jackson, WY",WY,56,Wyoming,88,1755,1745.0,-10.0,0.0,0.0,-1.0,1700-1759,16.0,1801.0,1835.0,4.0,1902,1839.0,-23.0,0.0,0.0,-2.0,1900-1959,0.0,,0.0,67.0,54.0,34.0,1.0,205.0,1,,,,,,,,,0,,,,,,,,,,,,,,,,,,,,,,,,,,,,,,,,,,,,,,,,,,,,,
2025,1,1,19,7,2025-01-19,WN,19393,WN,N7745A,5828,12339,1233904,32337,IND,"Indianapolis, IN",IN,18,Indiana,42,12889,1288904,32211,LAS,"Las Vegas, NV",NV,32,Nevada,85,620,614.0,-6.0,0.0,0.0,-1.0,0600-0659,9.0,623.0,710.0,4.0,750,714.0,-36.0,0.0,0.0,-2.0,0700-0759,0.0,,0.0,270.0,240.0,227.0,1.0,1590.0,7,,,,,,,,,0,,,,,,,,,,,,,,,,,,,,,,,,,,,,,,,,,,,,,,,,,,,,,
2025,1,1,26,7,2025-01-26,G4,20368,G4,285NV,716,10466,1046602,30466,AZA,"Phoenix, AZ",AZ,4,Arizona,81,11980,1198002,31980,GRI,"Grand Island, NE",NE,31,Nebraska,65,1631,1625.0,-6.0,0.0,0.0,-1.0,1600-1659,12.0,1637.0,1924.0,5.0,1951,1929.0,-22.0,0.0,0.0,-2.0,1900-1959,0.0,,0.0,140.0,124.0,107.0,1.0,905.0,4,,,,,,,,,0,,,,,,,,,,,,,,,,,,,,,,,,,,,,,,,,,,,,,,,,,,,,,
2025,1,1,23,4,2025-01-23,WN,19393,WN,N8912Q,3361,10821,1082106,30852,BWI,"Baltimore, MD",MD,24,Maryland,35,12339,1233904,32337,IND,"Indianapolis, IN",IN,18,Indiana,42,1015,1013.0,-2.0,0.0,0.0,-1.0,1000-1059,13.0,1026.0,1156.0,5.0,1210,1201.0,-9.0,0.0,0.0,-1.0,1200-1259,0.0,,0.0,115.0,108.0,90.0,1.0,516.0,3,,,,,,,,,0,,,,,,,,,,,,,,,,,,,,,,,,,,,,,,,,,,,,,,,,,,,,,
2025,1,1,22,3,2025-01-22,UA,19977,UA,N464UA,2617,13930,1393008,30977,ORD,"Chicago, IL",IL,17,Illinois,41,11775,1177502,31775,FSD,"Sioux Falls, SD",SD,46,South Dakota,67,1943,2001.0,18.0,18.0,1.0,1.0,1900-1959,24.0,2025.0,2136.0,4.0,2133,2140.0,7.0,7.0,0.0,0.0,2100-2159,0.0,,0.0,110.0,99.0,71.0,1.0,462.0,2,,,,,,,,,0,,,,,,,,,,,,,,,,,,,,,,,,,,,,,,,,,,,,,,,,,,,,,
2025,1,1,11,6,2025-01-11,YX,20452,YX,,4419,11995,1199502,31995,GSO,"Greensboro/High Point, NC",NC,37,North Carolina,36,12953,1295304,31703,LGA,"New York, NY",NY,36,New York,22,851,,,,,,0800-0859,,,,,1030,,,,,,1000-1059,1.0,B,0.0,99.0,,,1.0,461.0,2,,,,,,,,,0,,,,,,,,,,,,,,,,,,,,,,,,,,,,,,,,,,,,,,,,,,,,,
2025,1,1,17,5,2025-01-17,WN,19393,WN,N8311Q,2032,13204,1320402,31454,MCO,"Orlando, FL",FL,12,Florida,33,10821,1082106,30852,BWI,"Baltimore, MD",MD,24,Maryland,35,2040,2035.0,-5.0,0.0,0.0,-1.0,2000-2059,8.0,2043.0,2233.0,4.0,2255,2237.0,-18.0,0.0,0.0,-2.0,2200-2259,0.0,,0.0,135.0,122.0,110.0,1.0,787.0,4,,,,,,,,,0,,,,,,,,,,,,,,,,,,,,,,,,,,,,,,,,,,,,,,,,,,,,,
2025,1,1,17,5,2025-01-17,WN,19393,WN,N8305E,3327,14831,1483106,32457,SJC,"San Jose, CA",CA,6,California,91,14107,1410702,30466,PHX,"Phoenix, AZ",AZ,4,Arizona,81,1035,1035.0,0.0,0.0,0.0,0.0,1000-1059,13.0,1048.0,1317.0,6.0,1325,1323.0,-2.0,0.0,0.0,-1.0,1300-1359,0.0,,0.0,110.0,108.0,89.0,1.0,621.0,3,,,,,,,,,0,,,,,,,,,,,,,,,,,,,,,,,,,,,,,,,,,,,,,,,,,,,,,
2025,1,1,23,4,2025-01-23,AS,19930,AS,N472AS,406,14747,1474703,30559,SEA,"Seattle, WA",WA,53,Washington,93,12264,1226402,30852,IAD,"Washington, DC",VA,51,Virginia,38,954,948.0,-6.0,0.0,0.0,-1.0,0900-0959,13.0,1001.0,1723.0,8.0,1757,1731.0,-26.0,0.0,0.0,-2.0,1700-1759,0.0,,0.0,303.0,283.0,262.0,1.0,2306.0,10,,,,,,,,,0,,,,,,,,,,,,,,,,,,,,,,,,,,,,,,,,,,,,,,,,,,,,,
2025,1,1,12,7,2025-01-12,MQ,20398,MQ,N785BR,3826,11193,1119302,33105,CVG,"Cincinnati, OH",KY,21,Kentucky,52,13930,1393008,30977,ORD,"Chicago, IL",IL,17,Illinois,41,830,829.0,-1.0,0.0,0.0,-1.0,0800-0859,17.0,846.0,835.0,49.0,859,924.0,25.0,25.0,1.0,1.0,0800-0859,0.0,,0.0,89.0,115.0,49.0,1.0,264.0,2,0.0,0.0,25.0,0.0,0.0,,,,0,,,,,,,,,,,,,,,,,,,,,,,,,,,,,,,,,,,,,,,,,,,,,
2025,1,1,23,4,2025-01-23,UA,19977,UA,N37507,1542,14492,1449202,34492,RDU,"Raleigh/Durham, NC",NC,37,North Carolina,36,11292,1129202,30325,DEN,"Denver, CO",CO,8,Colorado,82,800,751.0,-9.0,0.0,0.0,-1.0,0800-0859,14.0,805.0,935.0,18.0,1008,953.0,-15.0,0.0,0.0,-1.0,1000-1059,0.0,,0.0,248.0,242.0,210.0,1.0,1436.0,6,,,,,,,,,0,,,,,,,,,,,,,,,,,,,,,,,,,,,,,,,,,,,,,,,,,,,,,
2025,1,1,11,6,2025-01-11,UA,19977,UA,N13138,1251,11618,1161802,31703,EWR,"Newark, NJ",NJ,34,New Jersey,21,11503,1150305,31503,EGE,"Eagle, CO",CO,8,Colorado,82,820,904.0,44.0,44.0,1.0,2.0,0800-0859,22.0,926.0,1130.0,4.0,1111,1134.0,23.0,23.0,1.0,1.0,1100-1159,0.0,,0.0,291.0,270.0,244.0,1.0,1725.0,7,18.0,0.0,0.0,0.0,5.0,,,,0,,,,,,,,,,,,,,,,,,,,,,,,,,,,,,,,,,,,,,,,,,,,,
2025,1,1,13,1,2025-01-13,UA,19977,UA,N34460,2438,11618,1161802,31703,EWR,"Newark, NJ",NJ,34,New Jersey,21,12266,1226603,31453,IAH,"Houston, TX",TX,48,Texas,74,702,707.0,5.0,5.0,0.0,0.0,0700-0759,21.0,728.0,1008.0,9.0,1015,1017.0,2.0,2.0,0.0,0.0,1000-1059,0.0,,0.0,253.0,250.0,220.0,1.0,1400.0,6,,,,,,,,,0,,,,,,,,,,,,,,,,,,,,,,,,,,,,,,,,,,,,,,,,,,,,,
2025,1,1,31,5,2025-01-31,AA,19805,AA,N357TY,1006,11109,1110902,30189,COS,"Colorado Springs, CO",CO,8,Colorado,82,11298,1129806,30194,DFW,"Dallas/Fort Worth, TX",TX,48,Texas,74,1703,1646.0,-17.0,0.0,0.0,-2.0,1700-1759,15.0,1701.0,1922.0,21.0,2002,1943.0,-19.0,0.0,0.0,-2.0,2000-2059,0.0,,0.0,119.0,117.0,81.0,1.0,592.0,3,,,,,,,,,0,,,,,,,,,,,,,,,,,,,,,,,,,,,,,,,,,,,,,,,,,,,,,
2025,1,1,10,5,2025-01-10,AS,19930,AS,N248AK,391,12339,1233904,32337,IND,"Indianapolis, IN",IN,18,Indiana,42,14747,1474703,30559,SEA,"Seattle, WA",WA,53,Washington,93,1833,1848.0,15.0,15.0,1.0,1.0,1800-1859,74.0,2002.0,2122.0,10.0,2035,2132.0,57.0,57.0,1.0,3.0,2000-2059,0.0,,0.0,302.0,344.0,260.0,1.0,1866.0,8,0.0,0.0,42.0,0.0,15.0,,,,0,,,,,,,,,,,,,,,,,,,,,,,,,,,,,,,,,,,,,,,,,,,,,
2025,1,1,5,7,2025-01-05,WN,19393,WN,N480WN,4266,14635,1463502,31714,RSW,"Fort Myers, FL",FL,12,Florida,33,15016,1501606,31123,STL,"St. Louis, MO",MO,29,Missouri,64,725,,,,,,0700-0759,,,,,905,,,,,,0900-0959,1.0,B,0.0,160.0,,,1.0,979.0,4,,,,,,,,,0,,,,,,,,,,,,,,,,,,,,,,,,,,,,,,,,,,,,,,,,,,,,,
2025,1,1,19,7,2025-01-19,OO,20304,OO,N755EV,4966,11298,1129806,30194,DFW,"Dallas/Fort Worth, TX",TX,48,Texas,74,12915,1291503,31205,LCH,"Lake Charles, LA",LA,22,Louisiana,72,1010,1009.0,-1.0,0.0,0.0,-1.0,1000-1059,21.0,1030.0,1122.0,4.0,1140,1126.0,-14.0,0.0,0.0,-1.0,1100-1159,0.0,,0.0,90.0,77.0,52.0,1.0,295.0,2,,,,,,,,,0,,,,,,,,,,,,,,,,,,,,,,,,,,,,,,,,,,,,,,,,,,,,,
2025,1,1,1,3,2025-01-01,WN,19393,WN,N225WN,2178,14771,1477104,32457,SFO,"San Francisco, CA",CA,6,California,91,14679,1467903,33570,SAN,"San Diego, CA",CA,6,California,91,730,728.0,-2.0,0.0,0.0,-1.0,0700-0759,16.0,744.0,848.0,5.0,855,853.0,-2.0,0.0,0.0,-1.0,0800-0859,0.0,,0.0,85.0,85.0,64.0,1.0,447.0,2,,,,,,,,,0,,,,,,,,,,,,,,,,,,,,,,,,,,,,,,,,,,,,,,,,,,,,,
2025,1,1,16,4,2025-01-16,B6,20409,B6,N3196J,1291,10721,1072102,30721,BOS,"Boston, MA",MA,25,Massachusetts,13,15304,1530402,33195,TPA,"Tampa, FL",FL,12,Florida,33,1155,1148.0,-7.0,0.0,0.0,-1.0,1100-1159,13.0,1201.0,1455.0,5.0,1527,1500.0,-27.0,0.0,0.0,-2.0,1500-1559,0.0,,0.0,212.0,192.0,174.0,1.0,1185.0,5,,,,,,,,,0,,,,,,,,,,,,,,,,,,,,,,,,,,,,,,,,,,,,,,,,,,,,,
2025,1,1,8,3,2025-01-08,B6,20409,B6,N929JB,503,12478,1247805,31703,JFK,"New York, NY",NY,36,New York,22,14843,1484306,34819,SJU,"San Juan, PR",PR,72,Puerto Rico,3,800,753.0,-7.0,0.0,0.0,-1.0,0800-0859,18.0,811.0,1223.0,7.0,1252,1230.0,-22.0,0.0,0.0,-2.0,1200-1259,0.0,,0.0,232.0,217.0,192.0,1.0,1598.0,7,,,,,,,,,0,,,,,,,,,,,,,,,,,,,,,,,,,,,,,,,,,,,,,,,,,,,,,
2025,1,1,4,6,2025-01-04,YX,20452,YX,N776YX,3440,11057,1105703,31057,CLT,"Charlotte, NC",NC,37,North Carolina,36,11618,1161802,31703,EWR,"Newark, NJ",NJ,34,New Jersey,21,1125,1111.0,-14.0,0.0,0.0,-1.0,1100-1159,21.0,1132.0,1253.0,4.0,1327,1257.0,-30.0,0.0,0.0,-2.0,1300-1359,0.0,,0.0,122.0,106.0,81.0,1.0,529.0,3,,,,,,,,,0,,,,,,,,,,,,,,,,,,,,,,,,,,,,,,,,,,,,,,,,,,,,,
2025,1,1,31,5,2025-01-31,OH,20397,OH,N542EA,5150,11278,1127805,30852,DCA,"Washington, DC",VA,51,Virginia,38,10529,1052907,30529,BDL,"Hartford, CT",CT,9,Connecticut,11,2221,2357.0,96.0,96.0,1.0,6.0,2200-2259,20.0,17.0,108.0,4.0,2344,112.0,88.0,88.0,1.0,5.0,2300-2359,0.0,,0.0,83.0,75.0,51.0,1.0,313.0,2,25.0,0.0,0.0,0.0,63.0,,,,0,,,,,,,,,,,,,,,,,,,,,,,,,,,,,,,,,,,,,,,,,,,,,
2025,1,1,1,3,2025-01-01,AA,19805,AA,N922US,2935,11057,1105703,31057,CLT,"Charlotte, NC",NC,37,North Carolina,36,12266,1226603,31453,IAH,"Houston, TX",TX,48,Texas,74,1847,1841.0,-6.0,0.0,0.0,-1.0,1800-1859,21.0,1902.0,2023.0,12.0,2040,2035.0,-5.0,0.0,0.0,-1.0,2000-2059,0.0,,0.0,173.0,174.0,141.0,1.0,912.0,4,,,,,,,,,0,,,,,,,,,,,,,,,,,,,,,,,,,,,,,,,,,,,,,,,,,,,,,
2025,1,1,23,4,2025-01-23,WN,19393,WN,N7748A,2379,10821,1082106,30852,BWI,"Baltimore, MD",MD,24,Maryland,35,10994,1099402,30994,CHS,"Charleston, SC",SC,45,South Carolina,37,850,,,,,,0800-0859,,,,,1045,,,,,,1000-1059,1.0,B,0.0,115.0,,,1.0,472.0,2,,,,,,,,,0,,,,,,,,,,,,,,,,,,,,,,,,,,,,,,,,,,,,,,,,,,,,,
2025,1,1,25,6,2025-01-25,UA,19977,UA,N4888U,1044,13930,1393008,30977,ORD,"Chicago, IL",IL,17,Illinois,41,11298,1129806,30194,DFW,"Dallas/Fort Worth, TX",TX,48,Texas,74,1035,1028.0,-7.0,0.0,0.0,-1.0,1000-1059,15.0,1043.0,1250.0,10.0,1325,1300.0,-25.0,0.0,0.0,-2.0,1300-1359,0.0,,0.0,170.0,152.0,127.0,1.0,802.0,4,,,,,,,,,0,,,,,,,,,,,,,,,,,,,,,,,,,,,,,,,,,,,,,,,,,,,,,
2025,1,1,31,5,2025-01-31,OO,20304,OO,N608UX,5501,11292,1129202,30325,DEN,"Denver, CO",CO,8,Colorado,82,15412,1541206,35412,TYS,"Knoxville, TN",TN,47,Tennessee,54,959,1004.0,5.0,5.0,0.0,0.0,0900-0959,12.0,1016.0,1444.0,6.0,1459,1450.0,-9.0,0.0,0.0,-1.0,1400-1459,0.0,,0.0,180.0,166.0,148.0,1.0,1162.0,5,,,,,,,,,0,,,,,,,,,,,,,,,,,,,,,,,,,,,,,,,,,,,,,,,,,,,,,
2025,1,1,16,4,2025-01-16,UA,19977,UA,N873UA,634,11292,1129202,30325,DEN,"Denver, CO",CO,8,Colorado,82,12441,1244102,32441,JAC,"Jackson, WY",WY,56,Wyoming,88,1340,1442.0,62.0,62.0,1.0,4.0,1300-1359,9.0,1451.0,1555.0,5.0,1517,1600.0,43.0,43.0,1.0,2.0,1500-1559,0.0,,0.0,97.0,78.0,64.0,1.0,406.0,2,0.0,43.0,0.0,0.0,0.0,,,,0,,,,,,,,,,,,,,,,,,,,,,,,,,,,,,,,,,,,,,,,,,,,,
2025,1,1,15,3,2025-01-15,WN,19393,WN,N8307K,4436,10821,1082106,30852,BWI,"Baltimore, MD",MD,24,Maryland,35,14307,1430706,30721,PVD,"Providence, RI",RI,44,Rhode Island,15,1515,1512.0,-3.0,0.0,0.0,-1.0,1500-1559,9.0,1521.0,1613.0,3.0,1630,1616.0,-14.0,0.0,0.0,-1.0,1600-1659,0.0,,0.0,75.0,64.0,52.0,1.0,327.0,2,,,,,,,,,0,,,,,,,,,,,,,,,,,,,,,,,,,,,,,,,,,,,,,,,,,,,,,
2025,1,1,6,1,2025-01-06,YX,20452,YX,N128HQ,4445,12953,1295304,31703,LGA,"New York, NY",NY,36,New York,22,10693,1069302,30693,BNA,"Nashville, TN",TN,47,Tennessee,54,1655,,,,,,1600-1659,,,,,1835,,,,,,1800-1859,1.0,B,0.0,160.0,,,1.0,764.0,4,,,,,,,,,0,,,,,,,,,,,,,,,,,,,,,,,,,,,,,,,,,,,,,,,,,,,,,
2025,1,1,11,6,2025-01-11,WN,19393,WN,N481WN,2592,13232,1323202,30977,MDW,"Chicago, IL",IL,17,Illinois,41,13871,1387102,33316,OMA,"Omaha, NE",NE,31,Nebraska,65,1405,1408.0,3.0,3.0,0.0,0.0,1400-1459,13.0,1421.0,1528.0,4.0,1535,1532.0,-3.0,0.0,0.0,-1.0,1500-1559,0.0,,0.0,90.0,84.0,67.0,1.0,423.0,2,,,,,,,,,0,,,,,,,,,,,,,,,,,,,,,,,,,,,,,,,,,,,,,,,,,,,,,
2025,1,1,28,2,2025-01-28,OO,20304,OO,N854AS,5456,16869,1686902,32389,XWA,"Williston, ND",ND,38,North Dakota,66,11292,1129202,30325,DEN,"Denver, CO",CO,8,Colorado,82,1705,1704.0,-1.0,0.0,0.0,-1.0,1700-1759,33.0,1737.0,1802.0,9.0,1820,1811.0,-9.0,0.0,0.0,-1.0,1800-1859,0.0,,0.0,135.0,127.0,85.0,1.0,582.0,3,,,,,,,,,0,,,,,,,,,,,,,,,,,,,,,,,,,,,,,,,,,,,,,,,,,,,,,
2025,1,1,18,6,2025-01-18,DL,19790,DL,N308DU,2411,12953,1295304,31703,LGA,"New York, NY",NY,36,New York,22,13495,1349505,33495,MSY,"New Orleans, LA",LA,22,Louisiana,72,700,658.0,-2.0,0.0,0.0,-1.0,0700-0759,42.0,740.0,946.0,5.0,941,951.0,10.0,10.0,0.0,0.0,0900-0959,0.0,,0.0,221.0,233.0,186.0,1.0,1183.0,5,,,,,,,,,0,,,,,,,,,,,,,,,,,,,,,,,,,,,,,,,,,,,,,,,,,,,,,
2025,1,1,16,4,2025-01-16,DL,19790,DL,N315NB,2568,12892,1289208,32575,LAX,"Los Angeles, CA",CA,6,California,91,14683,1468305,33214,SAT,"San Antonio, TX",TX,48,Texas,74,955,947.0,-8.0,0.0,0.0,-1.0,0900-0959,23.0,1010.0,1433.0,7.0,1443,1440.0,-3.0,0.0,0.0,-1.0,1400-1459,0.0,,0.0,168.0,173.0,143.0,1.0,1211.0,5,,,,,,,,,0,,,,,,,,,,,,,,,,,,,,,,,,,,,,,,,,,,,,,,,,,,,,,
2025,1,1,29,3,2025-01-29,OO,20304,OO,N504SY,6315,12892,1289208,32575,LAX,"Los Angeles, CA",CA,6,California,91,15376,1537604,30436,TUS,"Tucson, AZ",AZ,4,Arizona,81,1930,1928.0,-2.0,0.0,0.0,-1.0,1900-1959,18.0,1946.0,2151.0,10.0,2202,2201.0,-1.0,0.0,0.0,-1.0,2200-2259,0.0,,0.0,92.0,93.0,65.0,1.0,451.0,2,,,,,,,,,0,,,,,,,,,,,,,,,,,,,,,,,,,,,,,,,,,,,,,,,,,,,,,
2025,1,1,27,1,2025-01-27,YX,20452,YX,N424YX,4804,14492,1449202,34492,RDU,"Raleigh/Durham, NC",NC,37,North Carolina,36,12478,1247805,31703,JFK,"New York, NY",NY,36,New York,22,1731,1727.0,-4.0,0.0,0.0,-1.0,1700-1759,12.0,1739.0,1841.0,9.0,1916,1850.0,-26.0,0.0,0.0,-2.0,1900-1959,0.0,,0.0,105.0,83.0,62.0,1.0,427.0,2,,,,,,,,,0,,,,,,,,,,,,,,,,,,,,,,,,,,,,,,,,,,,,,,,,,,,,,
2025,1,1,14,2,2025-01-14,MQ,20398,MQ,N227NN,3492,13303,1330303,32467,MIA,"Miami, FL",FL,12,Florida,33,14685,1468502,34685,SAV,"Savannah, GA",GA,13,Georgia,34,1530,1526.0,-4.0,0.0,0.0,-1.0,1500-1559,23.0,1549.0,1700.0,7.0,1709,1707.0,-2.0,0.0,0.0,-1.0,1700-1759,0.0,,0.0,99.0,101.0,71.0,1.0,440.0,2,,,,,,,,,0,,,,,,,,,,,,,,,,,,,,,,,,,,,,,,,,,,,,,,,,,,,,,
2025,1,1,2,4,2025-01-02,OO,20304,OO,N150SY,5440,14771,1477104,32457,SFO,"San Francisco, CA",CA,6,California,91,14908,1490803,32575,SNA,"Santa Ana, CA",CA,6,California,91,1318,1308.0,-10.0,0.0,0.0,-1.0,1300-1359,36.0,1344.0,1454.0,20.0,1458,1514.0,16.0,16.0,1.0,1.0,1400-1459,0.0,,0.0,100.0,126.0,70.0,1.0,372.0,2,16.0,0.0,0.0,0.0,0.0,,,,0,,,,,,,,,,,,,,,,,,,,,,,,,,,,,,,,,,,,,,,,,,,,,
2025,1,1,15,3,2025-01-15,WN,19393,WN,N947WN,1045,11278,1127805,30852,DCA,"Washington, DC",VA,51,Virginia,38,10693,1069302,30693,BNA,"Nashville, TN",TN,47,Tennessee,54,1900,1859.0,-1.0,0.0,0.0,-1.0,1900-1959,13.0,1912.0,1941.0,4.0,2005,1945.0,-20.0,0.0,0.0,-2.0,2000-2059,0.0,,0.0,125.0,106.0,89.0,1.0,562.0,3,,,,,,,,,0,,,,,,,,,,,,,,,,,,,,,,,,,,,,,,,,,,,,,,,,,,,,,
2025,1,1,30,4,2025-01-30,WN,19393,WN,N945WN,1699,14107,1410702,30466,PHX,"Phoenix, AZ",AZ,4,Arizona,81,11066,1106606,31066,CMH,"Columbus, OH",OH,39,Ohio,44,1835,1835.0,0.0,0.0,0.0,0.0,1800-1859,8.0,1843.0,2350.0,4.0,5,2354.0,-11.0,0.0,0.0,-1.0,0001-0559,0.0,,0.0,210.0,199.0,187.0,1.0,1670.0,7,,,,,,,,,0,,,,,,,,,,,,,,,,,,,,,,,,,,,,,,,,,,,,,,,,,,,,,
2025,1,1,15,3,2025-01-15,WN,19393,WN,N419WN,8,12992,1299206,32600,LIT,"Little Rock, AR",AR,5,Arkansas,71,12889,1288904,32211,LAS,"Las Vegas, NV",NV,32,Nevada,85,1130,1121.0,-9.0,0.0,0.0,-1.0,1100-1159,9.0,1130.0,1224.0,3.0,1305,1227.0,-38.0,0.0,0.0,-2.0,1300-1359,0.0,,0.0,215.0,186.0,174.0,1.0,1294.0,6,,,,,,,,,0,,,,,,,,,,,,,,,,,,,,,,,,,,,,,,,,,,,,,,,,,,,,,
2025,1,1,4,6,2025-01-04,UA,19977,UA,N78866,2433,12266,1226603,31453,IAH,"Houston, TX",TX,48,Texas,74,11292,1129202,30325,DEN,"Denver, CO",CO,8,Colorado,82,720,716.0,-4.0,0.0,0.0,-1.0,0700-0759,23.0,739.0,839.0,8.0,900,847.0,-13.0,0.0,0.0,-1.0,0900-0959,0.0,,0.0,160.0,151.0,120.0,1.0,862.0,4,,,,,,,,,0,,,,,,,,,,,,,,,,,,,,,,,,,,,,,,,,,,,,,,,,,,,,,
2025,1,1,6,1,2025-01-06,MQ,20398,MQ,N203NN,4109,13303,1330303,32467,MIA,"Miami, FL",FL,12,Florida,33,14193,1419306,33728,PNS,"Pensacola, FL",FL,12,Florida,33,2254,2331.0,37.0,37.0,1.0,2.0,2200-2259,20.0,2351.0,21.0,3.0,2353,24.0,31.0,31.0,1.0,2.0,2300-2359,0.0,,0.0,119.0,113.0,90.0,1.0,530.0,3,9.0,0.0,0.0,0.0,22.0,,,,0,,,,,,,,,,,,,,,,,,,,,,,,,,,,,,,,,,,,,,,,,,,,,
2025,1,1,31,5,2025-01-31,DL,19790,DL,N944DZ,1155,10693,1069302,30693,BNA,"Nashville, TN",TN,47,Tennessee,54,10397,1039707,30397,ATL,"Atlanta, GA",GA,13,Georgia,34,1124,1657.0,333.0,333.0,1.0,12.0,1100-1159,20.0,1717.0,1902.0,6.0,1334,1908.0,334.0,334.0,1.0,12.0,1300-1359,0.0,,0.0,70.0,71.0,45.0,1.0,214.0,1,333.0,0.0,1.0,0.0,0.0,,,,0,,,,,,,,,,,,,,,,,,,,,,,,,,,,,,,,,,,,,,,,,,,,,
2025,1,1,10,5,2025-01-10,DL,19790,DL,N325DN,366,10397,1039707,30397,ATL,"Atlanta, GA",GA,13,Georgia,34,14107,1410702,30466,PHX,"Phoenix, AZ",AZ,4,Arizona,81,1238,,,,,,1200-1259,,,,,1454,,,,,,1400-1459,1.0,A,0.0,256.0,,,1.0,1587.0,7,,,,,,,,,0,,,,,,,,,,,,,,,,,,,,,,,,,,,,,,,,,,,,,,,,,,,,,
2025,1,1,27,1,2025-01-27,OH,20397,OH,N582NN,5418,11057,1105703,31057,CLT,"Charlotte, NC",NC,37,North Carolina,36,15412,1541206,35412,TYS,"Knoxville, TN",TN,47,Tennessee,54,1310,1305.0,-5.0,0.0,0.0,-1.0,1300-1359,19.0,1324.0,1403.0,4.0,1418,1407.0,-11.0,0.0,0.0,-1.0,1400-1459,0.0,,0.0,68.0,62.0,39.0,1.0,177.0,1,,,,,,,,,0,,,,,,,,,,,,,,,,,,,,,,,,,,,,,,,,,,,,,,,,,,,,,
2025,1,1,19,7,2025-01-19,WN,19393,WN,N7875A,745,11259,1125904,30194,DAL,"Dallas, TX",TX,48,Texas,74,12896,1289607,32896,LBB,"Lubbock, TX",TX,48,Texas,74,1140,1135.0,-5.0,0.0,0.0,-1.0,1100-1159,12.0,1147.0,1235.0,5.0,1255,1240.0,-15.0,0.0,0.0,-1.0,1200-1259,0.0,,0.0,75.0,65.0,48.0,1.0,293.0,2,,,,,,,,,0,,,,,,,,,,,,,,,,,,,,,,,,,,,,,,,,,,,,,,,,,,,,,
2025,1,1,29,3,2025-01-29,G4,20368,G4,197NV,1544,11721,1172105,31721,FNT,"Flint, MI",MI,26,Michigan,43,14761,1476107,34761,SFB,"Sanford, FL",FL,12,Florida,33,1000,954.0,-6.0,0.0,0.0,-1.0,1000-1059,13.0,1007.0,1213.0,4.0,1259,1217.0,-42.0,0.0,0.0,-2.0,1200-1259,0.0,,0.0,179.0,143.0,126.0,1.0,988.0,4,,,,,,,,,0,,,,,,,,,,,,,,,,,,,,,,,,,,,,,,,,,,,,,,,,,,,,,
2025,1,1,30,4,2025-01-30,DL,19790,DL,N398DN,832,10397,1039707,30397,ATL,"Atlanta, GA",GA,13,Georgia,34,11278,1127805,30852,DCA,"Washington, DC",VA,51,Virginia,38,1755,1747.0,-8.0,0.0,0.0,-1.0,1700-1759,9.0,1756.0,1910.0,11.0,1938,1921.0,-17.0,0.0,0.0,-2.0,1900-1959,0.0,,0.0,103.0,94.0,74.0,1.0,547.0,3,,,,,,,,,0,,,,,,,,,,,,,,,,,,,,,,,,,,,,,,,,,,,,,,,,,,,,,
2025,1,1,23,4,2025-01-23,DL,19790,DL,N326DN,2121,14679,1467903,33570,SAN,"San Diego, CA",CA,6,California,91,13487,1348702,31650,MSP,"Minneapolis, MN",MN,27,Minnesota,63,1205,1155.0,-10.0,0.0,0.0,-1.0,1200-1259,19.0,1214.0,1755.0,4.0,1749,1759.0,10.0,10.0,0.0,0.0,1700-1759,0.0,,0.0,224.0,244.0,221.0,1.0,1532.0,7,,,,,,,,,0,,,,,,,,,,,,,,,,,,,,,,,,,,,,,,,,,,,,,,,,,,,,,
2025,1,1,21,2,2025-01-21,WN,19393,WN,N8328A,59,11259,1125904,30194,DAL,"Dallas, TX",TX,48,Texas,74,12191,1219103,31453,HOU,"Houston, TX",TX,48,Texas,74,2100,,,,,,2100-2159,,,,,2210,,,,,,2200-2259,1.0,B,0.0,70.0,,,1.0,239.0,1,,,,,,,,,0,,,,,,,,,,,,,,,,,,,,,,,,,,,,,,,,,,,,,,,,,,,,,
2025,1,1,15,3,2025-01-15,OO,20304,OO,N742SK,4982,14107,1410702,30466,PHX,"Phoenix, AZ",AZ,4,Arizona,81,11003,1100303,31003,CID,"Cedar Rapids/Iowa City, IA",IA,19,Iowa,61,1950,1946.0,-4.0,0.0,0.0,-1.0,1900-1959,18.0,2004.0,2354.0,8.0,2358,2.0,4.0,4.0,0.0,0.0,2300-2359,0.0,,0.0,188.0,196.0,170.0,1.0,1252.0,6,,,,,,,,,0,,,,,,,,,,,,,,,,,,,,,,,,,,,,,,,,,,,,,,,,,,,,,
2025,1,1,9,4,2025-01-09,OH,20397,OH,N601EN,5451,11057,1105703,31057,CLT,"Charlotte, NC",NC,37,North Carolina,36,14108,1410803,34108,PIA,"Peoria, IL",IL,17,Illinois,41,2046,2041.0,-5.0,0.0,0.0,-1.0,2000-2059,28.0,2109.0,2153.0,4.0,2204,2157.0,-7.0,0.0,0.0,-1.0,2200-2259,0.0,,0.0,138.0,136.0,104.0,1.0,607.0,3,,,,,,,,,0,,,,,,,,,,,,,,,,,,,,,,,,,,,,,,,,,,,,,,,,,,,,,
2025,1,1,2,4,2025-01-02,AS,19930,AS,N612AS,65,14256,1425605,34256,PSG,"Petersburg, AK",AK,2,Alaska,1,12523,1252306,32523,JNU,"Juneau, AK",AK,2,Alaska,1,1222,1214.0,-8.0,0.0,0.0,-1.0,1200-1259,11.0,1225.0,1256.0,3.0,1306,1259.0,-7.0,0.0,0.0,-1.0,1300-1359,0.0,,0.0,44.0,45.0,31.0,1.0,123.0,1,,,,,,,,,0,,,,,,,,,,,,,,,,,,,,,,,,,,,,,,,,,,,,,,,,,,,,,
2025,1,1,30,4,2025-01-30,OH,20397,OH,N615NN,5301,11057,1105703,31057,CLT,"Charlotte, NC",NC,37,North Carolina,36,12945,1294503,32945,LEX,"Lexington, KY",KY,21,Kentucky,52,2033,2027.0,-6.0,0.0,0.0,-1.0,2000-2059,23.0,2050.0,2145.0,5.0,2201,2150.0,-11.0,0.0,0.0,-1.0,2200-2259,0.0,,0.0,88.0,83.0,55.0,1.0,281.0,2,,,,,,,,,0,,,,,,,,,,,,,,,,,,,,,,,,,,,,,,,,,,,,,,,,,,,,,
2025,1,1,27,1,2025-01-27,UA,19977,UA,N87531,2172,11292,1129202,30325,DEN,"Denver, CO",CO,8,Colorado,82,12451,1245102,31136,JAX,"Jacksonville, FL",FL,12,Florida,33,947,947.0,0.0,0.0,0.0,0.0,0900-0959,25.0,1012.0,1445.0,4.0,1510,1449.0,-21.0,0.0,0.0,-2.0,1500-1559,0.0,,0.0,203.0,182.0,153.0,1.0,1447.0,6,,,,,,,,,0,,,,,,,,,,,,,,,,,,,,,,,,,,,,,,,,,,,,,,,,,,,,,
2025,1,1,28,2,2025-01-28,OO,20304,OO,N791SK,5992,13930,1393008,30977,ORD,"Chicago, IL",IL,17,Illinois,41,10372,1037205,30372,ASE,"Aspen, CO",CO,8,Colorado,82,1600,1554.0,-6.0,0.0,0.0,-1.0,1600-1659,32.0,1626.0,1754.0,4.0,1821,1758.0,-23.0,0.0,0.0,-2.0,1800-1859,0.0,,0.0,201.0,184.0,148.0,1.0,1013.0,5,,,,,,,,,0,,,,,,,,,,,,,,,,,,,,,,,,,,,,,,,,,,,,,,,,,,,,,
2025,1,1,5,7,2025-01-05,WN,19393,WN,N8321D,236,10423,1042302,30423,AUS,"Austin, TX",TX,48,Texas,74,14107,1410702,30466,PHX,"Phoenix, AZ",AZ,4,Arizona,81,1945,,,,,,1900-1959,,,,,2125,,,,,,2100-2159,1.0,B,0.0,160.0,,,1.0,872.0,4,,,,,,,,,0,,,,,,,,,,,,,,,,,,,,,,,,,,,,,,,,,,,,,,,,,,,,,
2025,1,1,23,4,2025-01-23,G4,20368,G4,305NV,36,12889,1288904,32211,LAS,"Las Vegas, NV",NV,32,Nevada,85,12278,1227805,30928,ICT,"Wichita, KS",KS,20,Kansas,62,1249,1245.0,-4.0,0.0,0.0,-1.0,1200-1259,31.0,1316.0,1715.0,7.0,1720,1722.0,2.0,2.0,0.0,0.0,1700-1759,0.0,,0.0,151.0,157.0,119.0,1.0,986.0,4,,,,,,,,,0,,,,,,,,,,,,,,,,,,,,,,,,,,,,,,,,,,,,,,,,,,,,,
2025,1,1,3,5,2025-01-03,DL,19790,DL,N960AT,3179,10994,1099402,30994,CHS,"Charleston, SC",SC,45,South Carolina,37,10397,1039707,30397,ATL,"Atlanta, GA",GA,13,Georgia,34,1959,2005.0,6.0,6.0,0.0,0.0,1900-1959,10.0,2015.0,2106.0,20.0,2119,2126.0,7.0,7.0,0.0,0.0,2100-2159,0.0,,0.0,80.0,81.0,51.0,1.0,259.0,2,,,,,,,,,0,,,,,,,,,,,,,,,,,,,,,,,,,,,,,,,,,,,,,,,,,,,,,
2025,1,1,29,3,2025-01-29,OO,20304,OO,N139SY,5575,12892,1289208,32575,LAX,"Los Angeles, CA",CA,6,California,91,14262,1426204,34262,PSP,"Palm Springs, CA",CA,6,California,91,1925,1919.0,-6.0,0.0,0.0,-1.0,1900-1959,16.0,1935.0,2013.0,7.0,2029,2020.0,-9.0,0.0,0.0,-1.0,2000-2059,0.0,,0.0,64.0,61.0,38.0,1.0,110.0,1,,,,,,,,,0,,,,,,,,,,,,,,,,,,,,,,,,,,,,,,,,,,,,,,,,,,,,,
2025,1,1,8,3,2025-01-08,AS,19930,AS,N428AS,608,14747,1474703,30559,SEA,"Seattle, WA",WA,53,Washington,93,14107,1410702,30466,PHX,"Phoenix, AZ",AZ,4,Arizona,81,1854,1849.0,-5.0,0.0,0.0,-1.0,1800-1859,23.0,1912.0,2229.0,5.0,2243,2234.0,-9.0,0.0,0.0,-1.0,2200-2259,0.0,,0.0,169.0,165.0,137.0,1.0,1107.0,5,,,,,,,,,0,,,,,,,,,,,,,,,,,,,,,,,,,,,,,,,,,,,,,,,,,,,,,
2025,1,1,21,2,2025-01-21,DL,19790,DL,N922AT,3008,10397,1039707,30397,ATL,"Atlanta, GA",GA,13,Georgia,34,10868,1086803,30868,CAE,"Columbia, SC",SC,45,South Carolina,37,2057,,,,,,2000-2059,,,,,2155,,,,,,2100-2159,1.0,B,0.0,58.0,,,1.0,192.0,1,,,,,,,,,0,,,,,,,,,,,,,,,,,,,,,,,,,,,,,,,,,,,,,,,,,,,,,
2025,1,1,26,7,2025-01-26,B6,20409,B6,N806JB,2466,11697,1169706,32467,FLL,"Fort Lauderdale, FL",FL,12,Florida,33,10792,1079206,30792,BUF,"Buffalo, NY",NY,36,New York,22,615,610.0,-5.0,0.0,0.0,-1.0,0600-0659,18.0,628.0,903.0,3.0,916,906.0,-10.0,0.0,0.0,-1.0,0900-0959,0.0,,0.0,181.0,176.0,155.0,1.0,1166.0,5,,,,,,,,,0,,,,,,,,,,,,,,,,,,,,,,,,,,,,,,,,,,,,,,,,,,,,,
2025,1,1,24,5,2025-01-24,NK,20416,NK,N634NK,1689,14100,1410005,34100,PHL,"Philadelphia, PA",PA,42,Pennsylvania,23,14843,1484306,34819,SJU,"San Juan, PR",PR,72,Puerto Rico,3,1622,2012.0,230.0,230.0,1.0,12.0,1600-1659,11.0,2023.0,102.0,6.0,2114,108.0,234.0,234.0,1.0,12.0,2100-2159,0.0,,0.0,232.0,236.0,219.0,1.0,1576.0,7,7.0,0.0,4.0,0.0,223.0,,,,0,,,,,,,,,,,,,,,,,,,,,,,,,,,,,,,,,,,,,,,,,,,,,
2025,1,1,3,5,2025-01-03,DL,19790,DL,N376NW,2907,13486,1348603,33486,MSO,"Missoula, MT",MT,30,Montana,84,13487,1348702,31650,MSP,"Minneapolis, MN",MN,27,Minnesota,63,805,803.0,-2.0,0.0,0.0,-1.0,0800-0859,67.0,910.0,1207.0,7.0,1154,1214.0,20.0,20.0,1.0,1.0,1100-1159,0.0,,0.0,169.0,191.0,117.0,1.0,1013.0,5,0.0,0.0,20.0,0.0,0.0,,,,0,,,,,,,,,,,,,,,,,,,,,,,,,,,,,,,,,,,,,,,,,,,,,
2025,1,1,4,6,2025-01-04,AS,19930,AS,N565AS,1101,12892,1289208,32575,LAX,"Los Angeles, CA",CA,6,California,91,13830,1383002,33830,OGG,"Kahului, HI",HI,15,Hawaii,2,700,845.0,105.0,105.0,1.0,7.0,0700-0759,21.0,906.0,1208.0,6.0,1128,1214.0,46.0,46.0,1.0,3.0,1100-1159,0.0,,0.0,388.0,329.0,302.0,1.0,2486.0,10,0.0,0.0,0.0,0.0,46.0,,,,0,,,,,,,,,,,,,,,,,,,,,,,,,,,,,,,,,,,,,,,,,,,,,
2025,1,1,3,5,2025-01-03,AS,19930,AS,N917AK,643,11292,1129202,30325,DEN,"Denver, CO",CO,8,Colorado,82,14747,1474703,30559,SEA,"Seattle, WA",WA,53,Washington,93,600,1218.0,378.0,378.0,1.0,12.0,0600-0659,20.0,1238.0,1403.0,8.0,814,1411.0,357.0,357.0,1.0,12.0,0800-0859,0.0,,0.0,194.0,173.0,145.0,1.0,1024.0,5,0.0,0.0,0.0,0.0,357.0,,,,0,,,,,,,,,,,,,,,,,,,,,,,,,,,,,,,,,,,,,,,,,,,,,
2025,1,1,26,7,2025-01-26,NK,20416,NK,N628NK,3931,11697,1169706,32467,FLL,"Fort Lauderdale, FL",FL,12,Florida,33,14524,1452401,34524,RIC,"Richmond, VA",VA,51,Virginia,38,700,652.0,-8.0,0.0,0.0,-1.0,0700-0759,15.0,707.0,859.0,8.0,915,907.0,-8.0,0.0,0.0,-1.0,0900-0959,0.0,,0.0,135.0,135.0,112.0,1.0,805.0,4,,,,,,,,,0,,,,,,,,,,,,,,,,,,,,,,,,,,,,,,,,,,,,,,,,,,,,,
2025,1,1,6,1,2025-01-06,UA,19977,UA,N27256,1741,14683,1468305,33214,SAT,"San Antonio, TX",TX,48,Texas,74,11618,1161802,31703,EWR,"Newark, NJ",NJ,34,New Jersey,21,1205,1213.0,8.0,8.0,0.0,0.0,1200-1259,24.0,1237.0,1636.0,5.0,1650,1641.0,-9.0,0.0,0.0,-1.0,1600-1659,0.0,,0.0,225.0,208.0,179.0,1.0,1569.0,7,,,,,,,,,0,,,,,,,,,,,,,,,,,,,,,,,,,,,,,,,,,,,,,,,,,,,,,
2025,1,1,4,6,2025-01-04,WN,19393,WN,N936WN,4419,13796,1379610,32457,OAK,"Oakland, CA",CA,6,California,91,14679,1467903,33570,SAN,"San Diego, CA",CA,6,California,91,2115,2152.0,37.0,37.0,1.0,2.0,2100-2159,9.0,2201.0,2306.0,2.0,2245,2308.0,23.0,23.0,1.0,1.0,2200-2259,0.0,,0.0,90.0,76.0,65.0,1.0,446.0,2,0.0,0.0,0.0,0.0,23.0,,,,0,,,,,,,,,,,,,,,,,,,,,,,,,,,,,,,,,,,,,,,,,,,,,
2025,1,1,28,2,2025-01-28,UA,19977,UA,N874UA,2399,12266,1226603,31453,IAH,"Houston, TX",TX,48,Texas,74,14683,1468305,33214,SAT,"San Antonio, TX",TX,48,Texas,74,1430,1419.0,-11.0,0.0,0.0,-1.0,1400-1459,15.0,1434.0,1513.0,3.0,1542,1516.0,-26.0,0.0,0.0,-2.0,1500-1559,0.0,,0.0,72.0,57.0,39.0,1.0,191.0,1,,,,,,,,,0,,,,,,,,,,,,,,,,,,,,,,,,,,,,,,,,,,,,,,,,,,,,,
2025,1,1,4,6,2025-01-04,MQ,20398,MQ,N741AK,3459,11298,1129806,30194,DFW,"Dallas/Fort Worth, TX",TX,48,Texas,74,13377,1337703,33377,MLU,"Monroe, LA",LA,22,Louisiana,72,818,809.0,-9.0,0.0,0.0,-1.0,0800-0859,17.0,826.0,909.0,4.0,933,913.0,-20.0,0.0,0.0,-2.0,0900-0959,0.0,,0.0,75.0,64.0,43.0,1.0,293.0,2,,,,,,,,,0,,,,,,,,,,,,,,,,,,,,,,,,,,,,,,,,,,,,,,,,,,,,,
2025,1,1,4,6,2025-01-04,AS,19930,AS,N563AS,620,11292,1129202,30325,DEN,"Denver, CO",CO,8,Colorado,82,14747,1474703,30559,SEA,"Seattle, WA",WA,53,Washington,93,1710,1709.0,-1.0,0.0,0.0,-1.0,1700-1759,39.0,1748.0,1920.0,8.0,1919,1928.0,9.0,9.0,0.0,0.0,1900-1959,0.0,,0.0,189.0,199.0,152.0,1.0,1024.0,5,,,,,,,,,0,,,,,,,,,,,,,,,,,,,,,,,,,,,,,,,,,,,,,,,,,,,,,
2025,1,1,24,5,2025-01-24,WN,19393,WN,N8547V,4420,10821,1082106,30852,BWI,"Baltimore, MD",MD,24,Maryland,35,14307,1430706,30721,PVD,"Providence, RI",RI,44,Rhode Island,15,1100,1055.0,-5.0,0.0,0.0,-1.0,1100-1159,12.0,1107.0,1156.0,5.0,1215,1201.0,-14.0,0.0,0.0,-1.0,1200-1259,0.0,,0.0,75.0,66.0,49.0,1.0,327.0,2,,,,,,,,,0,,,,,,,,,,,,,,,,,,,,,,,,,,,,,,,,,,,,,,,,,,,,,
2025,1,1,23,4,2025-01-23,AA,19805,AA,N197UW,429,14771,1477104,32457,SFO,"San Francisco, CA",CA,6,California,91,11057,1105703,31057,CLT,"Charlotte, NC",NC,37,North Carolina,36,900,855.0,-5.0,0.0,0.0,-1.0,0900-0959,28.0,923.0,1636.0,23.0,1701,1659.0,-2.0,0.0,0.0,-1.0,1700-1759,0.0,,0.0,301.0,304.0,253.0,1.0,2296.0,10,,,,,,,,,0,,,,,,,,,,,,,,,,,,,,,,,,,,,,,,,,,,,,,,,,,,,,,
2025,1,1,22,3,2025-01-22,WN,19393,WN,N498WN,2843,11638,1163807,31638,FAT,"Fresno, CA",CA,6,California,91,12889,1288904,32211,LAS,"Las Vegas, NV",NV,32,Nevada,85,1550,1544.0,-6.0,0.0,0.0,-1.0,1500-1559,10.0,1554.0,1644.0,13.0,1705,1657.0,-8.0,0.0,0.0,-1.0,1700-1759,0.0,,0.0,75.0,73.0,50.0,1.0,259.0,2,,,,,,,,,0,,,,,,,,,,,,,,,,,,,,,,,,,,,,,,,,,,,,,,,,,,,,,
2025,1,1,4,6,2025-01-04,YX,20452,YX,N128HQ,4389,11066,1106606,31066,CMH,"Columbus, OH",OH,39,Ohio,44,10721,1072102,30721,BOS,"Boston, MA",MA,25,Massachusetts,13,1026,1016.0,-10.0,0.0,0.0,-1.0,1000-1059,15.0,1031.0,1209.0,7.0,1220,1216.0,-4.0,0.0,0.0,-1.0,1200-1259,0.0,,0.0,114.0,120.0,98.0,1.0,640.0,3,,,,,,,,,0,,,,,,,,,,,,,,,,,,,,,,,,,,,,,,,,,,,,,,,,,,,,,
2025,1,1,1,3,2025-01-01,YX,20452,YX,N407YX,4675,15412,1541206,35412,TYS,"Knoxville, TN",TN,47,Tennessee,54,12953,1295304,31703,LGA,"New York, NY",NY,36,New York,22,851,843.0,-8.0,0.0,0.0,-1.0,0800-0859,25.0,908.0,1038.0,7.0,1046,1045.0,-1.0,0.0,0.0,-1.0,1000-1059,0.0,,0.0,115.0,122.0,90.0,1.0,647.0,3,,,,,,,,,0,,,,,,,,,,,,,,,,,,,,,,,,,,,,,,,,,,,,,,,,,,,,,
2025,1,1,24,5,2025-01-24,WN,19393,WN,N8790Q,4899,12889,1288904,32211,LAS,"Las Vegas, NV",NV,32,Nevada,85,14570,1457002,34570,RNO,"Reno, NV",NV,32,Nevada,85,2030,2042.0,12.0,12.0,0.0,0.0,2000-2059,14.0,2056.0,2151.0,4.0,2155,2155.0,0.0,0.0,0.0,0.0,2100-2159,0.0,,0.0,85.0,73.0,55.0,1.0,345.0,2,,,,,,,,,0,,,,,,,,,,,,,,,,,,,,,,,,,,,,,,,,,,,,,,,,,,,,,
2025,1,1,26,7,2025-01-26,WN,19393,WN,N566WN,2126,13232,1323202,30977,MDW,"Chicago, IL",IL,17,Illinois,41,11278,1127805,30852,DCA,"Washington, DC",VA,51,Virginia,38,1745,1741.0,-4.0,0.0,0.0,-1.0,1700-1759,6.0,1747.0,2003.0,5.0,2035,2008.0,-27.0,0.0,0.0,-2.0,2000-2059,0.0,,0.0,110.0,87.0,76.0,1.0,601.0,3,,,,,,,,,0,,,,,,,,,,,,,,,,,,,,,,,,,,,,,,,,,,,,,,,,,,,,,
2025,1,1,22,3,2025-01-22,OO,20304,OO,N166SY,5715,13930,1393008,30977,ORD,"Chicago, IL",IL,17,Illinois,41,10693,1069302,30693,BNA,"Nashville, TN",TN,47,Tennessee,54,730,754.0,24.0,24.0,1.0,1.0,0700-0759,17.0,811.0,917.0,11.0,922,928.0,6.0,6.0,0.0,0.0,0900-0959,0.0,,0.0,112.0,94.0,66.0,1.0,409.0,2,,,,,,,,,0,,,,,,,,,,,,,,,,,,,,,,,,,,,,,,,,,,,,,,,,,,,,,
2025,1,1,30,4,2025-01-30,DL,19790,DL,N940AT,3081,10397,1039707,30397,ATL,"Atlanta, GA",GA,13,Georgia,34,12448,1244807,32448,JAN,"Jackson/Vicksburg, MS",MS,28,Mississippi,53,1353,1347.0,-6.0,0.0,0.0,-1.0,1300-1359,10.0,1357.0,1358.0,6.0,1415,1404.0,-11.0,0.0,0.0,-1.0,1400-1459,0.0,,0.0,82.0,77.0,61.0,1.0,341.0,2,,,,,,,,,0,,,,,,,,,,,,,,,,,,,,,,,,,,,,,,,,,,,,,,,,,,,,,
2025,1,1,5,7,2025-01-05,DL,19790,DL,N391DN,2981,10397,1039707,30397,ATL,"Atlanta, GA",GA,13,Georgia,34,13487,1348702,31650,MSP,"Minneapolis, MN",MN,27,Minnesota,63,1519,1524.0,5.0,5.0,0.0,0.0,1500-1559,10.0,1534.0,1639.0,6.0,1705,1645.0,-20.0,0.0,0.0,-2.0,1700-1759,0.0,,0.0,166.0,141.0,125.0,1.0,907.0,4,,,,,,,,,0,,,,,,,,,,,,,,,,,,,,,,,,,,,,,,,,,,,,,,,,,,,,,
2025,1,1,20,1,2025-01-20,WN,19393,WN,N452WN,3587,10693,1069302,30693,BNA,"Nashville, TN",TN,47,Tennessee,54,11996,1199603,31871,GSP,"Greer, SC",SC,45,South Carolina,37,1605,1608.0,3.0,3.0,0.0,0.0,1600-1659,10.0,1618.0,1758.0,4.0,1810,1802.0,-8.0,0.0,0.0,-1.0,1800-1859,0.0,,0.0,65.0,54.0,40.0,1.0,265.0,2,,,,,,,,,0,,,,,,,,,,,,,,,,,,,,,,,,,,,,,,,,,,,,,,,,,,,,,
2025,1,1,25,6,2025-01-25,AA,19805,AA,N192UW,2216,14057,1405702,34057,PDX,"Portland, OR",OR,41,Oregon,92,11298,1129806,30194,DFW,"Dallas/Fort Worth, TX",TX,48,Texas,74,735,954.0,139.0,139.0,1.0,9.0,0700-0759,35.0,1029.0,1546.0,12.0,1321,1558.0,157.0,157.0,1.0,10.0,1300-1359,0.0,,0.0,226.0,244.0,197.0,1.0,1616.0,7,139.0,0.0,18.0,0.0,0.0,804.0,17.0,17.0,0,,,,,,,,,,,,,,,,,,,,,,,,,,,,,,,,,,,,,,,,,,,,,
2025,1,1,4,6,2025-01-04,F9,20436,F9,N638FR,4771,10397,1039707,30397,ATL,"Atlanta, GA",GA,13,Georgia,34,11193,1119302,33105,CVG,"Cincinnati, OH",KY,21,Kentucky,52,820,830.0,10.0,10.0,0.0,0.0,0800-0859,22.0,852.0,954.0,5.0,954,959.0,5.0,5.0,0.0,0.0,0900-0959,0.0,,0.0,94.0,89.0,62.0,1.0,373.0,2,,,,,,,,,0,,,,,,,,,,,,,,,,,,,,,,,,,,,,,,,,,,,,,,,,,,,,,
2025,1,1,4,6,2025-01-04,YX,20452,YX,N423YX,4484,10792,1079206,30792,BUF,"Buffalo, NY",NY,36,New York,22,13930,1393008,30977,ORD,"Chicago, IL",IL,17,Illinois,41,700,656.0,-4.0,0.0,0.0,-1.0,0700-0759,70.0,806.0,824.0,22.0,809,846.0,37.0,37.0,1.0,2.0,0800-0859,0.0,,0.0,129.0,170.0,78.0,1.0,474.0,2,0.0,0.0,37.0,0.0,0.0,,,,0,,,,,,,,,,,,,,,,,,,,,,,,,,,,,,,,,,,,,,,,,,,,,
2025,1,1,24,5,2025-01-24,YX,20452,YX,N648RW,3676,11618,1161802,31703,EWR,"Newark, NJ",NJ,34,New Jersey,21,11066,1106606,31066,CMH,"Columbus, OH",OH,39,Ohio,44,1159,1158.0,-1.0,0.0,0.0,-1.0,1100-1159,24.0,1222.0,1348.0,6.0,1354,1354.0,0.0,0.0,0.0,0.0,1300-1359,0.0,,0.0,115.0,116.0,86.0,1.0,463.0,2,,,,,,,,,0,,,,,,,,,,,,,,,,,,,,,,,,,,,,,,,,,,,,,,,,,,,,,
2025,1,1,23,4,2025-01-23,DL,19790,DL,N846DN,2927,11292,1129202,30325,DEN,"Denver, CO",CO,8,Colorado,82,13487,1348702,31650,MSP,"Minneapolis, MN",MN,27,Minnesota,63,1421,1444.0,23.0,23.0,1.0,1.0,1400-1459,12.0,1456.0,1733.0,6.0,1726,1739.0,13.0,13.0,0.0,0.0,1700-1759,0.0,,0.0,125.0,115.0,97.0,1.0,680.0,3,,,,,,,,,0,,,,,,,,,,,,,,,,,,,,,,,,,,,,,,,,,,,,,,,,,,,,,
2025,1,1,7,2,2025-01-07,OO,20304,OO,N286SY,3859,12003,1200305,31895,GTF,"Great Falls, MT",MT,30,Montana,84,14869,1486903,34614,SLC,"Salt Lake City, UT",UT,49,Utah,87,1155,1154.0,-1.0,0.0,0.0,-1.0,1100-1159,15.0,1209.0,1315.0,5.0,1335,1320.0,-15.0,0.0,0.0,-1.0,1300-1359,0.0,,0.0,100.0,86.0,66.0,1.0,463.0,2,,,,,,,,,0,,,,,,,,,,,,,,,,,,,,,,,,,,,,,,,,,,,,,,,,,,,,,
2025,1,1,30,4,2025-01-30,AS,19930,AS,N983AK,500,14747,1474703,30559,SEA,"Seattle, WA",WA,53,Washington,93,12339,1233904,32337,IND,"Indianapolis, IN",IN,18,Indiana,42,1020,1049.0,29.0,29.0,1.0,1.0,1000-1059,18.0,1107.0,1747.0,5.0,1733,1752.0,19.0,19.0,1.0,1.0,1700-1759,0.0,,0.0,253.0,243.0,220.0,1.0,1866.0,8,0.0,0.0,0.0,0.0,19.0,,,,0,,,,,,,,,,,,,,,,,,,,,,,,,,,,,,,,,,,,,,,,,,,,,
2025,1,1,30,4,2025-01-30,AA,19805,AA,N663AW,1577,13930,1393008,30977,ORD,"Chicago, IL",IL,17,Illinois,41,11278,1127805,30852,DCA,"Washington, DC",VA,51,Virginia,38,1602,,,,,,1600-1659,,,,,1857,,,,,,1800-1859,1.0,A,0.0,115.0,,,1.0,612.0,3,,,,,,,,,0,,,,,,,,,,,,,,,,,,,,,,,,,,,,,,,,,,,,,,,,,,,,,
2025,1,1,30,4,2025-01-30,YX,20452,YX,N422YX,4405,10994,1099402,30994,CHS,"Charleston, SC",SC,45,South Carolina,37,11278,1127805,30852,DCA,"Washington, DC",VA,51,Virginia,38,1826,1819.0,-7.0,0.0,0.0,-1.0,1800-1859,20.0,1839.0,1945.0,8.0,2006,1953.0,-13.0,0.0,0.0,-1.0,2000-2059,0.0,,0.0,100.0,94.0,66.0,1.0,444.0,2,,,,,,,,,0,,,,,,,,,,,,,,,,,,,,,,,,,,,,,,,,,,,,,,,,,,,,,
2025,1,1,5,7,2025-01-05,YX,20452,YX,N419YX,4453,12953,1295304,31703,LGA,"New York, NY",NY,36,New York,22,11278,1127805,30852,DCA,"Washington, DC",VA,51,Virginia,38,1954,2032.0,38.0,38.0,1.0,2.0,1900-1959,22.0,2054.0,2220.0,14.0,2111,2234.0,83.0,83.0,1.0,5.0,2100-2159,0.0,,0.0,77.0,122.0,86.0,1.0,214.0,1,38.0,0.0,45.0,0.0,0.0,,,,0,,,,,,,,,,,,,,,,,,,,,,,,,,,,,,,,,,,,,,,,,,,,,
2025,1,1,23,4,2025-01-23,YX,20452,YX,N642RW,3508,13930,1393008,30977,ORD,"Chicago, IL",IL,17,Illinois,41,14122,1412202,30198,PIT,"Pittsburgh, PA",PA,42,Pennsylvania,23,730,725.0,-5.0,0.0,0.0,-1.0,0700-0759,47.0,812.0,1015.0,4.0,1016,1019.0,3.0,3.0,0.0,0.0,1000-1059,0.0,,0.0,106.0,114.0,63.0,1.0,413.0,2,,,,,,,,,0,,,,,,,,,,,,,,,,,,,,,,,,,,,,,,,,,,,,,,,,,,,,,
2025,1,1,21,2,2025-01-21,AS,19930,AS,N251AK,835,14771,1477104,32457,SFO,"San Francisco, CA",CA,6,California,91,14057,1405702,34057,PDX,"Portland, OR",OR,41,Oregon,92,800,757.0,-3.0,0.0,0.0,-1.0,0800-0859,12.0,809.0,931.0,3.0,951,934.0,-17.0,0.0,0.0,-2.0,0900-0959,0.0,,0.0,111.0,97.0,82.0,1.0,550.0,3,,,,,,,,,0,,,,,,,,,,,,,,,,,,,,,,,,,,,,,,,,,,,,,,,,,,,,,
2025,1,1,22,3,2025-01-22,WN,19393,WN,N8531Q,1543,10397,1039707,30397,ATL,"Atlanta, GA",GA,13,Georgia,34,12451,1245102,31136,JAX,"Jacksonville, FL",FL,12,Florida,33,1830,1827.0,-3.0,0.0,0.0,-1.0,1800-1859,13.0,1840.0,1920.0,6.0,1940,1926.0,-14.0,0.0,0.0,-1.0,1900-1959,0.0,,0.0,70.0,59.0,40.0,1.0,270.0,2,,,,,,,,,0,,,,,,,,,,,,,,,,,,,,,,,,,,,,,,,,,,,,,,,,,,,,,
2025,1,1,16,4,2025-01-16,AA,19805,AA,N313SB,2708,14771,1477104,32457,SFO,"San Francisco, CA",CA,6,California,91,14107,1410702,30466,PHX,"Phoenix, AZ",AZ,4,Arizona,81,1214,1209.0,-5.0,0.0,0.0,-1.0,1200-1259,14.0,1223.0,1456.0,4.0,1515,1500.0,-15.0,0.0,0.0,-1.0,1500-1559,0.0,,0.0,121.0,111.0,93.0,1.0,651.0,3,,,,,,,,,0,,,,,,,,,,,,,,,,,,,,,,,,,,,,,,,,,,,,,,,,,,,,,
2025,1,1,10,5,2025-01-10,WN,19393,WN,N8514F,4392,12889,1288904,32211,LAS,"Las Vegas, NV",NV,32,Nevada,85,11540,1154005,30615,ELP,"El Paso, TX",TX,48,Texas,74,1535,1527.0,-8.0,0.0,0.0,-1.0,1500-1559,13.0,1540.0,1754.0,7.0,1815,1801.0,-14.0,0.0,0.0,-1.0,1800-1859,0.0,,0.0,100.0,94.0,74.0,1.0,583.0,3,,,,,,,,,0,,,,,,,,,,,,,,,,,,,,,,,,,,,,,,,,,,,,,,,,,,,,,
2025,1,1,13,1,2025-01-13,MQ,20398,MQ,N244NN,3523,14107,1410702,30466,PHX,"Phoenix, AZ",AZ,4,Arizona,81,11637,1163703,31637,FAR,"Fargo, ND",ND,38,North Dakota,66,1951,1945.0,-6.0,0.0,0.0,-1.0,1900-1959,12.0,1957.0,2335.0,5.0,2358,2340.0,-18.0,0.0,0.0,-2.0,2300-2359,0.0,,0.0,187.0,175.0,158.0,1.0,1225.0,5,,,,,,,,,0,,,,,,,,,,,,,,,,,,,,,,,,,,,,,,,,,,,,,,,,,,,,,
2025,1,1,29,3,2025-01-29,DL,19790,DL,N352DN,2129,13303,1330303,32467,MIA,"Miami, FL",FL,12,Florida,33,13487,1348702,31650,MSP,"Minneapolis, MN",MN,27,Minnesota,63,1454,1454.0,0.0,0.0,0.0,0.0,1400-1459,20.0,1514.0,1752.0,4.0,1754,1756.0,2.0,2.0,0.0,0.0,1700-1759,0.0,,0.0,240.0,242.0,218.0,1.0,1501.0,7,,,,,,,,,0,,,,,,,,,,,,,,,,,,,,,,,,,,,,,,,,,,,,,,,,,,,,,
2025,1,1,31,5,2025-01-31,WN,19393,WN,N8626B,1379,11259,1125904,30194,DAL,"Dallas, TX",TX,48,Texas,74,11292,1129202,30325,DEN,"Denver, CO",CO,8,Colorado,82,850,848.0,-2.0,0.0,0.0,-1.0,0800-0859,9.0,857.0,932.0,12.0,1000,944.0,-16.0,0.0,0.0,-2.0,1000-1059,0.0,,0.0,130.0,116.0,95.0,1.0,651.0,3,,,,,,,,,0,,,,,,,,,,,,,,,,,,,,,,,,,,,,,,,,,,,,,,,,,,,,,
2025,1,1,17,5,2025-01-17,AA,19805,AA,N981NN,628,12953,1295304,31703,LGA,"New York, NY",NY,36,New York,22,11057,1105703,31057,CLT,"Charlotte, NC",NC,37,North Carolina,36,600,555.0,-5.0,0.0,0.0,-1.0,0600-0659,19.0,614.0,741.0,6.0,819,747.0,-32.0,0.0,0.0,-2.0,0800-0859,0.0,,0.0,139.0,112.0,87.0,1.0,544.0,3,,,,,,,,,0,,,,,,,,,,,,,,,,,,,,,,,,,,,,,,,,,,,,,,,,,,,,,
2025,1,1,18,6,2025-01-18,AA,19805,AA,N161AA,1817,11292,1129202,30325,DEN,"Denver, CO",CO,8,Colorado,82,13303,1330303,32467,MIA,"Miami, FL",FL,12,Florida,33,1300,1256.0,-4.0,0.0,0.0,-1.0,1300-1359,44.0,1340.0,1853.0,10.0,1855,1903.0,8.0,8.0,0.0,0.0,1800-1859,0.0,,0.0,235.0,247.0,193.0,1.0,1709.0,7,,,,,,,,,0,,,,,,,,,,,,,,,,,,,,,,,,,,,,,,,,,,,,,,,,,,,,,
2025,1,1,10,5,2025-01-10,WN,19393,WN,N277WN,297,14747,1474703,30559,SEA,"Seattle, WA",WA,53,Washington,93,14107,1410702,30466,PHX,"Phoenix, AZ",AZ,4,Arizona,81,700,656.0,-4.0,0.0,0.0,-1.0,0700-0759,21.0,717.0,1027.0,5.0,1045,1032.0,-13.0,0.0,0.0,-1.0,1000-1059,0.0,,0.0,165.0,156.0,130.0,1.0,1107.0,5,,,,,,,,,0,,,,,,,,,,,,,,,,,,,,,,,,,,,,,,,,,,,,,,,,,,,,,
2025,1,1,21,2,2025-01-21,AS,19930,AS,N469AS,1093,12892,1289208,32575,LAX,"Los Angeles, CA",CA,6,California,91,14747,1474703,30559,SEA,"Seattle, WA",WA,53,Washington,93,1955,1942.0,-13.0,0.0,0.0,-1.0,1900-1959,13.0,1955.0,2213.0,5.0,2252,2218.0,-34.0,0.0,0.0,-2.0,2200-2259,0.0,,0.0,177.0,156.0,138.0,1.0,954.0,4,,,,,,,,,0,,,,,,,,,,,,,,,,,,,,,,,,,,,,,,,,,,,,,,,,,,,,,
2025,1,1,31,5,2025-01-31,WN,19393,WN,N201LV,451,10800,1080003,32575,BUR,"Burbank, CA",CA,6,California,91,13796,1379610,32457,OAK,"Oakland, CA",CA,6,California,91,1105,1101.0,-4.0,0.0,0.0,-1.0,1100-1159,15.0,1116.0,1222.0,2.0,1230,1224.0,-6.0,0.0,0.0,-1.0,1200-1259,0.0,,0.0,85.0,83.0,66.0,1.0,325.0,2,,,,,,,,,0,,,,,,,,,,,,,,,,,,,,,,,,,,,,,,,,,,,,,,,,,,,,,
2025,1,1,13,1,2025-01-13,OO,20304,OO,N273SY,4019,15041,1504102,35041,SUN,"Sun Valley/Hailey/Ketchum, ID",ID,16,Idaho,83,14869,1486903,34614,SLC,"Salt Lake City, UT",UT,49,Utah,87,1300,1247.0,-13.0,0.0,0.0,-1.0,1300-1359,21.0,1308.0,1347.0,4.0,1414,1351.0,-23.0,0.0,0.0,-2.0,1400-1459,0.0,,0.0,74.0,64.0,39.0,1.0,222.0,1,,,,,,,,,0,,,,,,,,,,,,,,,,,,,,,,,,,,,,,,,,,,,,,,,,,,,,,
2025,1,1,23,4,2025-01-23,AA,19805,AA,N449AN,1894,11057,1105703,31057,CLT,"Charlotte, NC",NC,37,North Carolina,36,14492,1449202,34492,RDU,"Raleigh/Durham, NC",NC,37,North Carolina,36,1622,1620.0,-2.0,0.0,0.0,-1.0,1600-1659,13.0,1633.0,1703.0,4.0,1722,1707.0,-15.0,0.0,0.0,-1.0,1700-1759,0.0,,0.0,60.0,47.0,30.0,1.0,130.0,1,,,,,,,,,0,,,,,,,,,,,,,,,,,,,,,,,,,,,,,,,,,,,,,,,,,,,,,
2025,1,1,6,1,2025-01-06,WN,19393,WN,N8903H,1715,14107,1410702,30466,PHX,"Phoenix, AZ",AZ,4,Arizona,81,15016,1501606,31123,STL,"St. Louis, MO",MO,29,Missouri,64,635,,,,,,0600-0659,,,,,1025,,,,,,1000-1059,1.0,B,0.0,170.0,,,1.0,1262.0,6,,,,,,,,,0,,,,,,,,,,,,,,,,,,,,,,,,,,,,,,,,,,,,,,,,,,,,,
2025,1,1,8,3,2025-01-08,WN,19393,WN,N224WN,4955,14908,1490803,32575,SNA,"Santa Ana, CA",CA,6,California,91,13796,1379610,32457,OAK,"Oakland, CA",CA,6,California,91,2015,2014.0,-1.0,0.0,0.0,-1.0,2000-2059,9.0,2023.0,2126.0,6.0,2145,2132.0,-13.0,0.0,0.0,-1.0,2100-2159,0.0,,0.0,90.0,78.0,63.0,1.0,371.0,2,,,,,,,,,0,,,,,,,,,,,,,,,,,,,,,,,,,,,,,,,,,,,,,,,,,,,,,
2025,1,1,1,3,2025-01-01,DL,19790,DL,N581DA,919,10397,1039707,30397,ATL,"Atlanta, GA",GA,13,Georgia,34,12889,1288904,32211,LAS,"Las Vegas, NV",NV,32,Nevada,85,1945,1941.0,-4.0,0.0,0.0,-1.0,1900-1959,17.0,1958.0,2118.0,6.0,2118,2124.0,6.0,6.0,0.0,0.0,2100-2159,0.0,,0.0,273.0,283.0,260.0,1.0,1747.0,7,,,,,,,,,0,,,,,,,,,,,,,,,,,,,,,,,,,,,,,,,,,,,,,,,,,,,,,
2025,1,1,20,1,2025-01-20,HA,19690,HA,N223HA,61,12892,1289208,32575,LAX,"Los Angeles, CA",CA,6,California,91,12758,1275804,32758,KOA,"Kona, HI",HI,15,Hawaii,2,1100,1050.0,-10.0,0.0,0.0,-1.0,1100-1159,14.0,1104.0,1416.0,5.0,1445,1421.0,-24.0,0.0,0.0,-2.0,1400-1459,0.0,,0.0,345.0,331.0,312.0,1.0,2504.0,11,,,,,,,,,0,,,,,,,,,,,,,,,,,,,,,,,,,,,,,,,,,,,,,,,,,,,,,
2025,1,1,28,2,2025-01-28,DL,19790,DL,N906DN,2159,14771,1477104,32457,SFO,"San Francisco, CA",CA,6,California,91,13487,1348702,31650,MSP,"Minneapolis, MN",MN,27,Minnesota,63,1510,1455.0,-15.0,0.0,0.0,-1.0,1500-1559,13.0,1508.0,2037.0,4.0,2054,2041.0,-13.0,0.0,0.0,-1.0,2000-2059,0.0,,0.0,224.0,226.0,209.0,1.0,1589.0,7,,,,,,,,,0,,,,,,,,,,,,,,,,,,,,,,,,,,,,,,,,,,,,,,,,,,,,,
2025,1,1,5,7,2025-01-05,YX,20452,YX,N742YX,3635,12264,1226402,30852,IAD,"Washington, DC",VA,51,Virginia,38,12339,1233904,32337,IND,"Indianapolis, IN",IN,18,Indiana,42,2205,,,,,,2200-2259,,,,,2359,,,,,,2300-2359,1.0,B,0.0,114.0,,,1.0,476.0,2,,,,,,,,,0,,,,,,,,,,,,,,,,,,,,,,,,,,,,,,,,,,,,,,,,,,,,,
2025,1,1,21,2,2025-01-21,AA,19805,AA,N315SD,776,14831,1483106,32457,SJC,"San Jose, CA",CA,6,California,91,14107,1410702,30466,PHX,"Phoenix, AZ",AZ,4,Arizona,81,600,556.0,-4.0,0.0,0.0,-1.0,0600-0659,16.0,612.0,839.0,12.0,901,851.0,-10.0,0.0,0.0,-1.0,0900-0959,0.0,,0.0,121.0,115.0,87.0,1.0,621.0,3,,,,,,,,,0,,,,,,,,,,,,,,,,,,,,,,,,,,,,,,,,,,,,,,,,,,,,,
2025,1,1,3,5,2025-01-03,MQ,20398,MQ,N207AN,3505,11298,1129806,30194,DFW,"Dallas/Fort Worth, TX",TX,48,Texas,74,15919,1591905,31834,XNA,"Fayetteville, AR",AR,5,Arkansas,71,1438,1428.0,-10.0,0.0,0.0,-1.0,1400-1459,15.0,1443.0,1529.0,7.0,1554,1536.0,-18.0,0.0,0.0,-2.0,1500-1559,0.0,,0.0,76.0,68.0,46.0,1.0,280.0,2,,,,,,,,,0,,,,,,,,,,,,,,,,,,,,,,,,,,,,,,,,,,,,,,,,,,,,,
2025,1,1,14,2,2025-01-14,WN,19393,WN,N8925Q,311,11481,1148102,31481,ECP,"Panama City, FL",FL,12,Florida,33,10693,1069302,30693,BNA,"Nashville, TN",TN,47,Tennessee,54,1620,1619.0,-1.0,0.0,0.0,-1.0,1600-1659,8.0,1627.0,1730.0,7.0,1750,1737.0,-13.0,0.0,0.0,-1.0,1700-1759,0.0,,0.0,90.0,78.0,63.0,1.0,401.0,2,,,,,,,,,0,,,,,,,,,,,,,,,,,,,,,,,,,,,,,,,,,,,,,,,,,,,,,
2025,1,1,3,5,2025-01-03,OO,20304,OO,N464SW,5474,13930,1393008,30977,ORD,"Chicago, IL",IL,17,Illinois,41,13184,1318403,33184,MBS,"Saginaw/Bay City/Midland, MI",MI,26,Michigan,43,1835,1832.0,-3.0,0.0,0.0,-1.0,1800-1859,28.0,1900.0,2042.0,3.0,2101,2045.0,-16.0,0.0,0.0,-2.0,2100-2159,0.0,,0.0,86.0,73.0,42.0,1.0,222.0,1,,,,,,,,,0,,,,,,,,,,,,,,,,,,,,,,,,,,,,,,,,,,,,,,,,,,,,,
2025,1,1,6,1,2025-01-06,AA,19805,AA,N418AN,1531,14100,1410005,34100,PHL,"Philadelphia, PA",PA,42,Pennsylvania,23,12892,1289208,32575,LAX,"Los Angeles, CA",CA,6,California,91,1335,1329.0,-6.0,0.0,0.0,-1.0,1300-1359,94.0,1503.0,1721.0,6.0,1634,1727.0,53.0,53.0,1.0,3.0,1600-1659,0.0,,0.0,359.0,418.0,318.0,1.0,2402.0,10,0.0,0.0,53.0,0.0,0.0,,,,0,,,,,,,,,,,,,,,,,,,,,,,,,,,,,,,,,,,,,,,,,,,,,
2025,1,1,10,5,2025-01-10,DL,19790,DL,N899DN,1247,13930,1393008,30977,ORD,"Chicago, IL",IL,17,Illinois,41,10397,1039707,30397,ATL,"Atlanta, GA",GA,13,Georgia,34,705,,,,,,0700-0759,,,,,1013,,,,,,1000-1059,1.0,B,0.0,128.0,,,1.0,606.0,3,,,,,,,,,0,,,,,,,,,,,,,,,,,,,,,,,,,,,,,,,,,,,,,,,,,,,,,
2025,1,1,18,6,2025-01-18,WN,19393,WN,N8898L,3313,13796,1379610,32457,OAK,"Oakland, CA",CA,6,California,91,11259,1125904,30194,DAL,"Dallas, TX",TX,48,Texas,74,900,900.0,0.0,0.0,0.0,0.0,0900-0959,10.0,910.0,1403.0,9.0,1425,1412.0,-13.0,0.0,0.0,-1.0,1400-1459,0.0,,0.0,205.0,192.0,173.0,1.0,1468.0,6,,,,,,,,,0,,,,,,,,,,,,,,,,,,,,,,,,,,,,,,,,,,,,,,,,,,,,,
2025,1,1,4,6,2025-01-04,UA,19977,UA,N882UA,1412,12264,1226402,30852,IAD,"Washington, DC",VA,51,Virginia,38,11057,1105703,31057,CLT,"Charlotte, NC",NC,37,North Carolina,36,815,814.0,-1.0,0.0,0.0,-1.0,0800-0859,15.0,829.0,929.0,15.0,1003,944.0,-19.0,0.0,0.0,-2.0,1000-1059,0.0,,0.0,108.0,90.0,60.0,1.0,322.0,2,,,,,,,,,0,,,,,,,,,,,,,,,,,,,,,,,,,,,,,,,,,,,,,,,,,,,,,
2025,1,1,10,5,2025-01-10,DL,19790,DL,N334DN,492,11433,1143302,31295,DTW,"Detroit, MI",MI,26,Michigan,43,14679,1467903,33570,SAN,"San Diego, CA",CA,6,California,91,835,829.0,-6.0,0.0,0.0,-1.0,0800-0859,28.0,857.0,953.0,3.0,1050,956.0,-54.0,0.0,0.0,-2.0,1000-1059,0.0,,0.0,315.0,267.0,236.0,1.0,1956.0,8,,,,,,,,,0,,,,,,,,,,,,,,,,,,,,,,,,,,,,,,,,,,,,,,,,,,,,,
2025,1,1,3,5,2025-01-03,AA,19805,AA,N159AN,1868,14122,1412202,30198,PIT,"Pittsburgh, PA",PA,42,Pennsylvania,23,11298,1129806,30194,DFW,"Dallas/Fort Worth, TX",TX,48,Texas,74,1907,2353.0,286.0,286.0,1.0,12.0,1900-1959,39.0,32.0,206.0,6.0,2129,212.0,283.0,283.0,1.0,12.0,2100-2159,0.0,,0.0,202.0,199.0,154.0,1.0,1067.0,5,6.0,0.0,0.0,0.0,277.0,,,,0,,,,,,,,,,,,,,,,,,,,,,,,,,,,,,,,,,,,,,,,,,,,,
2025,1,1,11,6,2025-01-11,AA,19805,AA,N190UW,1672,12892,1289208,32575,LAX,"Los Angeles, CA",CA,6,California,91,11298,1129806,30194,DFW,"Dallas/Fort Worth, TX",TX,48,Texas,74,1139,1139.0,0.0,0.0,0.0,0.0,1100-1159,16.0,1155.0,1620.0,15.0,1646,1635.0,-11.0,0.0,0.0,-1.0,1600-1659,0.0,,0.0,187.0,176.0,145.0,1.0,1235.0,5,,,,,,,,,0,,,,,,,,,,,,,,,,,,,,,,,,,,,,,,,,,,,,,,,,,,,,,
2025,1,1,8,3,2025-01-08,AA,19805,AA,N878NN,798,13303,1330303,32467,MIA,"Miami, FL",FL,12,Florida,33,15304,1530402,33195,TPA,"Tampa, FL",FL,12,Florida,33,1630,1745.0,75.0,75.0,1.0,5.0,1600-1659,18.0,1803.0,1841.0,4.0,1743,1845.0,62.0,62.0,1.0,4.0,1700-1759,0.0,,0.0,73.0,60.0,38.0,1.0,204.0,1,62.0,0.0,0.0,0.0,0.0,,,,0,,,,,,,,,,,,,,,,,,,,,,,,,,,,,,,,,,,,,,,,,,,,,
2025,1,1,30,4,2025-01-30,DL,19790,DL,N844DN,1182,11697,1169706,32467,FLL,"Fort Lauderdale, FL",FL,12,Florida,33,11433,1143302,31295,DTW,"Detroit, MI",MI,26,Michigan,43,1700,1656.0,-4.0,0.0,0.0,-1.0,1700-1759,25.0,1721.0,1950.0,5.0,2010,1955.0,-15.0,0.0,0.0,-1.0,2000-2059,0.0,,0.0,190.0,179.0,149.0,1.0,1127.0,5,,,,,,,,,0,,,,,,,,,,,,,,,,,,,,,,,,,,,,,,,,,,,,,,,,,,,,,
2025,1,1,1,3,2025-01-01,WN,19393,WN,N241WN,698,13796,1379610,32457,OAK,"Oakland, CA",CA,6,California,91,14679,1467903,33570,SAN,"San Diego, CA",CA,6,California,91,755,749.0,-6.0,0.0,0.0,-1.0,0700-0759,11.0,800.0,910.0,3.0,925,913.0,-12.0,0.0,0.0,-1.0,0900-0959,0.0,,0.0,90.0,84.0,70.0,1.0,446.0,2,,,,,,,,,0,,,,,,,,,,,,,,,,,,,,,,,,,,,,,,,,,,,,,,,,,,,,,
2025,1,1,5,7,2025-01-05,UA,19977,UA,N57852,617,11292,1129202,30325,DEN,"Denver, CO",CO,8,Colorado,82,13930,1393008,30977,ORD,"Chicago, IL",IL,17,Illinois,41,1328,1336.0,8.0,8.0,0.0,0.0,1300-1359,15.0,1351.0,1645.0,14.0,1705,1659.0,-6.0,0.0,0.0,-1.0,1700-1759,0.0,,0.0,157.0,143.0,114.0,1.0,888.0,4,,,,,,,,,0,,,,,,,,,,,,,,,,,,,,,,,,,,,,,,,,,,,,,,,,,,,,,
2025,1,1,10,5,2025-01-10,OO,20304,OO,N298SY,3653,12441,1244102,32441,JAC,"Jackson, WY",WY,56,Wyoming,88,12892,1289208,32575,LAX,"Los Angeles, CA",CA,6,California,91,1605,1558.0,-7.0,0.0,0.0,-1.0,1600-1659,29.0,1627.0,1717.0,11.0,1746,1728.0,-18.0,0.0,0.0,-2.0,1700-1759,0.0,,0.0,161.0,150.0,110.0,1.0,784.0,4,,,,,,,,,0,,,,,,,,,,,,,,,,,,,,,,,,,,,,,,,,,,,,,,,,,,,,,
2025,1,1,7,2,2025-01-07,AA,19805,AA,N463AA,1252,11298,1129806,30194,DFW,"Dallas/Fort Worth, TX",TX,48,Texas,74,14893,1489302,33192,SMF,"Sacramento, CA",CA,6,California,91,1740,1801.0,21.0,21.0,1.0,1.0,1700-1759,21.0,1822.0,1940.0,4.0,1928,1944.0,16.0,16.0,1.0,1.0,1900-1959,0.0,,0.0,228.0,223.0,198.0,1.0,1431.0,6,16.0,0.0,0.0,0.0,0.0,,,,0,,,,,,,,,,,,,,,,,,,,,,,,,,,,,,,,,,,,,,,,,,,,,
2025,1,1,4,6,2025-01-04,B6,20409,B6,N793JB,1932,13204,1320402,31454,MCO,"Orlando, FL",FL,12,Florida,33,14321,1432105,34321,PWM,"Portland, ME",ME,23,Maine,12,1130,1153.0,23.0,23.0,1.0,1.0,1100-1159,32.0,1225.0,1458.0,6.0,1430,1504.0,34.0,34.0,1.0,2.0,1400-1459,0.0,,0.0,180.0,191.0,153.0,1.0,1214.0,5,0.0,0.0,11.0,0.0,23.0,,,,0,,,,,,,,,,,,,,,,,,,,,,,,,,,,,,,,,,,,,,,,,,,,,
2025,1,1,23,4,2025-01-23,WN,19393,WN,N251WN,1004,11292,1129202,30325,DEN,"Denver, CO",CO,8,Colorado,82,12339,1233904,32337,IND,"Indianapolis, IN",IN,18,Indiana,42,1740,1744.0,4.0,4.0,0.0,0.0,1700-1759,16.0,1800.0,2158.0,7.0,2200,2205.0,5.0,5.0,0.0,0.0,2200-2259,0.0,,0.0,140.0,141.0,118.0,1.0,977.0,4,,,,,,,,,0,,,,,,,,,,,,,,,,,,,,,,,,,,,,,,,,,,,,,,,,,,,,,
2025,1,1,3,5,2025-01-03,NK,20416,NK,N994NK,1157,11433,1143302,31295,DTW,"Detroit, MI",MI,26,Michigan,43,13495,1349505,33495,MSY,"New Orleans, LA",LA,22,Louisiana,72,1301,1317.0,16.0,16.0,1.0,1.0,1300-1359,12.0,1329.0,1435.0,3.0,1438,1438.0,0.0,0.0,0.0,0.0,1400-1459,0.0,,0.0,157.0,141.0,126.0,1.0,926.0,4,,,,,,,,,0,,,,,,,,,,,,,,,,,,,,,,,,,,,,,,,,,,,,,,,,,,,,,
2025,1,1,1,3,2025-01-01,DL,19790,DL,N697DL,1227,15304,1530402,33195,TPA,"Tampa, FL",FL,12,Florida,33,10397,1039707,30397,ATL,"Atlanta, GA",GA,13,Georgia,34,1105,1058.0,-7.0,0.0,0.0,-1.0,1100-1159,13.0,1111.0,1215.0,3.0,1238,1218.0,-20.0,0.0,0.0,-2.0,1200-1259,0.0,,0.0,93.0,80.0,64.0,1.0,406.0,2,,,,,,,,,0,,,,,,,,,,,,,,,,,,,,,,,,,,,,,,,,,,,,,,,,,,,,,
2025,1,1,25,6,2025-01-25,DL,19790,DL,N353NB,2619,14869,1486903,34614,SLC,"Salt Lake City, UT",UT,49,Utah,87,13342,1334207,33342,MKE,"Milwaukee, WI",WI,55,Wisconsin,45,1730,1953.0,143.0,143.0,1.0,9.0,1700-1759,31.0,2024.0,2351.0,6.0,2131,2357.0,146.0,146.0,1.0,9.0,2100-2159,0.0,,0.0,181.0,184.0,147.0,1.0,1247.0,5,143.0,0.0,3.0,0.0,0.0,,,,0,,,,,,,,,,,,,,,,,,,,,,,,,,,,,,,,,,,,,,,,,,,,,
2025,1,1,16,4,2025-01-16,AA,19805,AA,N998NN,629,15016,1501606,31123,STL,"St. Louis, MO",MO,29,Missouri,64,13930,1393008,30977,ORD,"Chicago, IL",IL,17,Illinois,41,540,534.0,-6.0,0.0,0.0,-1.0,0001-0559,13.0,547.0,637.0,10.0,708,647.0,-21.0,0.0,0.0,-2.0,0700-0759,0.0,,0.0,88.0,73.0,50.0,1.0,258.0,2,,,,,,,,,0,,,,,,,,,,,,,,,,,,,,,,,,,,,,,,,,,,,,,,,,,,,,,
2025,1,1,13,1,2025-01-13,F9,20436,F9,N312FR,2400,12266,1226603,31453,IAH,"Houston, TX",TX,48,Texas,74,10397,1039707,30397,ATL,"Atlanta, GA",GA,13,Georgia,34,1938,2008.0,30.0,30.0,1.0,2.0,1900-1959,16.0,2024.0,2242.0,14.0,2250,2256.0,6.0,6.0,0.0,0.0,2200-2259,0.0,,0.0,132.0,108.0,78.0,1.0,689.0,3,,,,,,,,,0,,,,,,,,,,,,,,,,,,,,,,,,,,,,,,,,,,,,,,,,,,,,,
2025,1,1,31,5,2025-01-31,AA,19805,AA,N863NN,3204,11057,1105703,31057,CLT,"Charlotte, NC",NC,37,North Carolina,36,10721,1072102,30721,BOS,"Boston, MA",MA,25,Massachusetts,13,1843,1850.0,7.0,7.0,0.0,0.0,1800-1859,24.0,1914.0,2039.0,11.0,2052,2050.0,-2.0,0.0,0.0,-1.0,2000-2059,0.0,,0.0,129.0,120.0,85.0,1.0,728.0,3,,,,,,,,,0,,,,,,,,,,,,,,,,,,,,,,,,,,,,,,,,,,,,,,,,,,,,,
2025,1,1,13,1,2025-01-13,DL,19790,DL,N3762Y,2310,14635,1463502,31714,RSW,"Fort Myers, FL",FL,12,Florida,33,12953,1295304,31703,LGA,"New York, NY",NY,36,New York,22,1959,1945.0,-14.0,0.0,0.0,-1.0,1900-1959,18.0,2003.0,2216.0,9.0,2248,2225.0,-23.0,0.0,0.0,-2.0,2200-2259,0.0,,0.0,169.0,160.0,133.0,1.0,1080.0,5,,,,,,,,,0,,,,,,,,,,,,,,,,,,,,,,,,,,,,,,,,,,,,,,,,,,,,,
2025,1,1,19,7,2025-01-19,DL,19790,DL,N118DY,687,12889,1288904,32211,LAS,"Las Vegas, NV",NV,32,Nevada,85,10397,1039707,30397,ATL,"Atlanta, GA",GA,13,Georgia,34,1736,1809.0,33.0,33.0,1.0,2.0,1700-1759,13.0,1822.0,26.0,7.0,29,33.0,4.0,4.0,0.0,0.0,0001-0559,0.0,,0.0,233.0,204.0,184.0,1.0,1747.0,7,,,,,,,,,0,,,,,,,,,,,,,,,,,,,,,,,,,,,,,,,,,,,,,,,,,,,,,
2025,1,1,14,2,2025-01-14,UA,19977,UA,N37545,2269,14747,1474703,30559,SEA,"Seattle, WA",WA,53,Washington,93,11292,1129202,30325,DEN,"Denver, CO",CO,8,Colorado,82,500,455.0,-5.0,0.0,0.0,-1.0,0001-0559,12.0,507.0,811.0,5.0,843,816.0,-27.0,0.0,0.0,-2.0,0800-0859,0.0,,0.0,163.0,141.0,124.0,1.0,1024.0,5,,,,,,,,,0,,,,,,,,,,,,,,,,,,,,,,,,,,,,,,,,,,,,,,,,,,,,,
2025,1,1,30,4,2025-01-30,UA,19977,UA,N73275,1825,12264,1226402,30852,IAD,"Washington, DC",VA,51,Virginia,38,11697,1169706,32467,FLL,"Fort Lauderdale, FL",FL,12,Florida,33,820,816.0,-4.0,0.0,0.0,-1.0,0800-0859,19.0,835.0,1040.0,3.0,1110,1043.0,-27.0,0.0,0.0,-2.0,1100-1159,0.0,,0.0,170.0,147.0,125.0,1.0,901.0,4,,,,,,,,,0,,,,,,,,,,,,,,,,,,,,,,,,,,,,,,,,,,,,,,,,,,,,,
2025,1,1,6,1,2025-01-06,AA,19805,AA,N852NN,2965,13930,1393008,30977,ORD,"Chicago, IL",IL,17,Illinois,41,14635,1463502,31714,RSW,"Fort Myers, FL",FL,12,Florida,33,700,649.0,-11.0,0.0,0.0,-1.0,0700-0759,41.0,730.0,1055.0,5.0,1100,1100.0,0.0,0.0,0.0,0.0,1100-1159,0.0,,0.0,180.0,191.0,145.0,1.0,1120.0,5,,,,,,,,,0,,,,,,,,,,,,,,,,,,,,,,,,,,,,,,,,,,,,,,,,,,,,,
2025,1,1,3,5,2025-01-03,DL,19790,DL,N324DX,1670,11697,1169706,32467,FLL,"Fort Lauderdale, FL",FL,12,Florida,33,10397,1039707,30397,ATL,"Atlanta, GA",GA,13,Georgia,34,2055,2055.0,0.0,0.0,0.0,0.0,2000-2059,18.0,2113.0,2237.0,5.0,2258,2242.0,-16.0,0.0,0.0,-2.0,2200-2259,0.0,,0.0,123.0,107.0,84.0,1.0,581.0,3,,,,,,,,,0,,,,,,,,,,,,,,,,,,,,,,,,,,,,,,,,,,,,,,,,,,,,,
2025,1,1,5,7,2025-01-05,YX,20452,YX,N431YX,4691,12953,1295304,31703,LGA,"New York, NY",NY,36,New York,22,14100,1410005,34100,PHL,"Philadelphia, PA",PA,42,Pennsylvania,23,1620,1620.0,0.0,0.0,0.0,0.0,1600-1659,32.0,1652.0,1720.0,7.0,1727,1727.0,0.0,0.0,0.0,0.0,1700-1759,0.0,,0.0,67.0,67.0,28.0,1.0,96.0,1,,,,,,,,,0,,,,,,,,,,,,,,,,,,,,,,,,,,,,,,,,,,,,,,,,,,,,,
2025,1,1,8,3,2025-01-08,MQ,20398,MQ,N745JB,3546,13930,1393008,30977,ORD,"Chicago, IL",IL,17,Illinois,41,13198,1319801,33198,MCI,"Kansas City, MO",MO,29,Missouri,64,1505,1527.0,22.0,22.0,1.0,1.0,1500-1559,13.0,1540.0,1639.0,11.0,1643,1650.0,7.0,7.0,0.0,0.0,1600-1659,0.0,,0.0,98.0,83.0,59.0,1.0,403.0,2,,,,,,,,,0,,,,,,,,,,,,,,,,,,,,,,,,,,,,,,,,,,,,,,,,,,,,,
2025,1,1,24,5,2025-01-24,WN,19393,WN,N7739A,1085,13232,1323202,30977,MDW,"Chicago, IL",IL,17,Illinois,41,11292,1129202,30325,DEN,"Denver, CO",CO,8,Colorado,82,805,804.0,-1.0,0.0,0.0,-1.0,0800-0859,10.0,814.0,927.0,6.0,1000,933.0,-27.0,0.0,0.0,-2.0,1000-1059,0.0,,0.0,175.0,149.0,133.0,1.0,895.0,4,,,,,,,,,0,,,,,,,,,,,,,,,,,,,,,,,,,,,,,,,,,,,,,,,,,,,,,
2025,1,1,17,5,2025-01-17,AA,19805,AA,N344TS,2708,14771,1477104,32457,SFO,"San Francisco, CA",CA,6,California,91,14107,1410702,30466,PHX,"Phoenix, AZ",AZ,4,Arizona,81,1214,1207.0,-7.0,0.0,0.0,-1.0,1200-1259,15.0,1222.0,1456.0,5.0,1515,1501.0,-14.0,0.0,0.0,-1.0,1500-1559,0.0,,0.0,121.0,114.0,94.0,1.0,651.0,3,,,,,,,,,0,,,,,,,,,,,,,,,,,,,,,,,,,,,,,,,,,,,,,,,,,,,,,
2025,1,1,26,7,2025-01-26,UA,19977,UA,N76508,215,12266,1226603,31453,IAH,"Houston, TX",TX,48,Texas,74,12953,1295304,31703,LGA,"New York, NY",NY,36,New York,22,1421,1420.0,-1.0,0.0,0.0,-1.0,1400-1459,18.0,1438.0,1840.0,5.0,1852,1845.0,-7.0,0.0,0.0,-1.0,1800-1859,0.0,,0.0,211.0,205.0,182.0,1.0,1416.0,6,,,,,,,,,0,,,,,,,,,,,,,,,,,,,,,,,,,,,,,,,,,,,,,,,,,,,,,
2025,1,1,10,5,2025-01-10,AA,19805,AA,N939AN,641,13930,1393008,30977,ORD,"Chicago, IL",IL,17,Illinois,41,12889,1288904,32211,LAS,"Las Vegas, NV",NV,32,Nevada,85,1525,1526.0,1.0,1.0,0.0,0.0,1500-1559,51.0,1617.0,1721.0,5.0,1728,1726.0,-2.0,0.0,0.0,-1.0,1700-1759,0.0,,0.0,243.0,240.0,184.0,1.0,1514.0,7,,,,,,,,,0,,,,,,,,,,,,,,,,,,,,,,,,,,,,,,,,,,,,,,,,,,,,,
2025,1,1,2,4,2025-01-02,HA,19690,HA,N223HA,68,12982,1298202,32982,LIH,"Lihue, HI",HI,15,Hawaii,2,13796,1379610,32457,OAK,"Oakland, CA",CA,6,California,91,1345,1354.0,9.0,9.0,0.0,0.0,1300-1359,15.0,1409.0,2117.0,8.0,2100,2125.0,25.0,25.0,1.0,1.0,2100-2159,0.0,,0.0,315.0,331.0,308.0,1.0,2457.0,10,25.0,0.0,0.0,0.0,0.0,,,,0,,,,,,,,,,,,,,,,,,,,,,,,,,,,,,,,,,,,,,,,,,,,,
2025,1,1,22,3,2025-01-22,YX,20452,YX,N436YX,4461,12953,1295304,31703,LGA,"New York, NY",NY,36,New York,22,14492,1449202,34492,RDU,"Raleigh/Durham, NC",NC,37,North Carolina,36,2112,2102.0,-10.0,0.0,0.0,-1.0,2100-2159,16.0,2118.0,2234.0,8.0,2302,2242.0,-20.0,0.0,0.0,-2.0,2300-2359,0.0,,0.0,110.0,100.0,76.0,1.0,431.0,2,,,,,,,,,0,,,,,,,,,,,,,,,,,,,,,,,,,,,,,,,,,,,,,,,,,,,,,
2025,1,1,11,6,2025-01-11,OO,20304,OO,N246SY,3675,13487,1348702,31650,MSP,"Minneapolis, MN",MN,27,Minnesota,63,14252,1425203,34252,PSC,"Pasco/Kennewick/Richland, WA",WA,53,Washington,93,1825,1821.0,-4.0,0.0,0.0,-1.0,1800-1859,15.0,1836.0,1929.0,4.0,2012,1933.0,-39.0,0.0,0.0,-2.0,2000-2059,0.0,,0.0,227.0,192.0,173.0,1.0,1254.0,6,,,,,,,,,0,,,,,,,,,,,,,,,,,,,,,,,,,,,,,,,,,,,,,,,,,,,,,
2025,1,1,29,3,2025-01-29,HA,19690,HA,N208HA,68,12982,1298202,32982,LIH,"Lihue, HI",HI,15,Hawaii,2,13796,1379610,32457,OAK,"Oakland, CA",CA,6,California,91,1345,1333.0,-12.0,0.0,0.0,-1.0,1300-1359,10.0,1343.0,2026.0,6.0,2100,2032.0,-28.0,0.0,0.0,-2.0,2100-2159,0.0,,0.0,315.0,299.0,283.0,1.0,2457.0,10,,,,,,,,,0,,,,,,,,,,,,,,,,,,,,,,,,,,,,,,,,,,,,,,,,,,,,,
2025,1,1,17,5,2025-01-17,NK,20416,NK,N969NK,801,12889,1288904,32211,LAS,"Las Vegas, NV",NV,32,Nevada,85,10800,1080003,32575,BUR,"Burbank, CA",CA,6,California,91,951,945.0,-6.0,0.0,0.0,-1.0,0900-0959,13.0,958.0,1041.0,3.0,1109,1044.0,-25.0,0.0,0.0,-2.0,1100-1159,0.0,,0.0,78.0,59.0,43.0,1.0,223.0,1,,,,,,,,,0,,,,,,,,,,,,,,,,,,,,,,,,,,,,,,,,,,,,,,,,,,,,,
2025,1,1,28,2,2025-01-28,WN,19393,WN,N8699A,770,14679,1467903,33570,SAN,"San Diego, CA",CA,6,California,91,13232,1323202,30977,MDW,"Chicago, IL",IL,17,Illinois,41,1110,1117.0,7.0,7.0,0.0,0.0,1100-1159,10.0,1127.0,1639.0,5.0,1705,1644.0,-21.0,0.0,0.0,-2.0,1700-1759,0.0,,0.0,235.0,207.0,192.0,1.0,1728.0,7,,,,,,,,,0,,,,,,,,,,,,,,,,,,,,,,,,,,,,,,,,,,,,,,,,,,,,,
2025,1,1,15,3,2025-01-15,WN,19393,WN,N8542Z,1874,10821,1082106,30852,BWI,"Baltimore, MD",MD,24,Maryland,35,14635,1463502,31714,RSW,"Fort Myers, FL",FL,12,Florida,33,840,844.0,4.0,4.0,0.0,0.0,0800-0859,14.0,858.0,1126.0,4.0,1130,1130.0,0.0,0.0,0.0,0.0,1100-1159,0.0,,0.0,170.0,166.0,148.0,1.0,919.0,4,,,,,,,,,0,,,,,,,,,,,,,,,,,,,,,,,,,,,,,,,,,,,,,,,,,,,,,
2025,1,1,29,3,2025-01-29,DL,19790,DL,N341NW,2948,10397,1039707,30397,ATL,"Atlanta, GA",GA,13,Georgia,34,11977,1197705,31977,GRB,"Green Bay, WI",WI,55,Wisconsin,45,2023,2017.0,-6.0,0.0,0.0,-1.0,2000-2059,9.0,2026.0,2118.0,4.0,2134,2122.0,-12.0,0.0,0.0,-1.0,2100-2159,0.0,,0.0,131.0,125.0,112.0,1.0,774.0,4,,,,,,,,,0,,,,,,,,,,,,,,,,,,,,,,,,,,,,,,,,,,,,,,,,,,,,,
2025,1,1,31,5,2025-01-31,UA,19977,UA,N11206,1412,12266,1226603,31453,IAH,"Houston, TX",TX,48,Texas,74,13495,1349505,33495,MSY,"New Orleans, LA",LA,22,Louisiana,72,1820,1817.0,-3.0,0.0,0.0,-1.0,1800-1859,35.0,1852.0,1939.0,7.0,1938,1946.0,8.0,8.0,0.0,0.0,1900-1959,0.0,,0.0,78.0,89.0,47.0,1.0,305.0,2,,,,,,,,,0,,,,,,,,,,,,,,,,,,,,,,,,,,,,,,,,,,,,,,,,,,,,,
2025,1,1,31,5,2025-01-31,WN,19393,WN,N8527Q,2167,11259,1125904,30194,DAL,"Dallas, TX",TX,48,Texas,74,12992,1299206,32600,LIT,"Little Rock, AR",AR,5,Arkansas,71,1900,1907.0,7.0,7.0,0.0,0.0,1900-1959,12.0,1919.0,2010.0,4.0,2010,2014.0,4.0,4.0,0.0,0.0,2000-2059,0.0,,0.0,70.0,67.0,51.0,1.0,296.0,2,,,,,,,,,0,,,,,,,,,,,,,,,,,,,,,,,,,,,,,,,,,,,,,,,,,,,,,
2025,1,1,1,3,2025-01-01,F9,20436,F9,N328FR,3382,14771,1477104,32457,SFO,"San Francisco, CA",CA,6,California,91,14679,1467903,33570,SAN,"San Diego, CA",CA,6,California,91,1836,1831.0,-5.0,0.0,0.0,-1.0,1800-1859,27.0,1858.0,2006.0,8.0,2017,2014.0,-3.0,0.0,0.0,-1.0,2000-2059,0.0,,0.0,101.0,103.0,68.0,1.0,447.0,2,,,,,,,,,0,,,,,,,,,,,,,,,,,,,,,,,,,,,,,,,,,,,,,,,,,,,,,
2025,1,1,26,7,2025-01-26,AA,19805,AA,N904AA,1938,11298,1129806,30194,DFW,"Dallas/Fort Worth, TX",TX,48,Texas,74,12889,1288904,32211,LAS,"Las Vegas, NV",NV,32,Nevada,85,1101,1057.0,-4.0,0.0,0.0,-1.0,1100-1159,31.0,1128.0,1208.0,7.0,1206,1215.0,9.0,9.0,0.0,0.0,1200-1259,0.0,,0.0,185.0,198.0,160.0,1.0,1055.0,5,,,,,,,,,0,,,,,,,,,,,,,,,,,,,,,,,,,,,,,,,,,,,,,,,,,,,,,
2025,1,1,20,1,2025-01-20,DL,19790,DL,N392DA,2947,14057,1405702,34057,PDX,"Portland, OR",OR,41,Oregon,92,12892,1289208,32575,LAX,"Los Angeles, CA",CA,6,California,91,605,554.0,-11.0,0.0,0.0,-1.0,0600-0659,13.0,607.0,754.0,8.0,832,802.0,-30.0,0.0,0.0,-2.0,0800-0859,0.0,,0.0,147.0,128.0,107.0,1.0,834.0,4,,,,,,,,,0,,,,,,,,,,,,,,,,,,,,,,,,,,,,,,,,,,,,,,,,,,,,,
2025,1,1,15,3,2025-01-15,AA,19805,AA,N832NN,1701,13303,1330303,32467,MIA,"Miami, FL",FL,12,Florida,33,12953,1295304,31703,LGA,"New York, NY",NY,36,New York,22,2040,2054.0,14.0,14.0,0.0,0.0,2000-2059,13.0,2107.0,2329.0,7.0,2345,2336.0,-9.0,0.0,0.0,-1.0,2300-2359,0.0,,0.0,185.0,162.0,142.0,1.0,1096.0,5,,,,,,,,,0,,,,,,,,,,,,,,,,,,,,,,,,,,,,,,,,,,,,,,,,,,,,,
2025,1,1,26,7,2025-01-26,B6,20409,B6,N559JB,1761,12953,1295304,31703,LGA,"New York, NY",NY,36,New York,22,14027,1402702,34027,PBI,"West Palm Beach/Palm Beach, FL",FL,12,Florida,33,1930,1927.0,-3.0,0.0,0.0,-1.0,1900-1959,11.0,1938.0,2207.0,2.0,2234,2209.0,-25.0,0.0,0.0,-2.0,2200-2259,0.0,,0.0,184.0,162.0,149.0,1.0,1035.0,5,,,,,,,,,0,,,,,,,,,,,,,,,,,,,,,,,,,,,,,,,,,,,,,,,,,,,,,
2025,1,1,23,4,2025-01-23,OO,20304,OO,N831SK,4132,10785,1078502,30785,BTV,"Burlington, VT",VT,50,Vermont,16,11433,1143302,31295,DTW,"Detroit, MI",MI,26,Michigan,43,700,650.0,-10.0,0.0,0.0,-1.0,0700-0759,13.0,703.0,832.0,9.0,916,841.0,-35.0,0.0,0.0,-2.0,0900-0959,0.0,,0.0,136.0,111.0,89.0,1.0,537.0,3,,,,,,,,,0,,,,,,,,,,,,,,,,,,,,,,,,,,,,,,,,,,,,,,,,,,,,,
2025,1,1,9,4,2025-01-09,AA,19805,AA,N995NN,2150,11298,1129806,30194,DFW,"Dallas/Fort Worth, TX",TX,48,Texas,74,13244,1324402,33244,MEM,"Memphis, TN",TN,47,Tennessee,54,816,,,,,,0800-0859,,,,,950,,,,,,0900-0959,1.0,B,0.0,94.0,,,1.0,431.0,2,,,,,,,,,0,,,,,,,,,,,,,,,,,,,,,,,,,,,,,,,,,,,,,,,,,,,,,
2025,1,1,7,2,2025-01-07,UA,19977,UA,N17347,2321,13204,1320402,31454,MCO,"Orlando, FL",FL,12,Florida,33,11618,1161802,31703,EWR,"Newark, NJ",NJ,34,New Jersey,21,1533,1639.0,66.0,66.0,1.0,4.0,1500-1559,14.0,1653.0,1905.0,7.0,1820,1912.0,52.0,52.0,1.0,3.0,1800-1859,0.0,,0.0,167.0,153.0,132.0,1.0,937.0,4,0.0,0.0,32.0,0.0,20.0,,,,0,,,,,,,,,,,,,,,,,,,,,,,,,,,,,,,,,,,,,,,,,,,,,
2025,1,1,20,1,2025-01-20,AA,19805,AA,N5007E,801,14100,1410005,34100,PHL,"Philadelphia, PA",PA,42,Pennsylvania,23,14635,1463502,31714,RSW,"Fort Myers, FL",FL,12,Florida,33,1900,1904.0,4.0,4.0,0.0,0.0,1900-1959,27.0,1931.0,2219.0,5.0,2205,2224.0,19.0,19.0,1.0,1.0,2200-2259,0.0,,0.0,185.0,200.0,168.0,1.0,993.0,4,0.0,0.0,19.0,0.0,0.0,,,,0,,,,,,,,,,,,,,,,,,,,,,,,,,,,,,,,,,,,,,,,,,,,,
2025,1,1,30,4,2025-01-30,DL,19790,DL,N938AT,3063,10397,1039707,30397,ATL,"Atlanta, GA",GA,13,Georgia,34,11973,1197302,31973,GPT,"Gulfport/Biloxi, MS",MS,28,Mississippi,53,1525,1644.0,79.0,79.0,1.0,5.0,1500-1559,10.0,1654.0,1657.0,5.0,1549,1702.0,73.0,73.0,1.0,4.0,1500-1559,0.0,,0.0,84.0,78.0,63.0,1.0,352.0,2,72.0,0.0,0.0,0.0,1.0,,,,0,,,,,,,,,,,,,,,,,,,,,,,,,,,,,,,,,,,,,,,,,,,,,
2025,1,1,22,3,2025-01-22,UA,19977,UA,N34455,1846,10529,1052907,30529,BDL,"Hartford, CT",CT,9,Connecticut,11,13930,1393008,30977,ORD,"Chicago, IL",IL,17,Illinois,41,1701,1656.0,-5.0,0.0,0.0,-1.0,1700-1759,12.0,1708.0,1813.0,23.0,1850,1836.0,-14.0,0.0,0.0,-1.0,1800-1859,0.0,,0.0,169.0,160.0,125.0,1.0,783.0,4,,,,,,,,,0,,,,,,,,,,,,,,,,,,,,,,,,,,,,,,,,,,,,,,,,,,,,,
2025,1,1,30,4,2025-01-30,DL,19790,DL,N839DN,2554,10529,1052907,30529,BDL,"Hartford, CT",CT,9,Connecticut,11,10397,1039707,30397,ATL,"Atlanta, GA",GA,13,Georgia,34,715,709.0,-6.0,0.0,0.0,-1.0,0700-0759,10.0,719.0,924.0,9.0,1001,933.0,-28.0,0.0,0.0,-2.0,1000-1059,0.0,,0.0,166.0,144.0,125.0,1.0,859.0,4,,,,,,,,,0,,,,,,,,,,,,,,,,,,,,,,,,,,,,,,,,,,,,,,,,,,,,,
2025,1,1,28,2,2025-01-28,OH,20397,OH,N544EA,5410,11003,1100303,31003,CID,"Cedar Rapids/Iowa City, IA",IA,19,Iowa,61,11278,1127805,30852,DCA,"Washington, DC",VA,51,Virginia,38,1214,1204.0,-10.0,0.0,0.0,-1.0,1200-1259,12.0,1216.0,1452.0,6.0,1537,1458.0,-39.0,0.0,0.0,-2.0,1500-1559,0.0,,0.0,143.0,114.0,96.0,1.0,801.0,4,,,,,,,,,0,,,,,,,,,,,,,,,,,,,,,,,,,,,,,,,,,,,,,,,,,,,,,
2025,1,1,17,5,2025-01-17,DL,19790,DL,N370NB,2389,10397,1039707,30397,ATL,"Atlanta, GA",GA,13,Georgia,34,10257,1025702,30257,ALB,"Albany, NY",NY,36,New York,22,1530,1629.0,59.0,59.0,1.0,3.0,1500-1559,12.0,1641.0,1832.0,4.0,1740,1836.0,56.0,56.0,1.0,3.0,1700-1759,0.0,,0.0,130.0,127.0,111.0,1.0,853.0,4,0.0,0.0,0.0,0.0,56.0,,,,0,,,,,,,,,,,,,,,,,,,,,,,,,,,,,,,,,,,,,,,,,,,,,
2025,1,1,26,7,2025-01-26,AA,19805,AA,N778XF,1173,14869,1486903,34614,SLC,"Salt Lake City, UT",UT,49,Utah,87,13930,1393008,30977,ORD,"Chicago, IL",IL,17,Illinois,41,1500,1450.0,-10.0,0.0,0.0,-1.0,1500-1559,13.0,1503.0,1839.0,10.0,1909,1849.0,-20.0,0.0,0.0,-2.0,1900-1959,0.0,,0.0,189.0,179.0,156.0,1.0,1250.0,6,,,,,,,,,0,,,,,,,,,,,,,,,,,,,,,,,,,,,,,,,,,,,,,,,,,,,,,
2025,1,1,14,2,2025-01-14,OO,20304,OO,N978SW,5477,13184,1318403,33184,MBS,"Saginaw/Bay City/Midland, MI",MI,26,Michigan,43,13930,1393008,30977,ORD,"Chicago, IL",IL,17,Illinois,41,1640,1642.0,2.0,2.0,0.0,0.0,1600-1659,16.0,1658.0,1639.0,13.0,1710,1652.0,-18.0,0.0,0.0,-2.0,1700-1759,0.0,,0.0,90.0,70.0,41.0,1.0,222.0,1,,,,,,,,,0,,,,,,,,,,,,,,,,,,,,,,,,,,,,,,,,,,,,,,,,,,,,,
2025,1,1,16,4,2025-01-16,AA,19805,AA,N664AW,2435,14685,1468502,34685,SAV,"Savannah, GA",GA,13,Georgia,34,11298,1129806,30194,DFW,"Dallas/Fort Worth, TX",TX,48,Texas,74,649,645.0,-4.0,0.0,0.0,-1.0,0600-0659,13.0,658.0,816.0,11.0,848,827.0,-21.0,0.0,0.0,-2.0,0800-0859,0.0,,0.0,179.0,162.0,138.0,1.0,925.0,4,,,,,,,,,0,,,,,,,,,,,,,,,,,,,,,,,,,,,,,,,,,,,,,,,,,,,,,
2025,1,1,25,6,2025-01-25,DL,19790,DL,N913DU,3097,10397,1039707,30397,ATL,"Atlanta, GA",GA,13,Georgia,34,15624,1562404,31504,VPS,"Valparaiso, FL",FL,12,Florida,33,2242,2233.0,-9.0,0.0,0.0,-1.0,2200-2259,10.0,2243.0,2224.0,8.0,2253,2232.0,-21.0,0.0,0.0,-2.0,2200-2259,0.0,,0.0,71.0,59.0,41.0,1.0,250.0,2,,,,,,,,,0,,,,,,,,,,,,,,,,,,,,,,,,,,,,,,,,,,,,,,,,,,,,,
2025,1,1,28,2,2025-01-28,DL,19790,DL,N819DX,1150,13204,1320402,31454,MCO,"Orlando, FL",FL,12,Florida,33,10397,1039707,30397,ATL,"Atlanta, GA",GA,13,Georgia,34,1715,1716.0,1.0,1.0,0.0,0.0,1700-1759,11.0,1727.0,1831.0,5.0,1854,1836.0,-18.0,0.0,0.0,-2.0,1800-1859,0.0,,0.0,99.0,80.0,64.0,1.0,404.0,2,,,,,,,,,0,,,,,,,,,,,,,,,,,,,,,,,,,,,,,,,,,,,,,,,,,,,,,
2025,1,1,10,5,2025-01-10,OH,20397,OH,,5389,14696,1469608,34696,SBN,"South Bend, IN",IN,18,Indiana,42,11057,1105703,31057,CLT,"Charlotte, NC",NC,37,North Carolina,36,1137,,,,,,1100-1159,,,,,1333,,,,,,1300-1359,1.0,B,0.0,116.0,,,1.0,534.0,3,,,,,,,,,0,,,,,,,,,,,,,,,,,,,,,,,,,,,,,,,,,,,,,,,,,,,,,
2025,1,1,16,4,2025-01-16,DL,19790,DL,N316NB,2462,15624,1562404,31504,VPS,"Valparaiso, FL",FL,12,Florida,33,13487,1348702,31650,MSP,"Minneapolis, MN",MN,27,Minnesota,63,1350,1339.0,-11.0,0.0,0.0,-1.0,1300-1359,20.0,1359.0,1635.0,4.0,1648,1639.0,-9.0,0.0,0.0,-1.0,1600-1659,0.0,,0.0,178.0,180.0,156.0,1.0,1058.0,5,,,,,,,,,0,,,,,,,,,,,,,,,,,,,,,,,,,,,,,,,,,,,,,,,,,,,,,
2025,1,1,27,1,2025-01-27,AA,19805,AA,N767UW,495,12478,1247805,31703,JFK,"New York, NY",NY,36,New York,22,11057,1105703,31057,CLT,"Charlotte, NC",NC,37,North Carolina,36,1200,1159.0,-1.0,0.0,0.0,-1.0,1200-1259,18.0,1217.0,1346.0,15.0,1408,1401.0,-7.0,0.0,0.0,-1.0,1400-1459,0.0,,0.0,128.0,122.0,89.0,1.0,541.0,3,,,,,,,,,0,,,,,,,,,,,,,,,,,,,,,,,,,,,,,,,,,,,,,,,,,,,,,
2025,1,1,18,6,2025-01-18,DL,19790,DL,N335NW,2691,11977,1197705,31977,GRB,"Green Bay, WI",WI,55,Wisconsin,45,10397,1039707,30397,ATL,"Atlanta, GA",GA,13,Georgia,34,520,514.0,-6.0,0.0,0.0,-1.0,0001-0559,16.0,530.0,826.0,7.0,851,833.0,-18.0,0.0,0.0,-2.0,0800-0859,0.0,,0.0,151.0,139.0,116.0,1.0,774.0,4,,,,,,,,,0,,,,,,,,,,,,,,,,,,,,,,,,,,,,,,,,,,,,,,,,,,,,,
2025,1,1,29,3,2025-01-29,DL,19790,DL,N359DN,1678,10849,1084907,30849,BZN,"Bozeman, MT",MT,30,Montana,84,13487,1348702,31650,MSP,"Minneapolis, MN",MN,27,Minnesota,63,610,604.0,-6.0,0.0,0.0,-1.0,0600-0659,27.0,631.0,923.0,6.0,930,929.0,-1.0,0.0,0.0,-1.0,0900-0959,0.0,,0.0,140.0,145.0,112.0,1.0,874.0,4,,,,,,,,,0,,,,,,,,,,,,,,,,,,,,,,,,,,,,,,,,,,,,,,,,,,,,,
2025,1,1,28,2,2025-01-28,NK,20416,NK,N713NK,724,13204,1320402,31454,MCO,"Orlando, FL",FL,12,Florida,33,13495,1349505,33495,MSY,"New Orleans, LA",LA,22,Louisiana,72,1659,1740.0,41.0,41.0,1.0,2.0,1600-1659,11.0,1751.0,1822.0,5.0,1801,1827.0,26.0,26.0,1.0,1.0,1800-1859,0.0,,0.0,122.0,107.0,91.0,1.0,551.0,3,26.0,0.0,0.0,0.0,0.0,,,,0,,,,,,,,,,,,,,,,,,,,,,,,,,,,,,,,,,,,,,,,,,,,,
2025,1,1,12,7,2025-01-12,F9,20436,F9,N720FR,3451,11697,1169706,32467,FLL,"Fort Lauderdale, FL",FL,12,Florida,33,11042,1104205,30647,CLE,"Cleveland, OH",OH,39,Ohio,44,1925,1916.0,-9.0,0.0,0.0,-1.0,1900-1959,13.0,1929.0,2148.0,17.0,2225,2205.0,-20.0,0.0,0.0,-2.0,2200-2259,0.0,,0.0,180.0,169.0,139.0,1.0,1062.0,5,,,,,,,,,0,,,,,,,,,,,,,,,,,,,,,,,,,,,,,,,,,,,,,,,,,,,,,
2025,1,1,23,4,2025-01-23,OO,20304,OO,N285SY,3813,15389,1538902,35389,TWF,"Twin Falls, ID",ID,16,Idaho,83,14869,1486903,34614,SLC,"Salt Lake City, UT",UT,49,Utah,87,625,618.0,-7.0,0.0,0.0,-1.0,0600-0659,9.0,627.0,702.0,10.0,724,712.0,-12.0,0.0,0.0,-1.0,0700-0759,0.0,,0.0,59.0,54.0,35.0,1.0,175.0,1,,,,,,,,,0,,,,,,,,,,,,,,,,,,,,,,,,,,,,,,,,,,,,,,,,,,,,,
2025,1,1,6,1,2025-01-06,NK,20416,NK,N628NK,298,10693,1069302,30693,BNA,"Nashville, TN",TN,47,Tennessee,54,13204,1320402,31454,MCO,"Orlando, FL",FL,12,Florida,33,1557,1551.0,-6.0,0.0,0.0,-1.0,1500-1559,27.0,1618.0,1839.0,5.0,1855,1844.0,-11.0,0.0,0.0,-1.0,1800-1859,0.0,,0.0,118.0,113.0,81.0,1.0,616.0,3,,,,,,,,,0,,,,,,,,,,,,,,,,,,,,,,,,,,,,,,,,,,,,,,,,,,,,,
2025,1,1,14,2,2025-01-14,WN,19393,WN,N8800L,897,14869,1486903,34614,SLC,"Salt Lake City, UT",UT,49,Utah,87,13796,1379610,32457,OAK,"Oakland, CA",CA,6,California,91,650,649.0,-1.0,0.0,0.0,-1.0,0600-0659,18.0,707.0,724.0,4.0,805,728.0,-37.0,0.0,0.0,-2.0,0800-0859,0.0,,0.0,135.0,99.0,77.0,1.0,588.0,3,,,,,,,,,0,,,,,,,,,,,,,,,,,,,,,,,,,,,,,,,,,,,,,,,,,,,,,
2025,1,1,12,7,2025-01-12,WN,19393,WN,N247WN,4113,11292,1129202,30325,DEN,"Denver, CO",CO,8,Colorado,82,14908,1490803,32575,SNA,"Santa Ana, CA",CA,6,California,91,1630,1632.0,2.0,2.0,0.0,0.0,1600-1659,11.0,1643.0,1741.0,3.0,1800,1744.0,-16.0,0.0,0.0,-2.0,1800-1859,0.0,,0.0,150.0,132.0,118.0,1.0,846.0,4,,,,,,,,,0,,,,,,,,,,,,,,,,,,,,,,,,,,,,,,,,,,,,,,,,,,,,,
2025,1,1,16,4,2025-01-16,AA,19805,AA,N680AW,2581,13342,1334207,33342,MKE,"Milwaukee, WI",WI,55,Wisconsin,45,11298,1129806,30194,DFW,"Dallas/Fort Worth, TX",TX,48,Texas,74,1500,1500.0,0.0,0.0,0.0,0.0,1500-1559,14.0,1514.0,1710.0,15.0,1743,1725.0,-18.0,0.0,0.0,-2.0,1700-1759,0.0,,0.0,163.0,145.0,116.0,1.0,853.0,4,,,,,,,,,0,,,,,,,,,,,,,,,,,,,,,,,,,,,,,,,,,,,,,,,,,,,,,
2025,1,1,13,1,2025-01-13,DL,19790,DL,N668DN,2836,13303,1330303,32467,MIA,"Miami, FL",FL,12,Florida,33,10397,1039707,30397,ATL,"Atlanta, GA",GA,13,Georgia,34,1028,1023.0,-5.0,0.0,0.0,-1.0,1000-1059,17.0,1040.0,1205.0,5.0,1238,1210.0,-28.0,0.0,0.0,-2.0,1200-1259,0.0,,0.0,130.0,107.0,85.0,1.0,594.0,3,,,,,,,,,0,,,,,,,,,,,,,,,,,,,,,,,,,,,,,,,,,,,,,,,,,,,,,
2025,1,1,13,1,2025-01-13,YX,20452,YX,N125HQ,4642,11066,1106606,31066,CMH,"Columbus, OH",OH,39,Ohio,44,10721,1072102,30721,BOS,"Boston, MA",MA,25,Massachusetts,13,700,654.0,-6.0,0.0,0.0,-1.0,0700-0759,8.0,702.0,823.0,10.0,904,833.0,-31.0,0.0,0.0,-2.0,0900-0959,0.0,,0.0,124.0,99.0,81.0,1.0,640.0,3,,,,,,,,,0,,,,,,,,,,,,,,,,,,,,,,,,,,,,,,,,,,,,,,,,,,,,,
2025,1,1,10,5,2025-01-10,WN,19393,WN,N259WN,1600,14570,1457002,34570,RNO,"Reno, NV",NV,32,Nevada,85,12892,1289208,32575,LAX,"Los Angeles, CA",CA,6,California,91,1330,1328.0,-2.0,0.0,0.0,-1.0,1300-1359,13.0,1341.0,1445.0,7.0,1505,1452.0,-13.0,0.0,0.0,-1.0,1500-1559,0.0,,0.0,95.0,84.0,64.0,1.0,391.0,2,,,,,,,,,0,,,,,,,,,,,,,,,,,,,,,,,,,,,,,,,,,,,,,,,,,,,,,
2025,1,1,19,7,2025-01-19,UA,19977,UA,N13720,1834,13930,1393008,30977,ORD,"Chicago, IL",IL,17,Illinois,41,14683,1468305,33214,SAT,"San Antonio, TX",TX,48,Texas,74,915,912.0,-3.0,0.0,0.0,-1.0,0900-0959,20.0,932.0,1207.0,6.0,1229,1213.0,-16.0,0.0,0.0,-2.0,1200-1259,0.0,,0.0,194.0,181.0,155.0,1.0,1041.0,5,,,,,,,,,0,,,,,,,,,,,,,,,,,,,,,,,,,,,,,,,,,,,,,,,,,,,,,
2025,1,1,4,6,2025-01-04,G4,20368,G4,203NV,906,14082,1408203,34082,PGD,"Punta Gorda, FL",FL,12,Florida,33,13367,1336707,33367,MLI,"Moline, IL",IL,17,Illinois,41,1551,1650.0,59.0,59.0,1.0,3.0,1500-1559,12.0,1702.0,1837.0,7.0,1749,1844.0,55.0,55.0,1.0,3.0,1700-1759,0.0,,0.0,178.0,174.0,155.0,1.0,1113.0,5,0.0,0.0,55.0,0.0,0.0,,,,0,,,,,,,,,,,,,,,,,,,,,,,,,,,,,,,,,,,,,,,,,,,,,
2025,1,1,23,4,2025-01-23,OO,20304,OO,N617UX,5426,11638,1163807,31638,FAT,"Fresno, CA",CA,6,California,91,12892,1289208,32575,LAX,"Los Angeles, CA",CA,6,California,91,624,622.0,-2.0,0.0,0.0,-1.0,0600-0659,13.0,635.0,716.0,11.0,740,727.0,-13.0,0.0,0.0,-1.0,0700-0759,0.0,,0.0,76.0,65.0,41.0,1.0,209.0,1,,,,,,,,,0,,,,,,,,,,,,,,,,,,,,,,,,,,,,,,,,,,,,,,,,,,,,,
2025,1,1,14,2,2025-01-14,OH,20397,OH,N523AE,5153,11146,1114608,31146,CRW,"Charleston/Dunbar, WV",WV,54,West Virginia,39,11278,1127805,30852,DCA,"Washington, DC",VA,51,Virginia,38,522,505.0,-17.0,0.0,0.0,-2.0,0001-0559,29.0,534.0,621.0,7.0,646,628.0,-18.0,0.0,0.0,-2.0,0600-0659,0.0,,0.0,84.0,83.0,47.0,1.0,249.0,1,,,,,,,,,0,,,,,,,,,,,,,,,,,,,,,,,,,,,,,,,,,,,,,,,,,,,,,
2025,1,1,9,4,2025-01-09,B6,20409,B6,N3244J,2802,15096,1509602,35096,SYR,"Syracuse, NY",NY,36,New York,22,12478,1247805,31703,JFK,"New York, NY",NY,36,New York,22,1214,1204.0,-10.0,0.0,0.0,-1.0,1200-1259,37.0,1241.0,1331.0,3.0,1330,1334.0,4.0,4.0,0.0,0.0,1300-1359,0.0,,0.0,76.0,90.0,50.0,1.0,209.0,1,,,,,,,,,0,,,,,,,,,,,,,,,,,,,,,,,,,,,,,,,,,,,,,,,,,,,,,
2025,1,1,9,4,2025-01-09,UA,19977,UA,N78511,1972,12266,1226603,31453,IAH,"Houston, TX",TX,48,Texas,74,11057,1105703,31057,CLT,"Charlotte, NC",NC,37,North Carolina,36,1843,1852.0,9.0,9.0,0.0,0.0,1800-1859,18.0,1910.0,2153.0,12.0,2215,2205.0,-10.0,0.0,0.0,-1.0,2200-2259,0.0,,0.0,152.0,133.0,103.0,1.0,912.0,4,,,,,,,,,0,,,,,,,,,,,,,,,,,,,,,,,,,,,,,,,,,,,,,,,,,,,,,
2025,1,1,17,5,2025-01-17,OO,20304,OO,N606UX,4684,11292,1129202,30325,DEN,"Denver, CO",CO,8,Colorado,82,14674,1467402,34674,SAF,"Santa Fe, NM",NM,35,New Mexico,86,2050,2103.0,13.0,13.0,0.0,0.0,2000-2059,56.0,2159.0,2245.0,9.0,2215,2254.0,39.0,39.0,1.0,2.0,2200-2259,0.0,,0.0,85.0,111.0,46.0,1.0,303.0,2,13.0,0.0,26.0,0.0,0.0,,,,0,,,,,,,,,,,,,,,,,,,,,,,,,,,,,,,,,,,,,,,,,,,,,
2025,1,1,2,4,2025-01-02,YX,20452,YX,N138HQ,4437,13930,1393008,30977,ORD,"Chicago, IL",IL,17,Illinois,41,15370,1537002,34653,TUL,"Tulsa, OK",OK,40,Oklahoma,73,1507,1503.0,-4.0,0.0,0.0,-1.0,1500-1559,17.0,1520.0,1650.0,4.0,1717,1654.0,-23.0,0.0,0.0,-2.0,1700-1759,0.0,,0.0,130.0,111.0,90.0,1.0,585.0,3,,,,,,,,,0,,,,,,,,,,,,,,,,,,,,,,,,,,,,,,,,,,,,,,,,,,,,,
2025,1,1,17,5,2025-01-17,OO,20304,OO,N406SY,3448,14771,1477104,32457,SFO,"San Francisco, CA",CA,6,California,91,14679,1467903,33570,SAN,"San Diego, CA",CA,6,California,91,2155,2257.0,62.0,62.0,1.0,4.0,2100-2159,14.0,2311.0,21.0,5.0,2330,26.0,56.0,56.0,1.0,3.0,2300-2359,0.0,,0.0,95.0,89.0,70.0,1.0,447.0,2,0.0,0.0,56.0,0.0,0.0,,,,0,,,,,,,,,,,,,,,,,,,,,,,,,,,,,,,,,,,,,,,,,,,,,
2025,1,1,14,2,2025-01-14,AA,19805,AA,N747UW,1287,10994,1099402,30994,CHS,"Charleston, SC",SC,45,South Carolina,37,13303,1330303,32467,MIA,"Miami, FL",FL,12,Florida,33,555,547.0,-8.0,0.0,0.0,-1.0,0001-0559,10.0,557.0,710.0,6.0,740,716.0,-24.0,0.0,0.0,-2.0,0700-0759,0.0,,0.0,105.0,89.0,73.0,1.0,489.0,2,,,,,,,,,0,,,,,,,,,,,,,,,,,,,,,,,,,,,,,,,,,,,,,,,,,,,,,
2025,1,1,23,4,2025-01-23,OO,20304,OO,N287SY,3859,12003,1200305,31895,GTF,"Great Falls, MT",MT,30,Montana,84,14869,1486903,34614,SLC,"Salt Lake City, UT",UT,49,Utah,87,1155,1155.0,0.0,0.0,0.0,0.0,1100-1159,15.0,1210.0,1317.0,9.0,1335,1326.0,-9.0,0.0,0.0,-1.0,1300-1359,0.0,,0.0,100.0,91.0,67.0,1.0,463.0,2,,,,,,,,,0,,,,,,,,,,,,,,,,,,,,,,,,,,,,,,,,,,,,,,,,,,,,,
2025,1,1,23,4,2025-01-23,AA,19805,AA,N960NN,1261,13198,1319801,33198,MCI,"Kansas City, MO",MO,29,Missouri,64,11298,1129806,30194,DFW,"Dallas/Fort Worth, TX",TX,48,Texas,74,704,700.0,-4.0,0.0,0.0,-1.0,0700-0759,15.0,715.0,839.0,10.0,905,849.0,-16.0,0.0,0.0,-2.0,0900-0959,0.0,,0.0,121.0,109.0,84.0,1.0,460.0,2,,,,,,,,,0,,,,,,,,,,,,,,,,,,,,,,,,,,,,,,,,,,,,,,,,,,,,,
2025,1,1,24,5,2025-01-24,OO,20304,OO,N838SK,3809,11042,1104205,30647,CLE,"Cleveland, OH",OH,39,Ohio,44,11433,1143302,31295,DTW,"Detroit, MI",MI,26,Michigan,43,1028,1103.0,35.0,35.0,1.0,2.0,1000-1059,20.0,1123.0,1149.0,7.0,1133,1156.0,23.0,23.0,1.0,1.0,1100-1159,0.0,,0.0,65.0,53.0,26.0,1.0,95.0,1,23.0,0.0,0.0,0.0,0.0,,,,0,,,,,,,,,,,,,,,,,,,,,,,,,,,,,,,,,,,,,,,,,,,,,
2025,1,1,17,5,2025-01-17,AA,19805,AA,N586UW,1930,11057,1105703,31057,CLT,"Charlotte, NC",NC,37,North Carolina,36,14635,1463502,31714,RSW,"Fort Myers, FL",FL,12,Florida,33,1631,1634.0,3.0,3.0,0.0,0.0,1600-1659,18.0,1652.0,1822.0,7.0,1835,1829.0,-6.0,0.0,0.0,-1.0,1800-1859,0.0,,0.0,124.0,115.0,90.0,1.0,600.0,3,,,,,,,,,0,,,,,,,,,,,,,,,,,,,,,,,,,,,,,,,,,,,,,,,,,,,,,
2025,1,1,26,7,2025-01-26,UA,19977,UA,N654UA,1549,12266,1226603,31453,IAH,"Houston, TX",TX,48,Texas,74,12264,1226402,30852,IAD,"Washington, DC",VA,51,Virginia,38,745,739.0,-6.0,0.0,0.0,-1.0,0700-0759,16.0,755.0,1123.0,7.0,1149,1130.0,-19.0,0.0,0.0,-2.0,1100-1159,0.0,,0.0,184.0,171.0,148.0,1.0,1190.0,5,,,,,,,,,0,,,,,,,,,,,,,,,,,,,,,,,,,,,,,,,,,,,,,,,,,,,,,
2025,1,1,30,4,2025-01-30,NK,20416,NK,N740NK,146,11697,1169706,32467,FLL,"Fort Lauderdale, FL",FL,12,Florida,33,14193,1419306,33728,PNS,"Pensacola, FL",FL,12,Florida,33,825,821.0,-4.0,0.0,0.0,-1.0,0800-0859,21.0,842.0,918.0,4.0,915,922.0,7.0,7.0,0.0,0.0,0900-0959,0.0,,0.0,110.0,121.0,96.0,1.0,525.0,3,,,,,,,,,0,,,,,,,,,,,,,,,,,,,,,,,,,,,,,,,,,,,,,,,,,,,,,
2025,1,1,14,2,2025-01-14,MQ,20398,MQ,N774JG,3544,12191,1219103,31453,HOU,"Houston, TX",TX,48,Texas,74,11298,1129806,30194,DFW,"Dallas/Fort Worth, TX",TX,48,Texas,74,600,551.0,-9.0,0.0,0.0,-1.0,0600-0659,12.0,603.0,655.0,12.0,727,707.0,-20.0,0.0,0.0,-2.0,0700-0759,0.0,,0.0,87.0,76.0,52.0,1.0,247.0,1,,,,,,,,,0,,,,,,,,,,,,,,,,,,,,,,,,,,,,,,,,,,,,,,,,,,,,,
2025,1,1,24,5,2025-01-24,AA,19805,AA,N903AA,1684,13204,1320402,31454,MCO,"Orlando, FL",FL,12,Florida,33,14100,1410005,34100,PHL,"Philadelphia, PA",PA,42,Pennsylvania,23,1222,1258.0,36.0,36.0,1.0,2.0,1200-1259,18.0,1316.0,1457.0,4.0,1450,1501.0,11.0,11.0,0.0,0.0,1400-1459,0.0,,0.0,148.0,123.0,101.0,1.0,861.0,4,,,,,,,,,0,,,,,,,,,,,,,,,,,,,,,,,,,,,,,,,,,,,,,,,,,,,,,
2025,1,1,18,6,2025-01-18,UA,19977,UA,N17262,1761,13930,1393008,30977,ORD,"Chicago, IL",IL,17,Illinois,41,14771,1477104,32457,SFO,"San Francisco, CA",CA,6,California,91,1822,1819.0,-3.0,0.0,0.0,-1.0,1800-1859,33.0,1852.0,2059.0,3.0,2121,2102.0,-19.0,0.0,0.0,-2.0,2100-2159,0.0,,0.0,299.0,283.0,247.0,1.0,1846.0,8,,,,,,,,,0,,,,,,,,,,,,,,,,,,,,,,,,,,,,,,,,,,,,,,,,,,,,,
2025,1,1,26,7,2025-01-26,UA,19977,UA,N876UA,783,10423,1042302,30423,AUS,"Austin, TX",TX,48,Texas,74,11618,1161802,31703,EWR,"Newark, NJ",NJ,34,New Jersey,21,1210,1210.0,0.0,0.0,0.0,0.0,1200-1259,21.0,1231.0,1634.0,7.0,1650,1641.0,-9.0,0.0,0.0,-1.0,1600-1659,0.0,,0.0,220.0,211.0,183.0,1.0,1504.0,7,,,,,,,,,0,,,,,,,,,,,,,,,,,,,,,,,,,,,,,,,,,,,,,,,,,,,,,
2025,1,1,20,1,2025-01-20,WN,19393,WN,N8634A,1744,14107,1410702,30466,PHX,"Phoenix, AZ",AZ,4,Arizona,81,15304,1530402,33195,TPA,"Tampa, FL",FL,12,Florida,33,1650,1748.0,58.0,58.0,1.0,3.0,1600-1659,14.0,1802.0,2309.0,8.0,2230,2317.0,47.0,47.0,1.0,3.0,2200-2259,0.0,,0.0,220.0,209.0,187.0,1.0,1788.0,8,10.0,0.0,0.0,0.0,37.0,,,,0,,,,,,,,,,,,,,,,,,,,,,,,,,,,,,,,,,,,,,,,,,,,,
2025,1,1,13,1,2025-01-13,AA,19805,AA,N836NN,2892,14107,1410702,30466,PHX,"Phoenix, AZ",AZ,4,Arizona,81,10423,1042302,30423,AUS,"Austin, TX",TX,48,Texas,74,1705,1710.0,5.0,5.0,0.0,0.0,1700-1759,15.0,1725.0,2012.0,19.0,2023,2031.0,8.0,8.0,0.0,0.0,2000-2059,0.0,,0.0,138.0,141.0,107.0,1.0,872.0,4,,,,,,,,,0,,,,,,,,,,,,,,,,,,,,,,,,,,,,,,,,,,,,,,,,,,,,,
2025,1,1,31,5,2025-01-31,AA,19805,AA,N306SP,2666,11618,1161802,31703,EWR,"Newark, NJ",NJ,34,New Jersey,21,11057,1105703,31057,CLT,"Charlotte, NC",NC,37,North Carolina,36,557,549.0,-8.0,0.0,0.0,-1.0,0001-0559,26.0,615.0,746.0,8.0,805,754.0,-11.0,0.0,0.0,-1.0,0800-0859,0.0,,0.0,128.0,125.0,91.0,1.0,529.0,3,,,,,,,,,0,,,,,,,,,,,,,,,,,,,,,,,,,,,,,,,,,,,,,,,,,,,,,
2025,1,1,2,4,2025-01-02,DL,19790,DL,N584NW,813,11433,1143302,31295,DTW,"Detroit, MI",MI,26,Michigan,43,14107,1410702,30466,PHX,"Phoenix, AZ",AZ,4,Arizona,81,1220,1423.0,123.0,123.0,1.0,8.0,1200-1259,28.0,1451.0,1634.0,6.0,1434,1640.0,126.0,126.0,1.0,8.0,1400-1459,0.0,,0.0,254.0,257.0,223.0,1.0,1671.0,7,123.0,0.0,3.0,0.0,0.0,,,,0,,,,,,,,,,,,,,,,,,,,,,,,,,,,,,,,,,,,,,,,,,,,,
2025,1,1,27,1,2025-01-27,YX,20452,YX,N414YX,4459,15016,1501606,31123,STL,"St. Louis, MO",MO,29,Missouri,64,10721,1072102,30721,BOS,"Boston, MA",MA,25,Massachusetts,13,925,918.0,-7.0,0.0,0.0,-1.0,0900-0959,12.0,930.0,1250.0,8.0,1305,1258.0,-7.0,0.0,0.0,-1.0,1300-1359,0.0,,0.0,160.0,160.0,140.0,1.0,1047.0,5,,,,,,,,,0,,,,,,,,,,,,,,,,,,,,,,,,,,,,,,,,,,,,,,,,,,,,,
2025,1,1,13,1,2025-01-13,WN,19393,WN,N8915Q,2794,14831,1483106,32457,SJC,"San Jose, CA",CA,6,California,91,11292,1129202,30325,DEN,"Denver, CO",CO,8,Colorado,82,1305,1313.0,8.0,8.0,0.0,0.0,1300-1359,12.0,1325.0,1647.0,7.0,1635,1654.0,19.0,19.0,1.0,1.0,1600-1659,0.0,,0.0,150.0,161.0,142.0,1.0,948.0,4,8.0,0.0,11.0,0.0,0.0,,,,0,,,,,,,,,,,,,,,,,,,,,,,,,,,,,,,,,,,,,,,,,,,,,
2025,1,1,8,3,2025-01-08,B6,20409,B6,N636JB,591,10721,1072102,30721,BOS,"Boston, MA",MA,25,Massachusetts,13,15304,1530402,33195,TPA,"Tampa, FL",FL,12,Florida,33,2020,2015.0,-5.0,0.0,0.0,-1.0,2000-2059,26.0,2041.0,2330.0,8.0,2350,2338.0,-12.0,0.0,0.0,-1.0,2300-2359,0.0,,0.0,210.0,203.0,169.0,1.0,1185.0,5,,,,,,,,,0,,,,,,,,,,,,,,,,,,,,,,,,,,,,,,,,,,,,,,,,,,,,,
2025,1,1,6,1,2025-01-06,UA,19977,UA,N77575,689,12892,1289208,32575,LAX,"Los Angeles, CA",CA,6,California,91,12264,1226402,30852,IAD,"Washington, DC",VA,51,Virginia,38,1025,1018.0,-7.0,0.0,0.0,-1.0,1000-1059,58.0,1116.0,1826.0,21.0,1823,1847.0,24.0,24.0,1.0,1.0,1800-1859,0.0,,0.0,298.0,329.0,250.0,1.0,2288.0,10,0.0,0.0,24.0,0.0,0.0,,,,0,,,,,,,,,,,,,,,,,,,,,,,,,,,,,,,,,,,,,,,,,,,,,
2025,1,1,27,1,2025-01-27,DL,19790,DL,N369NW,1137,10397,1039707,30397,ATL,"Atlanta, GA",GA,13,Georgia,34,10257,1025702,30257,ALB,"Albany, NY",NY,36,New York,22,934,930.0,-4.0,0.0,0.0,-1.0,0900-0959,13.0,943.0,1136.0,3.0,1150,1139.0,-11.0,0.0,0.0,-1.0,1100-1159,0.0,,0.0,136.0,129.0,113.0,1.0,853.0,4,,,,,,,,,0,,,,,,,,,,,,,,,,,,,,,,,,,,,,,,,,,,,,,,,,,,,,,
2025,1,1,29,3,2025-01-29,HA,19690,HA,N378HA,1,12892,1289208,32575,LAX,"Los Angeles, CA",CA,6,California,91,12173,1217305,32134,HNL,"Honolulu, HI",HI,15,Hawaii,2,700,654.0,-6.0,0.0,0.0,-1.0,0700-0759,11.0,705.0,1048.0,6.0,1100,1054.0,-6.0,0.0,0.0,-1.0,1100-1159,0.0,,0.0,360.0,360.0,343.0,1.0,2556.0,11,,,,,,,,,0,,,,,,,,,,,,,,,,,,,,,,,,,,,,,,,,,,,,,,,,,,,,,
2025,1,1,14,2,2025-01-14,DL,19790,DL,N946DZ,1729,14685,1468502,34685,SAV,"Savannah, GA",GA,13,Georgia,34,10397,1039707,30397,ATL,"Atlanta, GA",GA,13,Georgia,34,535,529.0,-6.0,0.0,0.0,-1.0,0001-0559,12.0,541.0,621.0,9.0,645,630.0,-15.0,0.0,0.0,-1.0,0600-0659,0.0,,0.0,70.0,61.0,40.0,1.0,214.0,1,,,,,,,,,0,,,,,,,,,,,,,,,,,,,,,,,,,,,,,,,,,,,,,,,,,,,,,
2025,1,1,11,6,2025-01-11,UA,19977,UA,N848UA,2125,10693,1069302,30693,BNA,"Nashville, TN",TN,47,Tennessee,54,12264,1226402,30852,IAD,"Washington, DC",VA,51,Virginia,38,1330,1518.0,108.0,108.0,1.0,7.0,1300-1359,15.0,1533.0,1744.0,8.0,1614,1752.0,98.0,98.0,1.0,6.0,1600-1659,0.0,,0.0,104.0,94.0,71.0,1.0,542.0,3,98.0,0.0,0.0,0.0,0.0,1327.0,69.0,69.0,0,,,,,,,,,,,,,,,,,,,,,,,,,,,,,,,,,,,,,,,,,,,,,
2025,1,1,13,1,2025-01-13,UA,19977,UA,N78524,1424,11292,1129202,30325,DEN,"Denver, CO",CO,8,Colorado,82,12889,1288904,32211,LAS,"Las Vegas, NV",NV,32,Nevada,85,1358,1352.0,-6.0,0.0,0.0,-1.0,1300-1359,10.0,1402.0,1427.0,7.0,1504,1434.0,-30.0,0.0,0.0,-2.0,1500-1559,0.0,,0.0,126.0,102.0,85.0,1.0,628.0,3,,,,,,,,,0,,,,,,,,,,,,,,,,,,,,,,,,,,,,,,,,,,,,,,,,,,,,,
2025,1,1,15,3,2025-01-15,HA,19690,HA,N480HA,352,12173,1217305,32134,HNL,"Honolulu, HI",HI,15,Hawaii,2,12402,1240203,32402,ITO,"Hilo, HI",HI,15,Hawaii,2,1515,1517.0,2.0,2.0,0.0,0.0,1500-1559,11.0,1528.0,1604.0,6.0,1608,1610.0,2.0,2.0,0.0,0.0,1600-1659,0.0,,0.0,53.0,53.0,36.0,1.0,216.0,1,,,,,,,,,0,,,,,,,,,,,,,,,,,,,,,,,,,,,,,,,,,,,,,,,,,,,,,
2025,1,1,18,6,2025-01-18,NK,20416,NK,N971NK,214,12889,1288904,32211,LAS,"Las Vegas, NV",NV,32,Nevada,85,11697,1169706,32467,FLL,"Fort Lauderdale, FL",FL,12,Florida,33,1231,1228.0,-3.0,0.0,0.0,-1.0,1200-1259,15.0,1243.0,1934.0,9.0,2005,1943.0,-22.0,0.0,0.0,-2.0,2000-2059,0.0,,0.0,274.0,255.0,231.0,1.0,2173.0,9,,,,,,,,,0,,,,,,,,,,,,,,,,,,,,,,,,,,,,,,,,,,,,,,,,,,,,,
2025,1,1,10,5,2025-01-10,F9,20436,F9,N309FR,1713,13204,1320402,31454,MCO,"Orlando, FL",FL,12,Florida,33,11193,1119302,33105,CVG,"Cincinnati, OH",KY,21,Kentucky,52,600,549.0,-11.0,0.0,0.0,-1.0,0600-0659,29.0,618.0,811.0,8.0,824,819.0,-5.0,0.0,0.0,-1.0,0800-0859,0.0,,0.0,144.0,150.0,113.0,1.0,757.0,4,,,,,,,,,0,,,,,,,,,,,,,,,,,,,,,,,,,,,,,,,,,,,,,,,,,,,,,
2025,1,1,13,1,2025-01-13,DL,19790,DL,N127DN,2046,14869,1486903,34614,SLC,"Salt Lake City, UT",UT,49,Utah,87,10849,1084907,30849,BZN,"Bozeman, MT",MT,30,Montana,84,2130,2122.0,-8.0,0.0,0.0,-1.0,2100-2159,12.0,2134.0,2238.0,4.0,2256,2242.0,-14.0,0.0,0.0,-1.0,2200-2259,0.0,,0.0,86.0,80.0,64.0,1.0,347.0,2,,,,,,,,,0,,,,,,,,,,,,,,,,,,,,,,,,,,,,,,,,,,,,,,,,,,,,,
2025,1,1,21,2,2025-01-21,DL,19790,DL,N338NW,2467,10713,1071302,30713,BOI,"Boise, ID",ID,16,Idaho,83,13487,1348702,31650,MSP,"Minneapolis, MN",MN,27,Minnesota,63,1500,1505.0,5.0,5.0,0.0,0.0,1500-1559,14.0,1519.0,1836.0,11.0,1853,1847.0,-6.0,0.0,0.0,-1.0,1800-1859,0.0,,0.0,173.0,162.0,137.0,1.0,1142.0,5,,,,,,,,,0,,,,,,,,,,,,,,,,,,,,,,,,,,,,,,,,,,,,,,,,,,,,,
2025,1,1,3,5,2025-01-03,UA,19977,UA,N76504,1986,14679,1467903,33570,SAN,"San Diego, CA",CA,6,California,91,14771,1477104,32457,SFO,"San Francisco, CA",CA,6,California,91,615,941.0,206.0,206.0,1.0,12.0,0600-0659,39.0,1020.0,1123.0,4.0,800,1127.0,207.0,207.0,1.0,12.0,0800-0859,0.0,,0.0,105.0,106.0,63.0,1.0,447.0,2,0.0,15.0,1.0,0.0,191.0,,,,0,,,,,,,,,,,,,,,,,,,,,,,,,,,,,,,,,,,,,,,,,,,,,
2025,1,1,5,7,2025-01-05,OH,20397,OH,N512AE,5608,15370,1537002,34653,TUL,"Tulsa, OK",OK,40,Oklahoma,73,11278,1127805,30852,DCA,"Washington, DC",VA,51,Virginia,38,1720,1825.0,65.0,65.0,1.0,4.0,1700-1759,23.0,1848.0,2234.0,10.0,2059,2244.0,105.0,105.0,1.0,7.0,2000-2059,0.0,,0.0,159.0,199.0,166.0,1.0,1049.0,5,21.0,0.0,40.0,0.0,44.0,,,,0,,,,,,,,,,,,,,,,,,,,,,,,,,,,,,,,,,,,,,,,,,,,,
2025,1,1,21,2,2025-01-21,AA,19805,AA,N336SR,315,12892,1289208,32575,LAX,"Los Angeles, CA",CA,6,California,91,13303,1330303,32467,MIA,"Miami, FL",FL,12,Florida,33,601,555.0,-6.0,0.0,0.0,-1.0,0600-0659,17.0,612.0,1329.0,14.0,1354,1343.0,-11.0,0.0,0.0,-1.0,1300-1359,0.0,,0.0,293.0,288.0,257.0,1.0,2342.0,10,,,,,,,,,0,,,,,,,,,,,,,,,,,,,,,,,,,,,,,,,,,,,,,,,,,,,,,
2025,1,1,24,5,2025-01-24,UA,19977,UA,N66848,644,11292,1129202,30325,DEN,"Denver, CO",CO,8,Colorado,82,14057,1405702,34057,PDX,"Portland, OR",OR,41,Oregon,92,1155,1149.0,-6.0,0.0,0.0,-1.0,1100-1159,11.0,1200.0,1325.0,4.0,1350,1329.0,-21.0,0.0,0.0,-2.0,1300-1359,0.0,,0.0,175.0,160.0,145.0,1.0,991.0,4,,,,,,,,,0,,,,,,,,,,,,,,,,,,,,,,,,,,,,,,,,,,,,,,,,,,,,,
2025,1,1,20,1,2025-01-20,AA,19805,AA,N335RT,832,14107,1410702,30466,PHX,"Phoenix, AZ",AZ,4,Arizona,81,12478,1247805,31703,JFK,"New York, NY",NY,36,New York,22,1617,1613.0,-4.0,0.0,0.0,-1.0,1600-1659,29.0,1642.0,2232.0,7.0,2259,2239.0,-20.0,0.0,0.0,-2.0,2200-2259,0.0,,0.0,282.0,266.0,230.0,1.0,2153.0,9,,,,,,,,,0,,,,,,,,,,,,,,,,,,,,,,,,,,,,,,,,,,,,,,,,,,,,,
2025,1,1,21,2,2025-01-21,DL,19790,DL,N920AT,2470,15370,1537002,34653,TUL,"Tulsa, OK",OK,40,Oklahoma,73,10397,1039707,30397,ATL,"Atlanta, GA",GA,13,Georgia,34,1129,1138.0,9.0,9.0,0.0,0.0,1100-1159,11.0,1149.0,1419.0,6.0,1427,1425.0,-2.0,0.0,0.0,-1.0,1400-1459,0.0,,0.0,118.0,107.0,90.0,1.0,674.0,3,,,,,,,,,0,,,,,,,,,,,,,,,,,,,,,,,,,,,,,,,,,,,,,,,,,,,,,
2025,1,1,19,7,2025-01-19,DL,19790,DL,N981AT,2866,13487,1348702,31650,MSP,"Minneapolis, MN",MN,27,Minnesota,63,11618,1161802,31703,EWR,"Newark, NJ",NJ,34,New Jersey,21,1355,1351.0,-4.0,0.0,0.0,-1.0,1300-1359,12.0,1403.0,1713.0,13.0,1737,1726.0,-11.0,0.0,0.0,-1.0,1700-1759,0.0,,0.0,162.0,155.0,130.0,1.0,1008.0,5,,,,,,,,,0,,,,,,,,,,,,,,,,,,,,,,,,,,,,,,,,,,,,,,,,,,,,,
2025,1,1,20,1,2025-01-20,NK,20416,NK,N624NK,343,13495,1349505,33495,MSY,"New Orleans, LA",LA,22,Louisiana,72,13303,1330303,32467,MIA,"Miami, FL",FL,12,Florida,33,717,716.0,-1.0,0.0,0.0,-1.0,0700-0759,13.0,729.0,953.0,7.0,1016,1000.0,-16.0,0.0,0.0,-2.0,1000-1059,0.0,,0.0,119.0,104.0,84.0,1.0,675.0,3,,,,,,,,,0,,,,,,,,,,,,,,,,,,,,,,,,,,,,,,,,,,,,,,,,,,,,,
2025,1,1,29,3,2025-01-29,YX,20452,YX,N415YX,4485,14492,1449202,34492,RDU,"Raleigh/Durham, NC",NC,37,North Carolina,36,11278,1127805,30852,DCA,"Washington, DC",VA,51,Virginia,38,2010,2000.0,-10.0,0.0,0.0,-1.0,2000-2059,34.0,2034.0,1535.0,5.0,2130,1540.0,,,,,2100-2159,0.0,,1.0,80.0,,,1.0,227.0,1,,,,,,,,,1,1.0,1180.0,1090.0,0.0,CHO,10990.0,1099005.0,2128.0,20.0,14.0,1504.0,N401YX,,,,,,,,,,,,,,,,,,,,,,,,,,,,,,,,,
2025,1,1,31,5,2025-01-31,OO,20304,OO,N978SW,4715,13485,1348502,33485,MSN,"Madison, WI",WI,55,Wisconsin,45,13930,1393008,30977,ORD,"Chicago, IL",IL,17,Illinois,41,1240,1303.0,23.0,23.0,1.0,1.0,1200-1259,26.0,1329.0,1404.0,14.0,1352,1418.0,26.0,26.0,1.0,1.0,1300-1359,0.0,,0.0,72.0,75.0,35.0,1.0,108.0,1,23.0,0.0,3.0,0.0,0.0,,,,0,,,,,,,,,,,,,,,,,,,,,,,,,,,,,,,,,,,,,,,,,,,,,
2025,1,1,27,1,2025-01-27,OO,20304,OO,N913EV,5074,11292,1129202,30325,DEN,"Denver, CO",CO,8,Colorado,82,10558,1055803,30558,BFF,"Scottsbluff, NE",NE,31,Nebraska,65,1625,1615.0,-10.0,0.0,0.0,-1.0,1600-1659,15.0,1630.0,1701.0,4.0,1719,1705.0,-14.0,0.0,0.0,-1.0,1700-1759,0.0,,0.0,54.0,50.0,31.0,1.0,150.0,1,,,,,,,,,0,,,,,,,,,,,,,,,,,,,,,,,,,,,,,,,,,,,,,,,,,,,,,
2025,1,1,13,1,2025-01-13,WN,19393,WN,N8326F,1872,10693,1069302,30693,BNA,"Nashville, TN",TN,47,Tennessee,54,11292,1129202,30325,DEN,"Denver, CO",CO,8,Colorado,82,1650,1642.0,-8.0,0.0,0.0,-1.0,1600-1659,12.0,1654.0,1836.0,7.0,1855,1843.0,-12.0,0.0,0.0,-1.0,1800-1859,0.0,,0.0,185.0,181.0,162.0,1.0,1014.0,5,,,,,,,,,0,,,,,,,,,,,,,,,,,,,,,,,,,,,,,,,,,,,,,,,,,,,,,
2025,1,1,7,2,2025-01-07,OO,20304,OO,N873AS,5115,11292,1129202,30325,DEN,"Denver, CO",CO,8,Colorado,82,11283,1128302,31283,DDC,"Dodge City, KS",KS,20,Kansas,62,755,930.0,95.0,95.0,1.0,6.0,0700-0759,41.0,1011.0,1200.0,6.0,1012,1206.0,114.0,114.0,1.0,7.0,1000-1059,0.0,,0.0,77.0,96.0,49.0,1.0,292.0,2,95.0,0.0,19.0,0.0,0.0,,,,0,,,,,,,,,,,,,,,,,,,,,,,,,,,,,,,,,,,,,,,,,,,,,
2025,1,1,10,5,2025-01-10,OO,20304,OO,N164SY,5655,10781,1078105,30781,BTR,"Baton Rouge, LA",LA,22,Louisiana,72,12266,1226603,31453,IAH,"Houston, TX",TX,48,Texas,74,1404,1524.0,80.0,80.0,1.0,5.0,1400-1459,29.0,1553.0,1651.0,5.0,1530,1656.0,86.0,86.0,1.0,5.0,1500-1559,0.0,,0.0,86.0,92.0,58.0,1.0,253.0,2,0.0,0.0,6.0,0.0,80.0,,,,0,,,,,,,,,,,,,,,,,,,,,,,,,,,,,,,,,,,,,,,,,,,,,
2025,1,1,11,6,2025-01-11,UA,19977,UA,N24513,2264,13495,1349505,33495,MSY,"New Orleans, LA",LA,22,Louisiana,72,12266,1226603,31453,IAH,"Houston, TX",TX,48,Texas,74,1725,1810.0,45.0,45.0,1.0,3.0,1700-1759,13.0,1823.0,1920.0,27.0,1850,1947.0,57.0,57.0,1.0,3.0,1800-1859,0.0,,0.0,85.0,97.0,57.0,1.0,305.0,2,0.0,0.0,12.0,0.0,45.0,,,,0,,,,,,,,,,,,,,,,,,,,,,,,,,,,,,,,,,,,,,,,,,,,,
2025,1,1,24,5,2025-01-24,OO,20304,OO,N317SY,4169,13487,1348702,31650,MSP,"Minneapolis, MN",MN,27,Minnesota,63,13232,1323202,30977,MDW,"Chicago, IL",IL,17,Illinois,41,1605,2011.0,246.0,246.0,1.0,12.0,1600-1659,65.0,2116.0,2221.0,65.0,1747,2326.0,339.0,339.0,1.0,12.0,1700-1759,0.0,,0.0,102.0,195.0,65.0,1.0,349.0,2,246.0,0.0,93.0,0.0,0.0,,,,0,,,,,,,,,,,,,,,,,,,,,,,,,,,,,,,,,,,,,,,,,,,,,
2025,1,1,7,2,2025-01-07,AA,19805,AA,N108UW,1810,13342,1334207,33342,MKE,"Milwaukee, WI",WI,55,Wisconsin,45,11057,1105703,31057,CLT,"Charlotte, NC",NC,37,North Carolina,36,1419,1415.0,-4.0,0.0,0.0,-1.0,1400-1459,9.0,1424.0,1652.0,13.0,1724,1705.0,-19.0,0.0,0.0,-2.0,1700-1759,0.0,,0.0,125.0,110.0,88.0,1.0,651.0,3,,,,,,,,,0,,,,,,,,,,,,,,,,,,,,,,,,,,,,,,,,,,,,,,,,,,,,,
2025,1,1,29,3,2025-01-29,NK,20416,NK,N684NK,785,11697,1169706,32467,FLL,"Fort Lauderdale, FL",FL,12,Florida,33,13577,1357702,31135,MYR,"Myrtle Beach, SC",SC,45,South Carolina,37,1233,1222.0,-11.0,0.0,0.0,-1.0,1200-1259,14.0,1236.0,1358.0,5.0,1415,1403.0,-12.0,0.0,0.0,-1.0,1400-1459,0.0,,0.0,102.0,101.0,82.0,1.0,529.0,3,,,,,,,,,0,,,,,,,,,,,,,,,,,,,,,,,,,,,,,,,,,,,,,,,,,,,,,
2025,1,1,29,3,2025-01-29,UA,19977,UA,N37290,759,10397,1039707,30397,ATL,"Atlanta, GA",GA,13,Georgia,34,12266,1226603,31453,IAH,"Houston, TX",TX,48,Texas,74,700,653.0,-7.0,0.0,0.0,-1.0,0700-0759,48.0,741.0,853.0,11.0,827,904.0,37.0,37.0,1.0,2.0,0800-0859,0.0,,0.0,147.0,191.0,132.0,1.0,689.0,3,0.0,0.0,37.0,0.0,0.0,,,,0,,,,,,,,,,,,,,,,,,,,,,,,,,,,,,,,,,,,,,,,,,,,,
2025,1,1,1,3,2025-01-01,WN,19393,WN,N7867A,3113,11697,1169706,32467,FLL,"Fort Lauderdale, FL",FL,12,Florida,33,13198,1319801,33198,MCI,"Kansas City, MO",MO,29,Missouri,64,1315,1324.0,9.0,9.0,0.0,0.0,1300-1359,23.0,1347.0,1542.0,5.0,1545,1547.0,2.0,2.0,0.0,0.0,1500-1559,0.0,,0.0,210.0,203.0,175.0,1.0,1242.0,5,,,,,,,,,0,,,,,,,,,,,,,,,,,,,,,,,,,,,,,,,,,,,,,,,,,,,,,
2025,1,1,1,3,2025-01-01,DL,19790,DL,N868DN,355,10693,1069302,30693,BNA,"Nashville, TN",TN,47,Tennessee,54,12892,1289208,32575,LAX,"Los Angeles, CA",CA,6,California,91,1453,1445.0,-8.0,0.0,0.0,-1.0,1400-1459,11.0,1456.0,1714.0,12.0,1730,1726.0,-4.0,0.0,0.0,-1.0,1700-1759,0.0,,0.0,277.0,281.0,258.0,1.0,1797.0,8,,,,,,,,,0,,,,,,,,,,,,,,,,,,,,,,,,,,,,,,,,,,,,,,,,,,,,,
2025,1,1,21,2,2025-01-21,UA,19977,UA,N819UA,1159,12953,1295304,31703,LGA,"New York, NY",NY,36,New York,22,13930,1393008,30977,ORD,"Chicago, IL",IL,17,Illinois,41,1826,1825.0,-1.0,0.0,0.0,-1.0,1800-1859,28.0,1853.0,1955.0,7.0,2007,2002.0,-5.0,0.0,0.0,-1.0,2000-2059,0.0,,0.0,161.0,157.0,122.0,1.0,733.0,3,,,,,,,,,0,,,,,,,,,,,,,,,,,,,,,,,,,,,,,,,,,,,,,,,,,,,,,
2025,1,1,10,5,2025-01-10,UA,19977,UA,N57869,379,12264,1226402,30852,IAD,"Washington, DC",VA,51,Virginia,38,13204,1320402,31454,MCO,"Orlando, FL",FL,12,Florida,33,815,821.0,6.0,6.0,0.0,0.0,0800-0859,36.0,857.0,1048.0,6.0,1042,1054.0,12.0,12.0,0.0,0.0,1000-1059,0.0,,0.0,147.0,153.0,111.0,1.0,758.0,4,,,,,,,,,0,,,,,,,,,,,,,,,,,,,,,,,,,,,,,,,,,,,,,,,,,,,,,
2025,1,1,20,1,2025-01-20,AA,19805,AA,N902NN,1138,11057,1105703,31057,CLT,"Charlotte, NC",NC,37,North Carolina,36,13303,1330303,32467,MIA,"Miami, FL",FL,12,Florida,33,2015,2020.0,5.0,5.0,0.0,0.0,2000-2059,17.0,2037.0,2211.0,8.0,2227,2219.0,-8.0,0.0,0.0,-1.0,2200-2259,0.0,,0.0,132.0,119.0,94.0,1.0,650.0,3,,,,,,,,,0,,,,,,,,,,,,,,,,,,,,,,,,,,,,,,,,,,,,,,,,,,,,,
2025,1,1,15,3,2025-01-15,WN,19393,WN,N427WN,3961,10821,1082106,30852,BWI,"Baltimore, MD",MD,24,Maryland,35,13303,1330303,32467,MIA,"Miami, FL",FL,12,Florida,33,1940,1945.0,5.0,5.0,0.0,0.0,1900-1959,14.0,1959.0,2217.0,4.0,2225,2221.0,-4.0,0.0,0.0,-1.0,2200-2259,0.0,,0.0,165.0,156.0,138.0,1.0,946.0,4,,,,,,,,,0,,,,,,,,,,,,,,,,,,,,,,,,,,,,,,,,,,,,,,,,,,,,,
2025,1,1,15,3,2025-01-15,WN,19393,WN,N8641B,4667,10423,1042302,30423,AUS,"Austin, TX",TX,48,Texas,74,12892,1289208,32575,LAX,"Los Angeles, CA",CA,6,California,91,1405,1356.0,-9.0,0.0,0.0,-1.0,1400-1459,15.0,1411.0,1507.0,5.0,1535,1512.0,-23.0,0.0,0.0,-2.0,1500-1559,0.0,,0.0,210.0,196.0,176.0,1.0,1242.0,5,,,,,,,,,0,,,,,,,,,,,,,,,,,,,,,,,,,,,,,,,,,,,,,,,,,,,,,
2025,1,1,10,5,2025-01-10,UA,19977,UA,N14735,278,12266,1226603,31453,IAH,"Houston, TX",TX,48,Texas,74,11503,1150305,31503,EGE,"Eagle, CO",CO,8,Colorado,82,1015,1014.0,-1.0,0.0,0.0,-1.0,1000-1059,50.0,1104.0,1223.0,35.0,1224,1258.0,34.0,34.0,1.0,2.0,1200-1259,0.0,,0.0,189.0,224.0,139.0,1.0,934.0,4,0.0,0.0,34.0,0.0,0.0,,,,0,,,,,,,,,,,,,,,,,,,,,,,,,,,,,,,,,,,,,,,,,,,,,
2025,1,1,6,1,2025-01-06,MQ,20398,MQ,N269NN,3450,14492,1449202,34492,RDU,"Raleigh/Durham, NC",NC,37,North Carolina,36,13303,1330303,32467,MIA,"Miami, FL",FL,12,Florida,33,1213,1208.0,-5.0,0.0,0.0,-1.0,1200-1259,23.0,1231.0,1420.0,9.0,1428,1429.0,1.0,1.0,0.0,0.0,1400-1459,0.0,,0.0,135.0,141.0,109.0,1.0,700.0,3,,,,,,,,,0,,,,,,,,,,,,,,,,,,,,,,,,,,,,,,,,,,,,,,,,,,,,,
2025,1,1,18,6,2025-01-18,DL,19790,DL,N354DN,2019,13204,1320402,31454,MCO,"Orlando, FL",FL,12,Florida,33,12478,1247805,31703,JFK,"New York, NY",NY,36,New York,22,1329,1321.0,-8.0,0.0,0.0,-1.0,1300-1359,9.0,1330.0,1536.0,12.0,1610,1548.0,-22.0,0.0,0.0,-2.0,1600-1659,0.0,,0.0,161.0,147.0,126.0,1.0,944.0,4,,,,,,,,,0,,,,,,,,,,,,,,,,,,,,,,,,,,,,,,,,,,,,,,,,,,,,,
2025,1,1,10,5,2025-01-10,F9,20436,F9,N711FR,2388,11057,1105703,31057,CLT,"Charlotte, NC",NC,37,North Carolina,36,14100,1410005,34100,PHL,"Philadelphia, PA",PA,42,Pennsylvania,23,938,923.0,-15.0,0.0,0.0,-1.0,0900-0959,43.0,1006.0,1112.0,11.0,1119,1123.0,4.0,4.0,0.0,0.0,1100-1159,0.0,,0.0,101.0,120.0,66.0,1.0,449.0,2,,,,,,,,,0,,,,,,,,,,,,,,,,,,,,,,,,,,,,,,,,,,,,,,,,,,,,,
2025,1,1,22,3,2025-01-22,MQ,20398,MQ,N299JJ,3695,13930,1393008,30977,ORD,"Chicago, IL",IL,17,Illinois,41,12992,1299206,32600,LIT,"Little Rock, AR",AR,5,Arkansas,71,2020,2011.0,-9.0,0.0,0.0,-1.0,2000-2059,17.0,2028.0,2155.0,8.0,2223,2203.0,-20.0,0.0,0.0,-2.0,2200-2259,0.0,,0.0,123.0,112.0,87.0,1.0,552.0,3,,,,,,,,,0,,,,,,,,,,,,,,,,,,,,,,,,,,,,,,,,,,,,,,,,,,,,,
2025,1,1,13,1,2025-01-13,OO,20304,OO,N108SY,5779,11292,1129202,30325,DEN,"Denver, CO",CO,8,Colorado,82,10372,1037205,30372,ASE,"Aspen, CO",CO,8,Colorado,82,1900,1904.0,4.0,4.0,0.0,0.0,1900-1959,38.0,1942.0,2009.0,5.0,2000,2014.0,14.0,14.0,0.0,0.0,2000-2059,0.0,,0.0,60.0,70.0,27.0,1.0,125.0,1,,,,,,,,,0,,,,,,,,,,,,,,,,,,,,,,,,,,,,,,,,,,,,,,,,,,,,,
2025,1,1,23,4,2025-01-23,B6,20409,B6,N763JB,66,14635,1463502,31714,RSW,"Fort Myers, FL",FL,12,Florida,33,10721,1072102,30721,BOS,"Boston, MA",MA,25,Massachusetts,13,1810,1810.0,0.0,0.0,0.0,0.0,1800-1859,20.0,1830.0,2055.0,26.0,2119,2121.0,2.0,2.0,0.0,0.0,2100-2159,0.0,,0.0,189.0,191.0,145.0,1.0,1249.0,5,,,,,,,,,0,,,,,,,,,,,,,,,,,,,,,,,,,,,,,,,,,,,,,,,,,,,,,
2025,1,1,29,3,2025-01-29,OO,20304,OO,N712SK,3811,10397,1039707,30397,ATL,"Atlanta, GA",GA,13,Georgia,34,11146,1114608,31146,CRW,"Charleston/Dunbar, WV",WV,54,West Virginia,39,1546,1537.0,-9.0,0.0,0.0,-1.0,1500-1559,15.0,1552.0,1649.0,3.0,1710,1652.0,-18.0,0.0,0.0,-2.0,1700-1759,0.0,,0.0,84.0,75.0,57.0,1.0,363.0,2,,,,,,,,,0,,,,,,,,,,,,,,,,,,,,,,,,,,,,,,,,,,,,,,,,,,,,,
2025,1,1,17,5,2025-01-17,UA,19977,UA,N28478,523,11109,1110902,30189,COS,"Colorado Springs, CO",CO,8,Colorado,82,11292,1129202,30325,DEN,"Denver, CO",CO,8,Colorado,82,730,727.0,-3.0,0.0,0.0,-1.0,0700-0759,20.0,747.0,810.0,8.0,830,818.0,-12.0,0.0,0.0,-1.0,0800-0859,0.0,,0.0,60.0,51.0,23.0,1.0,73.0,1,,,,,,,,,0,,,,,,,,,,,,,,,,,,,,,,,,,,,,,,,,,,,,,,,,,,,,,
2025,1,1,11,6,2025-01-11,DL,19790,DL,N351NW,1388,14492,1449202,34492,RDU,"Raleigh/Durham, NC",NC,37,North Carolina,36,11433,1143302,31295,DTW,"Detroit, MI",MI,26,Michigan,43,530,,,,,,0001-0559,,,,,729,,,,,,0700-0759,1.0,B,0.0,119.0,,,1.0,501.0,3,,,,,,,,,0,,,,,,,,,,,,,,,,,,,,,,,,,,,,,,,,,,,,,,,,,,,,,
2025,1,1,23,4,2025-01-23,OO,20304,OO,N117SY,5363,12892,1289208,32575,LAX,"Los Angeles, CA",CA,6,California,91,10713,1071302,30713,BOI,"Boise, ID",ID,16,Idaho,83,1854,1844.0,-10.0,0.0,0.0,-1.0,1800-1859,14.0,1858.0,2137.0,6.0,2215,2143.0,-32.0,0.0,0.0,-2.0,2200-2259,0.0,,0.0,141.0,119.0,99.0,1.0,674.0,3,,,,,,,,,0,,,,,,,,,,,,,,,,,,,,,,,,,,,,,,,,,,,,,,,,,,,,,
2025,1,1,18,6,2025-01-18,AA,19805,AA,N321TG,832,14107,1410702,30466,PHX,"Phoenix, AZ",AZ,4,Arizona,81,12478,1247805,31703,JFK,"New York, NY",NY,36,New York,22,1617,1620.0,3.0,3.0,0.0,0.0,1600-1659,13.0,1633.0,2240.0,13.0,2259,2253.0,-6.0,0.0,0.0,-1.0,2200-2259,0.0,,0.0,282.0,273.0,247.0,1.0,2153.0,9,,,,,,,,,0,,,,,,,,,,,,,,,,,,,,,,,,,,,,,,,,,,,,,,,,,,,,,
2025,1,1,17,5,2025-01-17,UA,19977,UA,N62896,1521,12266,1226603,31453,IAH,"Houston, TX",TX,48,Texas,74,14771,1477104,32457,SFO,"San Francisco, CA",CA,6,California,91,1655,1658.0,3.0,3.0,0.0,0.0,1600-1659,14.0,1712.0,1905.0,5.0,1928,1910.0,-18.0,0.0,0.0,-2.0,1900-1959,0.0,,0.0,273.0,252.0,233.0,1.0,1635.0,7,,,,,,,,,0,,,,,,,,,,,,,,,,,,,,,,,,,,,,,,,,,,,,,,,,,,,,,
2025,1,1,19,7,2025-01-19,DL,19790,DL,N893AT,2829,10529,1052907,30529,BDL,"Hartford, CT",CT,9,Connecticut,11,11433,1143302,31295,DTW,"Detroit, MI",MI,26,Michigan,43,1300,1251.0,-9.0,0.0,0.0,-1.0,1300-1359,11.0,1302.0,1441.0,8.0,1507,1449.0,-18.0,0.0,0.0,-2.0,1500-1559,0.0,,0.0,127.0,118.0,99.0,1.0,549.0,3,,,,,,,,,0,,,,,,,,,,,,,,,,,,,,,,,,,,,,,,,,,,,,,,,,,,,,,
2025,1,1,14,2,2025-01-14,MQ,20398,MQ,N332JG,3431,15304,1530402,33195,TPA,"Tampa, FL",FL,12,Florida,33,13303,1330303,32467,MIA,"Miami, FL",FL,12,Florida,33,1928,1936.0,8.0,8.0,0.0,0.0,1900-1959,12.0,1948.0,2030.0,6.0,2033,2036.0,3.0,3.0,0.0,0.0,2000-2059,0.0,,0.0,65.0,60.0,42.0,1.0,204.0,1,,,,,,,,,0,,,,,,,,,,,,,,,,,,,,,,,,,,,,,,,,,,,,,,,,,,,,,
2025,1,1,2,4,2025-01-02,DL,19790,DL,N544DN,1210,14679,1467903,33570,SAN,"San Diego, CA",CA,6,California,91,14869,1486903,34614,SLC,"Salt Lake City, UT",UT,49,Utah,87,1710,1705.0,-5.0,0.0,0.0,-1.0,1700-1759,24.0,1729.0,1956.0,5.0,2015,2001.0,-14.0,0.0,0.0,-1.0,2000-2059,0.0,,0.0,125.0,116.0,87.0,1.0,626.0,3,,,,,,,,,0,,,,,,,,,,,,,,,,,,,,,,,,,,,,,,,,,,,,,,,,,,,,,
2025,1,1,21,2,2025-01-21,WN,19393,WN,N290WN,2325,11292,1129202,30325,DEN,"Denver, CO",CO,8,Colorado,82,14831,1483106,32457,SJC,"San Jose, CA",CA,6,California,91,1630,1633.0,3.0,3.0,0.0,0.0,1600-1659,12.0,1645.0,1805.0,4.0,1815,1809.0,-6.0,0.0,0.0,-1.0,1800-1859,0.0,,0.0,165.0,156.0,140.0,1.0,948.0,4,,,,,,,,,0,,,,,,,,,,,,,,,,,,,,,,,,,,,,,,,,,,,,,,,,,,,,,
2025,1,1,15,3,2025-01-15,OH,20397,OH,N554NN,5123,11057,1105703,31057,CLT,"Charlotte, NC",NC,37,North Carolina,36,10980,1098002,30980,CHA,"Chattanooga, TN",TN,47,Tennessee,54,1626,1619.0,-7.0,0.0,0.0,-1.0,1600-1659,21.0,1640.0,1725.0,25.0,1745,1750.0,5.0,5.0,0.0,0.0,1700-1759,0.0,,0.0,79.0,91.0,45.0,1.0,241.0,1,,,,,,,,,0,,,,,,,,,,,,,,,,,,,,,,,,,,,,,,,,,,,,,,,,,,,,,
2025,1,1,22,3,2025-01-22,OO,20304,OO,N87365,5239,12278,1227805,30928,ICT,"Wichita, KS",KS,20,Kansas,62,13930,1393008,30977,ORD,"Chicago, IL",IL,17,Illinois,41,740,734.0,-6.0,0.0,0.0,-1.0,0700-0759,24.0,758.0,930.0,18.0,953,948.0,-5.0,0.0,0.0,-1.0,0900-0959,0.0,,0.0,133.0,134.0,92.0,1.0,588.0,3,,,,,,,,,0,,,,,,,,,,,,,,,,,,,,,,,,,,,,,,,,,,,,,,,,,,,,,
2025,1,1,2,4,2025-01-02,AA,19805,AA,N758US,2102,11298,1129806,30194,DFW,"Dallas/Fort Worth, TX",TX,48,Texas,74,14193,1419306,33728,PNS,"Pensacola, FL",FL,12,Florida,33,1944,1944.0,0.0,0.0,0.0,0.0,1900-1959,17.0,2001.0,2114.0,5.0,2127,2119.0,-8.0,0.0,0.0,-1.0,2100-2159,0.0,,0.0,103.0,95.0,73.0,1.0,604.0,3,,,,,,,,,0,,,,,,,,,,,,,,,,,,,,,,,,,,,,,,,,,,,,,,,,,,,,,
2025,1,1,26,7,2025-01-26,WN,19393,WN,N457WN,16,12191,1219103,31453,HOU,"Houston, TX",TX,48,Texas,74,11259,1125904,30194,DAL,"Dallas, TX",TX,48,Texas,74,1000,952.0,-8.0,0.0,0.0,-1.0,1000-1059,9.0,1001.0,1041.0,5.0,1110,1046.0,-24.0,0.0,0.0,-2.0,1100-1159,0.0,,0.0,70.0,54.0,40.0,1.0,239.0,1,,,,,,,,,0,,,,,,,,,,,,,,,,,,,,,,,,,,,,,,,,,,,,,,,,,,,,,
2025,1,1,30,4,2025-01-30,WN,19393,WN,N8665D,2295,14831,1483106,32457,SJC,"San Jose, CA",CA,6,California,91,12889,1288904,32211,LAS,"Las Vegas, NV",NV,32,Nevada,85,1810,1809.0,-1.0,0.0,0.0,-1.0,1800-1859,11.0,1820.0,1928.0,6.0,1940,1934.0,-6.0,0.0,0.0,-1.0,1900-1959,0.0,,0.0,90.0,85.0,68.0,1.0,386.0,2,,,,,,,,,0,,,,,,,,,,,,,,,,,,,,,,,,,,,,,,,,,,,,,,,,,,,,,
2025,1,1,7,2,2025-01-07,UA,19977,UA,N892UA,1407,12266,1226603,31453,IAH,"Houston, TX",TX,48,Texas,74,11298,1129806,30194,DFW,"Dallas/Fort Worth, TX",TX,48,Texas,74,730,722.0,-8.0,0.0,0.0,-1.0,0700-0759,19.0,741.0,823.0,15.0,857,838.0,-19.0,0.0,0.0,-2.0,0800-0859,0.0,,0.0,87.0,76.0,42.0,1.0,224.0,1,,,,,,,,,0,,,,,,,,,,,,,,,,,,,,,,,,,,,,,,,,,,,,,,,,,,,,,
2025,1,1,17,5,2025-01-17,AA,19805,AA,N306PB,1249,12953,1295304,31703,LGA,"New York, NY",NY,36,New York,22,13303,1330303,32467,MIA,"Miami, FL",FL,12,Florida,33,600,558.0,-2.0,0.0,0.0,-1.0,0600-0659,13.0,611.0,839.0,17.0,920,856.0,-24.0,0.0,0.0,-2.0,0900-0959,0.0,,0.0,200.0,178.0,148.0,1.0,1096.0,5,,,,,,,,,0,,,,,,,,,,,,,,,,,,,,,,,,,,,,,,,,,,,,,,,,,,,,,
2025,1,1,27,1,2025-01-27,UA,19977,UA,N73406,1788,14747,1474703,30559,SEA,"Seattle, WA",WA,53,Washington,93,12266,1226603,31453,IAH,"Houston, TX",TX,48,Texas,74,700,650.0,-10.0,0.0,0.0,-1.0,0700-0759,14.0,704.0,1249.0,5.0,1323,1254.0,-29.0,0.0,0.0,-2.0,1300-1359,0.0,,0.0,263.0,244.0,225.0,1.0,1874.0,8,,,,,,,,,0,,,,,,,,,,,,,,,,,,,,,,,,,,,,,,,,,,,,,,,,,,,,,
2025,1,1,8,3,2025-01-08,UA,19977,UA,N54525,2358,12266,1226603,31453,IAH,"Houston, TX",TX,48,Texas,74,11292,1129202,30325,DEN,"Denver, CO",CO,8,Colorado,82,947,950.0,3.0,3.0,0.0,0.0,0900-0959,24.0,1014.0,1118.0,10.0,1133,1128.0,-5.0,0.0,0.0,-1.0,1100-1159,0.0,,0.0,166.0,158.0,124.0,1.0,862.0,4,,,,,,,,,0,,,,,,,,,,,,,,,,,,,,,,,,,,,,,,,,,,,,,,,,,,,,,
2025,1,1,26,7,2025-01-26,B6,20409,B6,N959JB,369,10721,1072102,30721,BOS,"Boston, MA",MA,25,Massachusetts,13,11697,1169706,32467,FLL,"Fort Lauderdale, FL",FL,12,Florida,33,1055,1055.0,0.0,0.0,0.0,0.0,1000-1059,20.0,1115.0,1425.0,11.0,1431,1436.0,5.0,5.0,0.0,0.0,1400-1459,0.0,,0.0,216.0,221.0,190.0,1.0,1237.0,5,,,,,,,,,0,,,,,,,,,,,,,,,,,,,,,,,,,,,,,,,,,,,,,,,,,,,,,
2025,1,1,5,7,2025-01-05,MQ,20398,MQ,N216NN,3454,11298,1129806,30194,DFW,"Dallas/Fort Worth, TX",TX,48,Texas,74,11921,1192102,31921,GJT,"Grand Junction, CO",CO,8,Colorado,82,1017,1010.0,-7.0,0.0,0.0,-1.0,1000-1059,87.0,1137.0,1255.0,7.0,1158,1302.0,64.0,64.0,1.0,4.0,1100-1159,0.0,,0.0,161.0,232.0,138.0,1.0,773.0,4,0.0,0.0,64.0,0.0,0.0,,,,0,,,,,,,,,,,,,,,,,,,,,,,,,,,,,,,,,,,,,,,,,,,,,
2025,1,1,23,4,2025-01-23,WN,19393,WN,N8926Q,2914,12889,1288904,32211,LAS,"Las Vegas, NV",NV,32,Nevada,85,10713,1071302,30713,BOI,"Boise, ID",ID,16,Idaho,83,1420,1448.0,28.0,28.0,1.0,1.0,1400-1459,14.0,1502.0,1732.0,5.0,1715,1737.0,22.0,22.0,1.0,1.0,1700-1759,0.0,,0.0,115.0,109.0,90.0,1.0,519.0,3,0.0,0.0,0.0,0.0,22.0,,,,0,,,,,,,,,,,,,,,,,,,,,,,,,,,,,,,,,,,,,,,,,,,,,
2025,1,1,18,6,2025-01-18,WN,19393,WN,N8699A,2365,15016,1501606,31123,STL,"St. Louis, MO",MO,29,Missouri,64,12191,1219103,31453,HOU,"Houston, TX",TX,48,Texas,74,640,636.0,-4.0,0.0,0.0,-1.0,0600-0659,9.0,645.0,837.0,3.0,900,840.0,-20.0,0.0,0.0,-2.0,0900-0959,0.0,,0.0,140.0,124.0,112.0,1.0,687.0,3,,,,,,,,,0,,,,,,,,,,,,,,,,,,,,,,,,,,,,,,,,,,,,,,,,,,,,,
2025,1,1,10,5,2025-01-10,AA,19805,AA,N996AN,2752,11298,1129806,30194,DFW,"Dallas/Fort Worth, TX",TX,48,Texas,74,11278,1127805,30852,DCA,"Washington, DC",VA,51,Virginia,38,1914,2007.0,53.0,53.0,1.0,3.0,1900-1959,16.0,2023.0,2321.0,6.0,2300,2327.0,27.0,27.0,1.0,1.0,2300-2359,0.0,,0.0,166.0,140.0,118.0,1.0,1192.0,5,0.0,27.0,0.0,0.0,0.0,,,,0,,,,,,,,,,,,,,,,,,,,,,,,,,,,,,,,,,,,,,,,,,,,,
2025,1,1,14,2,2025-01-14,AA,19805,AA,N410AN,2007,11278,1127805,30852,DCA,"Washington, DC",VA,51,Virginia,38,11298,1129806,30194,DFW,"Dallas/Fort Worth, TX",TX,48,Texas,74,500,451.0,-9.0,0.0,0.0,-1.0,0001-0559,15.0,506.0,725.0,15.0,741,740.0,-1.0,0.0,0.0,-1.0,0700-0759,0.0,,0.0,221.0,229.0,199.0,1.0,1192.0,5,,,,,,,,,0,,,,,,,,,,,,,,,,,,,,,,,,,,,,,,,,,,,,,,,,,,,,,
2025,1,1,21,2,2025-01-21,AS,19930,AS,N472AS,25,12478,1247805,31703,JFK,"New York, NY",NY,36,New York,22,14679,1467903,33570,SAN,"San Diego, CA",CA,6,California,91,1630,1627.0,-3.0,0.0,0.0,-1.0,1600-1659,20.0,1647.0,1934.0,9.0,1951,1943.0,-8.0,0.0,0.0,-1.0,1900-1959,0.0,,0.0,381.0,376.0,347.0,1.0,2446.0,10,,,,,,,,,0,,,,,,,,,,,,,,,,,,,,,,,,,,,,,,,,,,,,,,,,,,,,,
2025,1,1,7,2,2025-01-07,DL,19790,DL,N937DZ,2952,10397,1039707,30397,ATL,"Atlanta, GA",GA,13,Georgia,34,12339,1233904,32337,IND,"Indianapolis, IN",IN,18,Indiana,42,859,856.0,-3.0,0.0,0.0,-1.0,0800-0859,14.0,910.0,1018.0,6.0,1032,1024.0,-8.0,0.0,0.0,-1.0,1000-1059,0.0,,0.0,93.0,88.0,68.0,1.0,432.0,2,,,,,,,,,0,,,,,,,,,,,,,,,,,,,,,,,,,,,,,,,,,,,,,,,,,,,,,
2025,1,1,7,2,2025-01-07,AA,19805,AA,N9022G,2576,13256,1325603,33256,MFE,"Mission/McAllen/Edinburg, TX",TX,48,Texas,74,11298,1129806,30194,DFW,"Dallas/Fort Worth, TX",TX,48,Texas,74,1838,1829.0,-9.0,0.0,0.0,-1.0,1800-1859,13.0,1842.0,1957.0,21.0,2020,2018.0,-2.0,0.0,0.0,-1.0,2000-2059,0.0,,0.0,102.0,109.0,75.0,1.0,469.0,2,,,,,,,,,0,,,,,,,,,,,,,,,,,,,,,,,,,,,,,,,,,,,,,,,,,,,,,
2025,1,1,4,6,2025-01-04,OO,20304,OO,N613SK,4973,14107,1410702,30466,PHX,"Phoenix, AZ",AZ,4,Arizona,81,15376,1537604,30436,TUS,"Tucson, AZ",AZ,4,Arizona,81,1449,1446.0,-3.0,0.0,0.0,-1.0,1400-1459,18.0,1504.0,1530.0,4.0,1541,1534.0,-7.0,0.0,0.0,-1.0,1500-1559,0.0,,0.0,52.0,48.0,26.0,1.0,110.0,1,,,,,,,,,0,,,,,,,,,,,,,,,,,,,,,,,,,,,,,,,,,,,,,,,,,,,,,
2025,1,1,29,3,2025-01-29,NK,20416,NK,N627NK,289,11433,1143302,31295,DTW,"Detroit, MI",MI,26,Michigan,43,12953,1295304,31703,LGA,"New York, NY",NY,36,New York,22,1015,1007.0,-8.0,0.0,0.0,-1.0,1000-1059,18.0,1025.0,1131.0,3.0,1200,1134.0,-26.0,0.0,0.0,-2.0,1200-1259,0.0,,0.0,105.0,87.0,66.0,1.0,502.0,3,,,,,,,,,0,,,,,,,,,,,,,,,,,,,,,,,,,,,,,,,,,,,,,,,,,,,,,
2025,1,1,4,6,2025-01-04,AS,19930,AS,N966AK,984,14492,1449202,34492,RDU,"Raleigh/Durham, NC",NC,37,North Carolina,36,14747,1474703,30559,SEA,"Seattle, WA",WA,53,Washington,93,800,803.0,3.0,3.0,0.0,0.0,0800-0859,22.0,825.0,1059.0,15.0,1114,1114.0,0.0,0.0,0.0,0.0,1100-1159,0.0,,0.0,374.0,371.0,334.0,1.0,2354.0,10,,,,,,,,,0,,,,,,,,,,,,,,,,,,,,,,,,,,,,,,,,,,,,,,,,,,,,,
2025,1,1,29,3,2025-01-29,UA,19977,UA,N17303,1529,11618,1161802,31703,EWR,"Newark, NJ",NJ,34,New Jersey,21,15024,1502403,34945,STT,"Charlotte Amalie, VI",VI,78,U.S. Virgin Islands,4,700,652.0,-8.0,0.0,0.0,-1.0,0700-0759,15.0,707.0,1124.0,3.0,1200,1127.0,-33.0,0.0,0.0,-2.0,1200-1259,0.0,,0.0,240.0,215.0,197.0,1.0,1634.0,7,,,,,,,,,0,,,,,,,,,,,,,,,,,,,,,,,,,,,,,,,,,,,,,,,,,,,,,
2025,1,1,31,5,2025-01-31,DL,19790,DL,N945AT,512,11259,1125904,30194,DAL,"Dallas, TX",TX,48,Texas,74,10397,1039707,30397,ATL,"Atlanta, GA",GA,13,Georgia,34,1602,1601.0,-1.0,0.0,0.0,-1.0,1600-1659,12.0,1613.0,1850.0,4.0,1903,1854.0,-9.0,0.0,0.0,-1.0,1900-1959,0.0,,0.0,121.0,113.0,97.0,1.0,721.0,3,,,,,,,,,0,,,,,,,,,,,,,,,,,,,,,,,,,,,,,,,,,,,,,,,,,,,,,
2025,1,1,1,3,2025-01-01,OH,20397,OH,N591NN,5534,11057,1105703,31057,CLT,"Charlotte, NC",NC,37,North Carolina,36,13851,1385103,33851,OKC,"Oklahoma City, OK",OK,40,Oklahoma,73,1114,1110.0,-4.0,0.0,0.0,-1.0,1100-1159,34.0,1144.0,1325.0,3.0,1321,1328.0,7.0,7.0,0.0,0.0,1300-1359,0.0,,0.0,187.0,198.0,161.0,1.0,940.0,4,,,,,,,,,0,,,,,,,,,,,,,,,,,,,,,,,,,,,,,,,,,,,,,,,,,,,,,
2025,1,1,9,4,2025-01-09,UA,19977,UA,N14512,2864,13930,1393008,30977,ORD,"Chicago, IL",IL,17,Illinois,41,12892,1289208,32575,LAX,"Los Angeles, CA",CA,6,California,91,2015,2010.0,-5.0,0.0,0.0,-1.0,2000-2059,17.0,2027.0,2207.0,72.0,2258,2319.0,21.0,21.0,1.0,1.0,2200-2259,0.0,,0.0,283.0,309.0,220.0,1.0,1744.0,7,0.0,0.0,21.0,0.0,0.0,,,,0,,,,,,,,,,,,,,,,,,,,,,,,,,,,,,,,,,,,,,,,,,,,,
2025,1,1,31,5,2025-01-31,B6,20409,B6,N979JT,607,11697,1169706,32467,FLL,"Fort Lauderdale, FL",FL,12,Florida,33,12889,1288904,32211,LAS,"Las Vegas, NV",NV,32,Nevada,85,2015,2027.0,12.0,12.0,0.0,0.0,2000-2059,17.0,2044.0,2240.0,6.0,2245,2246.0,1.0,1.0,0.0,0.0,2200-2259,0.0,,0.0,330.0,319.0,296.0,1.0,2173.0,9,,,,,,,,,0,,,,,,,,,,,,,,,,,,,,,,,,,,,,,,,,,,,,,,,,,,,,,
2025,1,1,4,6,2025-01-04,WN,19393,WN,N8523W,3729,12892,1289208,32575,LAX,"Los Angeles, CA",CA,6,California,91,11259,1125904,30194,DAL,"Dallas, TX",TX,48,Texas,74,1825,1826.0,1.0,1.0,0.0,0.0,1800-1859,13.0,1839.0,2306.0,6.0,2320,2312.0,-8.0,0.0,0.0,-1.0,2300-2359,0.0,,0.0,175.0,166.0,147.0,1.0,1246.0,5,,,,,,,,,0,,,,,,,,,,,,,,,,,,,,,,,,,,,,,,,,,,,,,,,,,,,,,
2025,1,1,23,4,2025-01-23,MQ,20398,MQ,N224NN,3354,11298,1129806,30194,DFW,"Dallas/Fort Worth, TX",TX,48,Texas,74,11540,1154005,30615,ELP,"El Paso, TX",TX,48,Texas,74,825,823.0,-2.0,0.0,0.0,-1.0,0800-0859,24.0,847.0,925.0,5.0,927,930.0,3.0,3.0,0.0,0.0,0900-0959,0.0,,0.0,122.0,127.0,98.0,1.0,551.0,3,,,,,,,,,0,,,,,,,,,,,,,,,,,,,,,,,,,,,,,,,,,,,,,,,,,,,,,
2025,1,1,13,1,2025-01-13,OO,20304,OO,N130SY,5916,10849,1084907,30849,BZN,"Bozeman, MT",MT,30,Montana,84,12892,1289208,32575,LAX,"Los Angeles, CA",CA,6,California,91,1551,1545.0,-6.0,0.0,0.0,-1.0,1500-1559,16.0,1601.0,1701.0,7.0,1750,1708.0,-42.0,0.0,0.0,-2.0,1700-1759,0.0,,0.0,179.0,143.0,120.0,1.0,902.0,4,,,,,,,,,0,,,,,,,,,,,,,,,,,,,,,,,,,,,,,,,,,,,,,,,,,,,,,
2025,1,1,15,3,2025-01-15,NK,20416,NK,N613NK,1621,14683,1468305,33214,SAT,"San Antonio, TX",TX,48,Texas,74,13204,1320402,31454,MCO,"Orlando, FL",FL,12,Florida,33,1115,1107.0,-8.0,0.0,0.0,-1.0,1100-1159,10.0,1117.0,1415.0,3.0,1450,1418.0,-32.0,0.0,0.0,-2.0,1400-1459,0.0,,0.0,155.0,131.0,118.0,1.0,1041.0,5,,,,,,,,,0,,,,,,,,,,,,,,,,,,,,,,,,,,,,,,,,,,,,,,,,,,,,,
2025,1,1,1,3,2025-01-01,WN,19393,WN,N903WN,3730,13796,1379610,32457,OAK,"Oakland, CA",CA,6,California,91,10800,1080003,32575,BUR,"Burbank, CA",CA,6,California,91,1600,1557.0,-3.0,0.0,0.0,-1.0,1600-1659,9.0,1606.0,1658.0,2.0,1715,1700.0,-15.0,0.0,0.0,-1.0,1700-1759,0.0,,0.0,75.0,63.0,52.0,1.0,325.0,2,,,,,,,,,0,,,,,,,,,,,,,,,,,,,,,,,,,,,,,,,,,,,,,,,,,,,,,
2025,1,1,20,1,2025-01-20,OO,20304,OO,N748SK,6296,11298,1129806,30194,DFW,"Dallas/Fort Worth, TX",TX,48,Texas,74,12891,1289102,32891,LAW,"Lawton/Fort Sill, OK",OK,40,Oklahoma,73,2116,2111.0,-5.0,0.0,0.0,-1.0,2100-2159,18.0,2129.0,2201.0,3.0,2224,2204.0,-20.0,0.0,0.0,-2.0,2200-2259,0.0,,0.0,68.0,53.0,32.0,1.0,140.0,1,,,,,,,,,0,,,,,,,,,,,,,,,,,,,,,,,,,,,,,,,,,,,,,,,,,,,,,
2025,1,1,20,1,2025-01-20,UA,19977,UA,N77871,310,13930,1393008,30977,ORD,"Chicago, IL",IL,17,Illinois,41,11292,1129202,30325,DEN,"Denver, CO",CO,8,Colorado,82,1439,1436.0,-3.0,0.0,0.0,-1.0,1400-1459,17.0,1453.0,1608.0,8.0,1630,1616.0,-14.0,0.0,0.0,-1.0,1600-1659,0.0,,0.0,171.0,160.0,135.0,1.0,888.0,4,,,,,,,,,0,,,,,,,,,,,,,,,,,,,,,,,,,,,,,,,,,,,,,,,,,,,,,
2025,1,1,1,3,2025-01-01,AA,19805,AA,N9018E,308,12478,1247805,31703,JFK,"New York, NY",NY,36,New York,22,11503,1150305,31503,EGE,"Eagle, CO",CO,8,Colorado,82,730,736.0,6.0,6.0,0.0,0.0,0700-0759,25.0,801.0,1009.0,4.0,1017,1013.0,-4.0,0.0,0.0,-1.0,1000-1059,0.0,,0.0,287.0,277.0,248.0,1.0,1746.0,7,,,,,,,,,0,,,,,,,,,,,,,,,,,,,,,,,,,,,,,,,,,,,,,,,,,,,,,
2025,1,1,26,7,2025-01-26,F9,20436,F9,N391FR,2210,11292,1129202,30325,DEN,"Denver, CO",CO,8,Colorado,82,13232,1323202,30977,MDW,"Chicago, IL",IL,17,Illinois,41,2055,2055.0,0.0,0.0,0.0,0.0,2000-2059,25.0,2120.0,10.0,9.0,17,19.0,2.0,2.0,0.0,0.0,0001-0559,0.0,,0.0,142.0,144.0,110.0,1.0,895.0,4,,,,,,,,,0,,,,,,,,,,,,,,,,,,,,,,,,,,,,,,,,,,,,,,,,,,,,,
2025,1,1,25,6,2025-01-25,OH,20397,OH,N561NN,5043,14122,1412202,30198,PIT,"Pittsburgh, PA",PA,42,Pennsylvania,23,11298,1129806,30194,DFW,"Dallas/Fort Worth, TX",TX,48,Texas,74,626,619.0,-7.0,0.0,0.0,-1.0,0600-0659,12.0,631.0,816.0,11.0,837,827.0,-10.0,0.0,0.0,-1.0,0800-0859,0.0,,0.0,191.0,188.0,165.0,1.0,1067.0,5,,,,,,,,,0,,,,,,,,,,,,,,,,,,,,,,,,,,,,,,,,,,,,,,,,,,,,,
2025,1,1,29,3,2025-01-29,B6,20409,B6,N996JL,1334,14843,1484306,34819,SJU,"San Juan, PR",PR,72,Puerto Rico,3,13204,1320402,31454,MCO,"Orlando, FL",FL,12,Florida,33,1310,1320.0,10.0,10.0,0.0,0.0,1300-1359,11.0,1331.0,1514.0,9.0,1532,1523.0,-9.0,0.0,0.0,-1.0,1500-1559,0.0,,0.0,202.0,183.0,163.0,1.0,1189.0,5,,,,,,,,,0,,,,,,,,,,,,,,,,,,,,,,,,,,,,,,,,,,,,,,,,,,,,,
2025,1,1,3,5,2025-01-03,AS,19930,AS,N564AS,1148,12892,1289208,32575,LAX,"Los Angeles, CA",CA,6,California,91,14057,1405702,34057,PDX,"Portland, OR",OR,41,Oregon,92,809,802.0,-7.0,0.0,0.0,-1.0,0800-0859,44.0,846.0,1039.0,4.0,1047,1043.0,-4.0,0.0,0.0,-1.0,1000-1059,0.0,,0.0,158.0,161.0,113.0,1.0,834.0,4,,,,,,,,,0,,,,,,,,,,,,,,,,,,,,,,,,,,,,,,,,,,,,,,,,,,,,,
2025,1,1,26,7,2025-01-26,DL,19790,DL,N519DT,1691,13204,1320402,31454,MCO,"Orlando, FL",FL,12,Florida,33,14869,1486903,34614,SLC,"Salt Lake City, UT",UT,49,Utah,87,1905,2010.0,65.0,65.0,1.0,4.0,1900-1959,17.0,2027.0,2251.0,9.0,2215,2300.0,45.0,45.0,1.0,3.0,2200-2259,0.0,,0.0,310.0,290.0,264.0,1.0,1931.0,8,5.0,0.0,0.0,0.0,40.0,,,,0,,,,,,,,,,,,,,,,,,,,,,,,,,,,,,,,,,,,,,,,,,,,,
2025,1,1,15,3,2025-01-15,DL,19790,DL,N380DN,1458,14027,1402702,34027,PBI,"West Palm Beach/Palm Beach, FL",FL,12,Florida,33,10397,1039707,30397,ATL,"Atlanta, GA",GA,13,Georgia,34,1811,1758.0,-13.0,0.0,0.0,-1.0,1800-1859,10.0,1808.0,1935.0,8.0,2013,1943.0,-30.0,0.0,0.0,-2.0,2000-2059,0.0,,0.0,122.0,105.0,87.0,1.0,545.0,3,,,,,,,,,0,,,,,,,,,,,,,,,,,,,,,,,,,,,,,,,,,,,,,,,,,,,,,
2025,1,1,15,3,2025-01-15,OO,20304,OO,N793SK,4720,14869,1486903,34614,SLC,"Salt Lake City, UT",UT,49,Utah,87,11292,1129202,30325,DEN,"Denver, CO",CO,8,Colorado,82,1312,1305.0,-7.0,0.0,0.0,-1.0,1300-1359,14.0,1319.0,1427.0,9.0,1458,1436.0,-22.0,0.0,0.0,-2.0,1400-1459,0.0,,0.0,106.0,91.0,68.0,1.0,391.0,2,,,,,,,,,0,,,,,,,,,,,,,,,,,,,,,,,,,,,,,,,,,,,,,,,,,,,,,
2025,1,1,14,2,2025-01-14,WN,19393,WN,N8503A,1902,10821,1082106,30852,BWI,"Baltimore, MD",MD,24,Maryland,35,14843,1484306,34819,SJU,"San Juan, PR",PR,72,Puerto Rico,3,1930,1928.0,-2.0,0.0,0.0,-1.0,1900-1959,12.0,1940.0,21.0,10.0,25,31.0,6.0,6.0,0.0,0.0,0001-0559,0.0,,0.0,235.0,243.0,221.0,1.0,1565.0,7,,,,,,,,,0,,,,,,,,,,,,,,,,,,,,,,,,,,,,,,,,,,,,,,,,,,,,,
2025,1,1,9,4,2025-01-09,DL,19790,DL,N301DV,2300,12953,1295304,31703,LGA,"New York, NY",NY,36,New York,22,13303,1330303,32467,MIA,"Miami, FL",FL,12,Florida,33,1522,1608.0,46.0,46.0,1.0,3.0,1500-1559,13.0,1621.0,1846.0,25.0,1854,1911.0,17.0,17.0,1.0,1.0,1800-1859,0.0,,0.0,212.0,183.0,145.0,1.0,1096.0,5,1.0,0.0,0.0,0.0,16.0,,,,0,,,,,,,,,,,,,,,,,,,,,,,,,,,,,,,,,,,,,,,,,,,,,
2025,1,1,3,5,2025-01-03,WN,19393,WN,N8740A,4661,11278,1127805,30852,DCA,"Washington, DC",VA,51,Virginia,38,13495,1349505,33495,MSY,"New Orleans, LA",LA,22,Louisiana,72,1300,1257.0,-3.0,0.0,0.0,-1.0,1300-1359,11.0,1308.0,1428.0,8.0,1455,1436.0,-19.0,0.0,0.0,-2.0,1400-1459,0.0,,0.0,175.0,159.0,140.0,1.0,969.0,4,,,,,,,,,0,,,,,,,,,,,,,,,,,,,,,,,,,,,,,,,,,,,,,,,,,,,,,
2025,1,1,23,4,2025-01-23,G4,20368,G4,222NV,2599,14112,1411206,33195,PIE,"St. Petersburg, FL",FL,12,Florida,33,15380,1538005,35380,TVC,"Traverse City, MI",MI,26,Michigan,43,1428,1515.0,47.0,47.0,1.0,3.0,1400-1459,10.0,1525.0,1750.0,9.0,1726,1759.0,33.0,33.0,1.0,2.0,1700-1759,0.0,,0.0,178.0,164.0,145.0,1.0,1172.0,5,8.0,0.0,0.0,0.0,25.0,,,,0,,,,,,,,,,,,,,,,,,,,,,,,,,,,,,,,,,,,,,,,,,,,,
2025,1,1,26,7,2025-01-26,NK,20416,NK,N924NK,1772,15304,1530402,33195,TPA,"Tampa, FL",FL,12,Florida,33,11433,1143302,31295,DTW,"Detroit, MI",MI,26,Michigan,43,1139,1127.0,-12.0,0.0,0.0,-1.0,1100-1159,15.0,1142.0,1406.0,4.0,1423,1410.0,-13.0,0.0,0.0,-1.0,1400-1459,0.0,,0.0,164.0,163.0,144.0,1.0,983.0,4,,,,,,,,,0,,,,,,,,,,,,,,,,,,,,,,,,,,,,,,,,,,,,,,,,,,,,,
2025,1,1,7,2,2025-01-07,WN,19393,WN,N8695D,2298,12889,1288904,32211,LAS,"Las Vegas, NV",NV,32,Nevada,85,10397,1039707,30397,ATL,"Atlanta, GA",GA,13,Georgia,34,1800,1835.0,35.0,35.0,1.0,2.0,1800-1859,14.0,1849.0,100.0,5.0,45,105.0,20.0,20.0,1.0,1.0,0001-0559,0.0,,0.0,225.0,210.0,191.0,1.0,1747.0,7,0.0,0.0,0.0,0.0,20.0,,,,0,,,,,,,,,,,,,,,,,,,,,,,,,,,,,,,,,,,,,,,,,,,,,
2025,1,1,9,4,2025-01-09,YX,20452,YX,N131HQ,4363,13930,1393008,30977,ORD,"Chicago, IL",IL,17,Illinois,41,10721,1072102,30721,BOS,"Boston, MA",MA,25,Massachusetts,13,2020,2013.0,-7.0,0.0,0.0,-1.0,2000-2059,28.0,2041.0,2327.0,7.0,2344,2334.0,-10.0,0.0,0.0,-1.0,2300-2359,0.0,,0.0,144.0,141.0,106.0,1.0,867.0,4,,,,,,,,,0,,,,,,,,,,,,,,,,,,,,,,,,,,,,,,,,,,,,,,,,,,,,,
2025,1,1,29,3,2025-01-29,WN,19393,WN,N917WN,1410,14679,1467903,33570,SAN,"San Diego, CA",CA,6,California,91,12889,1288904,32211,LAS,"Las Vegas, NV",NV,32,Nevada,85,710,704.0,-6.0,0.0,0.0,-1.0,0700-0759,15.0,719.0,813.0,28.0,830,841.0,11.0,11.0,0.0,0.0,0800-0859,0.0,,0.0,80.0,97.0,54.0,1.0,258.0,2,,,,,,,,,0,,,,,,,,,,,,,,,,,,,,,,,,,,,,,,,,,,,,,,,,,,,,,
2025,1,1,15,3,2025-01-15,UA,19977,UA,N79541,1009,14570,1457002,34570,RNO,"Reno, NV",NV,32,Nevada,85,11292,1129202,30325,DEN,"Denver, CO",CO,8,Colorado,82,849,845.0,-4.0,0.0,0.0,-1.0,0800-0859,20.0,905.0,1154.0,5.0,1211,1159.0,-12.0,0.0,0.0,-1.0,1200-1259,0.0,,0.0,142.0,134.0,109.0,1.0,804.0,4,,,,,,,,,0,,,,,,,,,,,,,,,,,,,,,,,,,,,,,,,,,,,,,,,,,,,,,
2025,1,1,1,3,2025-01-01,UA,19977,UA,N14529,2615,13930,1393008,30977,ORD,"Chicago, IL",IL,17,Illinois,41,14679,1467903,33570,SAN,"San Diego, CA",CA,6,California,91,710,710.0,0.0,0.0,0.0,0.0,0700-0759,21.0,731.0,930.0,3.0,947,933.0,-14.0,0.0,0.0,-1.0,0900-0959,0.0,,0.0,277.0,263.0,239.0,1.0,1723.0,7,,,,,,,,,0,,,,,,,,,,,,,,,,,,,,,,,,,,,,,,,,,,,,,,,,,,,,,
2025,1,1,29,3,2025-01-29,OO,20304,OO,N304SY,4125,14893,1489302,33192,SMF,"Sacramento, CA",CA,6,California,91,14747,1474703,30559,SEA,"Seattle, WA",WA,53,Washington,93,1450,1807.0,197.0,197.0,1.0,12.0,1400-1459,14.0,1821.0,1951.0,5.0,1700,1956.0,176.0,176.0,1.0,11.0,1700-1759,0.0,,0.0,130.0,109.0,90.0,1.0,605.0,3,0.0,176.0,0.0,0.0,0.0,,,,0,,,,,,,,,,,,,,,,,,,,,,,,,,,,,,,,,,,,,,,,,,,,,
2025,1,1,22,3,2025-01-22,OO,20304,OO,N906EV,5374,11292,1129202,30325,DEN,"Denver, CO",CO,8,Colorado,82,12280,1228002,32280,IDA,"Idaho Falls, ID",ID,16,Idaho,83,800,752.0,-8.0,0.0,0.0,-1.0,0800-0859,19.0,811.0,928.0,4.0,952,932.0,-20.0,0.0,0.0,-2.0,0900-0959,0.0,,0.0,112.0,100.0,77.0,1.0,458.0,2,,,,,,,,,0,,,,,,,,,,,,,,,,,,,,,,,,,,,,,,,,,,,,,,,,,,,,,
2025,1,1,25,6,2025-01-25,UA,19977,UA,N16234,2200,13930,1393008,30977,ORD,"Chicago, IL",IL,17,Illinois,41,12953,1295304,31703,LGA,"New York, NY",NY,36,New York,22,800,759.0,-1.0,0.0,0.0,-1.0,0800-0859,16.0,815.0,1040.0,5.0,1112,1045.0,-27.0,0.0,0.0,-2.0,1100-1159,0.0,,0.0,132.0,106.0,85.0,1.0,733.0,3,,,,,,,,,0,,,,,,,,,,,,,,,,,,,,,,,,,,,,,,,,,,,,,,,,,,,,,
2025,1,1,16,4,2025-01-16,UA,19977,UA,N27323,2367,14771,1477104,32457,SFO,"San Francisco, CA",CA,6,California,91,14689,1468902,34689,SBA,"Santa Barbara, CA",CA,6,California,91,1048,1042.0,-6.0,0.0,0.0,-1.0,1000-1059,13.0,1055.0,1142.0,4.0,1208,1146.0,-22.0,0.0,0.0,-2.0,1200-1259,0.0,,0.0,80.0,64.0,47.0,1.0,262.0,2,,,,,,,,,0,,,,,,,,,,,,,,,,,,,,,,,,,,,,,,,,,,,,,,,,,,,,,
2025,1,1,2,4,2025-01-02,DL,19790,DL,N547DE,996,10397,1039707,30397,ATL,"Atlanta, GA",GA,13,Georgia,34,12892,1289208,32575,LAX,"Los Angeles, CA",CA,6,California,91,725,723.0,-2.0,0.0,0.0,-1.0,0700-0759,15.0,738.0,912.0,7.0,940,919.0,-21.0,0.0,0.0,-2.0,0900-0959,0.0,,0.0,315.0,296.0,274.0,1.0,1947.0,8,,,,,,,,,0,,,,,,,,,,,,,,,,,,,,,,,,,,,,,,,,,,,,,,,,,,,,,
2025,1,1,17,5,2025-01-17,OH,20397,OH,N601EN,5088,13931,1393102,33667,ORF,"Norfolk, VA",VA,51,Virginia,38,14100,1410005,34100,PHL,"Philadelphia, PA",PA,42,Pennsylvania,23,804,810.0,6.0,6.0,0.0,0.0,0800-0859,42.0,852.0,937.0,6.0,919,943.0,24.0,24.0,1.0,1.0,0900-0959,0.0,,0.0,75.0,93.0,45.0,1.0,212.0,1,6.0,0.0,18.0,0.0,0.0,,,,0,,,,,,,,,,,,,,,,,,,,,,,,,,,,,,,,,,,,,,,,,,,,,
2025,1,1,1,3,2025-01-01,B6,20409,B6,N2156J,287,10721,1072102,30721,BOS,"Boston, MA",MA,25,Massachusetts,13,12892,1289208,32575,LAX,"Los Angeles, CA",CA,6,California,91,619,611.0,-8.0,0.0,0.0,-1.0,0600-0659,20.0,631.0,915.0,13.0,955,928.0,-27.0,0.0,0.0,-2.0,0900-0959,0.0,,0.0,396.0,377.0,344.0,1.0,2611.0,11,,,,,,,,,0,,,,,,,,,,,,,,,,,,,,,,,,,,,,,,,,,,,,,,,,,,,,,
2025,1,1,9,4,2025-01-09,OH,20397,OH,N555NN,5471,14524,1452401,34524,RIC,"Richmond, VA",VA,51,Virginia,38,11057,1105703,31057,CLT,"Charlotte, NC",NC,37,North Carolina,36,1306,1257.0,-9.0,0.0,0.0,-1.0,1300-1359,10.0,1307.0,1401.0,13.0,1434,1414.0,-20.0,0.0,0.0,-2.0,1400-1459,0.0,,0.0,88.0,77.0,54.0,1.0,257.0,2,,,,,,,,,0,,,,,,,,,,,,,,,,,,,,,,,,,,,,,,,,,,,,,,,,,,,,,
2025,1,1,14,2,2025-01-14,AA,19805,AA,N425AN,2059,14107,1410702,30466,PHX,"Phoenix, AZ",AZ,4,Arizona,81,10721,1072102,30721,BOS,"Boston, MA",MA,25,Massachusetts,13,1336,1335.0,-1.0,0.0,0.0,-1.0,1300-1359,12.0,1347.0,1951.0,6.0,2023,1957.0,-26.0,0.0,0.0,-2.0,2000-2059,0.0,,0.0,287.0,262.0,244.0,1.0,2300.0,10,,,,,,,,,0,,,,,,,,,,,,,,,,,,,,,,,,,,,,,,,,,,,,,,,,,,,,,
2025,1,1,1,3,2025-01-01,AA,19805,AA,N776XF,876,11298,1129806,30194,DFW,"Dallas/Fort Worth, TX",TX,48,Texas,74,13485,1348502,33485,MSN,"Madison, WI",WI,55,Wisconsin,45,2049,2146.0,57.0,57.0,1.0,3.0,2000-2059,11.0,2157.0,2337.0,5.0,2303,2342.0,39.0,39.0,1.0,2.0,2300-2359,0.0,,0.0,134.0,116.0,100.0,1.0,821.0,4,0.0,0.0,0.0,0.0,39.0,,,,0,,,,,,,,,,,,,,,,,,,,,,,,,,,,,,,,,,,,,,,,,,,,,
2025,1,1,29,3,2025-01-29,YX,20452,YX,N776YX,3587,12451,1245102,31136,JAX,"Jacksonville, FL",FL,12,Florida,33,11618,1161802,31703,EWR,"Newark, NJ",NJ,34,New Jersey,21,1608,1600.0,-8.0,0.0,0.0,-1.0,1600-1659,15.0,1615.0,1825.0,6.0,1840,1831.0,-9.0,0.0,0.0,-1.0,1800-1859,0.0,,0.0,152.0,151.0,130.0,1.0,820.0,4,,,,,,,,,0,,,,,,,,,,,,,,,,,,,,,,,,,,,,,,,,,,,,,,,,,,,,,
2025,1,1,2,4,2025-01-02,AA,19805,AA,N151AN,2293,14679,1467903,33570,SAN,"San Diego, CA",CA,6,California,91,11057,1105703,31057,CLT,"Charlotte, NC",NC,37,North Carolina,36,1343,1424.0,41.0,41.0,1.0,2.0,1300-1359,18.0,1442.0,2141.0,10.0,2121,2151.0,30.0,30.0,1.0,2.0,2100-2159,0.0,,0.0,278.0,267.0,239.0,1.0,2077.0,9,7.0,0.0,0.0,0.0,23.0,,,,0,,,,,,,,,,,,,,,,,,,,,,,,,,,,,,,,,,,,,,,,,,,,,
2025,1,1,9,4,2025-01-09,WN,19393,WN,N420WN,3443,10821,1082106,30852,BWI,"Baltimore, MD",MD,24,Maryland,35,13296,1329605,30721,MHT,"Manchester, NH",NH,33,New Hampshire,14,1455,1517.0,22.0,22.0,1.0,1.0,1400-1459,9.0,1526.0,1634.0,2.0,1620,1636.0,16.0,16.0,1.0,1.0,1600-1659,0.0,,0.0,85.0,79.0,68.0,1.0,377.0,2,3.0,0.0,0.0,0.0,13.0,,,,0,,,,,,,,,,,,,,,,,,,,,,,,,,,,,,,,,,,,,,,,,,,,,
2025,1,1,30,4,2025-01-30,DL,19790,DL,N375DN,975,12953,1295304,31703,LGA,"New York, NY",NY,36,New York,22,10397,1039707,30397,ATL,"Atlanta, GA",GA,13,Georgia,34,2000,2000.0,0.0,0.0,0.0,0.0,2000-2059,20.0,2020.0,2221.0,5.0,2241,2226.0,-15.0,0.0,0.0,-1.0,2200-2259,0.0,,0.0,161.0,146.0,121.0,1.0,762.0,4,,,,,,,,,0,,,,,,,,,,,,,,,,,,,,,,,,,,,,,,,,,,,,,,,,,,,,,
2025,1,1,27,1,2025-01-27,OO,20304,OO,N718SK,6460,11111,1111106,32474,COU,"Columbia, MO",MO,29,Missouri,64,11298,1129806,30194,DFW,"Dallas/Fort Worth, TX",TX,48,Texas,74,1703,1653.0,-10.0,0.0,0.0,-1.0,1700-1759,13.0,1706.0,1826.0,17.0,1855,1843.0,-12.0,0.0,0.0,-1.0,1800-1859,0.0,,0.0,112.0,110.0,80.0,1.0,490.0,2,,,,,,,,,0,,,,,,,,,,,,,,,,,,,,,,,,,,,,,,,,,,,,,,,,,,,,,
2025,1,1,22,3,2025-01-22,DL,19790,DL,N944AT,966,10781,1078105,30781,BTR,"Baton Rouge, LA",LA,22,Louisiana,72,10397,1039707,30397,ATL,"Atlanta, GA",GA,13,Georgia,34,600,,,,,,0600-0659,,,,,839,,,,,,0800-0859,1.0,B,0.0,99.0,,,1.0,448.0,2,,,,,,,,,0,,,,,,,,,,,,,,,,,,,,,,,,,,,,,,,,,,,,,,,,,,,,,
2025,1,1,23,4,2025-01-23,OH,20397,OH,N548NN,5631,11057,1105703,31057,CLT,"Charlotte, NC",NC,37,North Carolina,36,14814,1481403,30476,SHV,"Shreveport, LA",LA,22,Louisiana,72,1629,1627.0,-2.0,0.0,0.0,-1.0,1600-1659,25.0,1652.0,1810.0,4.0,1805,1814.0,9.0,9.0,0.0,0.0,1800-1859,0.0,,0.0,156.0,167.0,138.0,1.0,764.0,4,,,,,,,,,0,,,,,,,,,,,,,,,,,,,,,,,,,,,,,,,,,,,,,,,,,,,,,
2025,1,1,10,5,2025-01-10,YX,20452,YX,N202JQ,5783,12478,1247805,31703,JFK,"New York, NY",NY,36,New York,22,13930,1393008,30977,ORD,"Chicago, IL",IL,17,Illinois,41,1555,1654.0,59.0,59.0,1.0,3.0,1500-1559,30.0,1724.0,1841.0,16.0,1750,1857.0,67.0,67.0,1.0,4.0,1700-1759,0.0,,0.0,175.0,183.0,137.0,1.0,740.0,3,59.0,0.0,8.0,0.0,0.0,,,,0,,,,,,,,,,,,,,,,,,,,,,,,,,,,,,,,,,,,,,,,,,,,,
2025,1,1,5,7,2025-01-05,B6,20409,B6,N3247J,678,12451,1245102,31136,JAX,"Jacksonville, FL",FL,12,Florida,33,12478,1247805,31703,JFK,"New York, NY",NY,36,New York,22,1127,1142.0,15.0,15.0,1.0,1.0,1100-1159,15.0,1157.0,1346.0,5.0,1341,1351.0,10.0,10.0,0.0,0.0,1300-1359,0.0,,0.0,134.0,129.0,109.0,1.0,828.0,4,,,,,,,,,0,,,,,,,,,,,,,,,,,,,,,,,,,,,,,,,,,,,,,,,,,,,,,
2025,1,1,27,1,2025-01-27,OO,20304,OO,N411SY,3475,12441,1244102,32441,JAC,"Jackson, WY",WY,56,Wyoming,88,14679,1467903,33570,SAN,"San Diego, CA",CA,6,California,91,1239,1224.0,-15.0,0.0,0.0,-1.0,1200-1259,13.0,1237.0,1332.0,3.0,1359,1335.0,-24.0,0.0,0.0,-2.0,1300-1359,0.0,,0.0,140.0,131.0,115.0,1.0,828.0,4,,,,,,,,,0,,,,,,,,,,,,,,,,,,,,,,,,,,,,,,,,,,,,,,,,,,,,,
2025,1,1,13,1,2025-01-13,OH,20397,OH,N635NN,5393,14730,1473004,33044,SDF,"Louisville, KY",KY,21,Kentucky,52,11057,1105703,31057,CLT,"Charlotte, NC",NC,37,North Carolina,36,1219,1211.0,-8.0,0.0,0.0,-1.0,1200-1259,19.0,1230.0,1330.0,20.0,1359,1350.0,-9.0,0.0,0.0,-1.0,1300-1359,0.0,,0.0,100.0,99.0,60.0,1.0,335.0,2,,,,,,,,,0,,,,,,,,,,,,,,,,,,,,,,,,,,,,,,,,,,,,,,,,,,,,,
2025,1,1,28,2,2025-01-28,AA,19805,AA,N546UW,1978,11057,1105703,31057,CLT,"Charlotte, NC",NC,37,North Carolina,36,10721,1072102,30721,BOS,"Boston, MA",MA,25,Massachusetts,13,1715,1707.0,-8.0,0.0,0.0,-1.0,1700-1759,9.0,1716.0,1858.0,5.0,1922,1903.0,-19.0,0.0,0.0,-2.0,1900-1959,0.0,,0.0,127.0,116.0,102.0,1.0,728.0,3,,,,,,,,,0,,,,,,,,,,,,,,,,,,,,,,,,,,,,,,,,,,,,,,,,,,,,,
2025,1,1,14,2,2025-01-14,UA,19977,UA,N12754,1105,11298,1129806,30194,DFW,"Dallas/Fort Worth, TX",TX,48,Texas,74,13930,1393008,30977,ORD,"Chicago, IL",IL,17,Illinois,41,1040,1032.0,-8.0,0.0,0.0,-1.0,1000-1059,19.0,1051.0,1233.0,8.0,1310,1241.0,-29.0,0.0,0.0,-2.0,1300-1359,0.0,,0.0,150.0,129.0,102.0,1.0,802.0,4,,,,,,,,,0,,,,,,,,,,,,,,,,,,,,,,,,,,,,,,,,,,,,,,,,,,,,,
2025,1,1,30,4,2025-01-30,YX,20452,YX,N774YX,3578,12264,1226402,30852,IAD,"Washington, DC",VA,51,Virginia,38,14122,1412202,30198,PIT,"Pittsburgh, PA",PA,42,Pennsylvania,23,1755,1749.0,-6.0,0.0,0.0,-1.0,1700-1759,18.0,1807.0,1841.0,4.0,1904,1845.0,-19.0,0.0,0.0,-2.0,1900-1959,0.0,,0.0,69.0,56.0,34.0,1.0,182.0,1,,,,,,,,,0,,,,,,,,,,,,,,,,,,,,,,,,,,,,,,,,,,,,,,,,,,,,,
2025,1,1,6,1,2025-01-06,WN,19393,WN,N8581Z,1389,13232,1323202,30977,MDW,"Chicago, IL",IL,17,Illinois,41,13871,1387102,33316,OMA,"Omaha, NE",NE,31,Nebraska,65,950,1014.0,24.0,24.0,1.0,1.0,0900-0959,56.0,1110.0,1210.0,3.0,1120,1213.0,53.0,53.0,1.0,3.0,1100-1159,0.0,,0.0,90.0,119.0,60.0,1.0,423.0,2,6.0,0.0,29.0,0.0,18.0,,,,0,,,,,,,,,,,,,,,,,,,,,,,,,,,,,,,,,,,,,,,,,,,,,
2025,1,1,13,1,2025-01-13,WN,19393,WN,N8899H,1417,11278,1127805,30852,DCA,"Washington, DC",VA,51,Virginia,38,10693,1069302,30693,BNA,"Nashville, TN",TN,47,Tennessee,54,1055,1045.0,-10.0,0.0,0.0,-1.0,1000-1059,12.0,1057.0,1150.0,6.0,1200,1156.0,-4.0,0.0,0.0,-1.0,1200-1259,0.0,,0.0,125.0,131.0,113.0,1.0,562.0,3,,,,,,,,,0,,,,,,,,,,,,,,,,,,,,,,,,,,,,,,,,,,,,,,,,,,,,,
2025,1,1,17,5,2025-01-17,OO,20304,OO,N87380,5676,14771,1477104,32457,SFO,"San Francisco, CA",CA,6,California,91,11884,1188402,31884,GEG,"Spokane, WA",WA,53,Washington,93,1311,1301.0,-10.0,0.0,0.0,-1.0,1300-1359,38.0,1339.0,1524.0,6.0,1533,1530.0,-3.0,0.0,0.0,-1.0,1500-1559,0.0,,0.0,142.0,149.0,105.0,1.0,733.0,3,,,,,,,,,0,,,,,,,,,,,,,,,,,,,,,,,,,,,,,,,,,,,,,,,,,,,,,
2025,1,1,10,5,2025-01-10,B6,20409,B6,N827JB,499,12953,1295304,31703,LGA,"New York, NY",NY,36,New York,22,13204,1320402,31454,MCO,"Orlando, FL",FL,12,Florida,33,1559,1556.0,-3.0,0.0,0.0,-1.0,1500-1559,18.0,1614.0,1836.0,11.0,1900,1847.0,-13.0,0.0,0.0,-1.0,1900-1959,0.0,,0.0,181.0,171.0,142.0,1.0,950.0,4,,,,,,,,,0,,,,,,,,,,,,,,,,,,,,,,,,,,,,,,,,,,,,,,,,,,,,,
2025,1,1,14,2,2025-01-14,DL,19790,DL,N136DQ,2098,10423,1042302,30423,AUS,"Austin, TX",TX,48,Texas,74,10721,1072102,30721,BOS,"Boston, MA",MA,25,Massachusetts,13,730,715.0,-15.0,0.0,0.0,-1.0,0700-0759,15.0,730.0,1124.0,5.0,1220,1129.0,-51.0,0.0,0.0,-2.0,1200-1259,0.0,,0.0,230.0,194.0,174.0,1.0,1698.0,7,,,,,,,,,0,,,,,,,,,,,,,,,,,,,,,,,,,,,,,,,,,,,,,,,,,,,,,
2025,1,1,28,2,2025-01-28,AA,19805,AA,N200NV,1393,10693,1069302,30693,BNA,"Nashville, TN",TN,47,Tennessee,54,12892,1289208,32575,LAX,"Los Angeles, CA",CA,6,California,91,1750,1740.0,-10.0,0.0,0.0,-1.0,1700-1759,16.0,1756.0,2002.0,3.0,2034,2005.0,-29.0,0.0,0.0,-2.0,2000-2059,0.0,,0.0,284.0,265.0,246.0,1.0,1797.0,8,,,,,,,,,0,,,,,,,,,,,,,,,,,,,,,,,,,,,,,,,,,,,,,,,,,,,,,
2025,1,1,19,7,2025-01-19,G4,20368,G4,290NV,1589,14314,1431402,34314,PVU,"Provo, UT",UT,49,Utah,87,10466,1046602,30466,AZA,"Phoenix, AZ",AZ,4,Arizona,81,1139,1139.0,0.0,0.0,0.0,0.0,1100-1159,15.0,1154.0,1303.0,10.0,1328,1313.0,-15.0,0.0,0.0,-1.0,1300-1359,0.0,,0.0,109.0,94.0,69.0,1.0,477.0,2,,,,,,,,,0,,,,,,,,,,,,,,,,,,,,,,,,,,,,,,,,,,,,,,,,,,,,,
2025,1,1,20,1,2025-01-20,DL,19790,DL,N343DN,2261,13487,1348702,31650,MSP,"Minneapolis, MN",MN,27,Minnesota,63,12889,1288904,32211,LAS,"Las Vegas, NV",NV,32,Nevada,85,705,702.0,-3.0,0.0,0.0,-1.0,0700-0759,28.0,730.0,823.0,8.0,854,831.0,-23.0,0.0,0.0,-2.0,0800-0859,0.0,,0.0,229.0,209.0,173.0,1.0,1299.0,6,,,,,,,,,0,,,,,,,,,,,,,,,,,,,,,,,,,,,,,,,,,,,,,,,,,,,,,
2025,1,1,24,5,2025-01-24,G4,20368,G4,209NV,1397,11618,1161802,31703,EWR,"Newark, NJ",NJ,34,New Jersey,21,15412,1541206,35412,TYS,"Knoxville, TN",TN,47,Tennessee,54,1155,1148.0,-7.0,0.0,0.0,-1.0,1100-1159,15.0,1203.0,1345.0,7.0,1400,1352.0,-8.0,0.0,0.0,-1.0,1400-1459,0.0,,0.0,125.0,124.0,102.0,1.0,631.0,3,,,,,,,,,0,,,,,,,,,,,,,,,,,,,,,,,,,,,,,,,,,,,,,,,,,,,,,
2025,1,1,28,2,2025-01-28,UA,19977,UA,N877UA,1402,15096,1509602,35096,SYR,"Syracuse, NY",NY,36,New York,22,11292,1129202,30325,DEN,"Denver, CO",CO,8,Colorado,82,805,758.0,-7.0,0.0,0.0,-1.0,0800-0859,41.0,839.0,1011.0,13.0,1028,1024.0,-4.0,0.0,0.0,-1.0,1000-1059,0.0,,0.0,263.0,266.0,212.0,1.0,1492.0,6,,,,,,,,,0,,,,,,,,,,,,,,,,,,,,,,,,,,,,,,,,,,,,,,,,,,,,,
2025,1,1,4,6,2025-01-04,NK,20416,NK,N614NK,2208,10721,1072102,30721,BOS,"Boston, MA",MA,25,Massachusetts,13,13303,1330303,32467,MIA,"Miami, FL",FL,12,Florida,33,1817,1822.0,5.0,5.0,0.0,0.0,1800-1859,22.0,1844.0,2141.0,75.0,2200,2256.0,56.0,56.0,1.0,3.0,2200-2259,0.0,,0.0,223.0,274.0,177.0,1.0,1258.0,6,0.0,0.0,56.0,0.0,0.0,,,,0,,,,,,,,,,,,,,,,,,,,,,,,,,,,,,,,,,,,,,,,,,,,,
2025,1,1,21,2,2025-01-21,WN,19393,WN,N8763L,3372,13244,1324402,33244,MEM,"Memphis, TN",TN,47,Tennessee,54,12191,1219103,31453,HOU,"Houston, TX",TX,48,Texas,74,1745,,,,,,1700-1759,,,,,1940,,,,,,1900-1959,1.0,B,0.0,115.0,,,1.0,484.0,2,,,,,,,,,0,,,,,,,,,,,,,,,,,,,,,,,,,,,,,,,,,,,,,,,,,,,,,
2025,1,1,15,3,2025-01-15,OO,20304,OO,N85376,4723,14679,1467903,33570,SAN,"San Diego, CA",CA,6,California,91,12892,1289208,32575,LAX,"Los Angeles, CA",CA,6,California,91,615,610.0,-5.0,0.0,0.0,-1.0,0600-0659,26.0,636.0,700.0,12.0,719,712.0,-7.0,0.0,0.0,-1.0,0700-0759,0.0,,0.0,64.0,62.0,24.0,1.0,109.0,1,,,,,,,,,0,,,,,,,,,,,,,,,,,,,,,,,,,,,,,,,,,,,,,,,,,,,,,
2025,1,1,5,7,2025-01-05,AA,19805,AA,N963NN,2039,12953,1295304,31703,LGA,"New York, NY",NY,36,New York,22,13303,1330303,32467,MIA,"Miami, FL",FL,12,Florida,33,1101,1100.0,-1.0,0.0,0.0,-1.0,1100-1159,24.0,1124.0,1405.0,15.0,1419,1420.0,1.0,1.0,0.0,0.0,1400-1459,0.0,,0.0,198.0,200.0,161.0,1.0,1096.0,5,,,,,,,,,0,,,,,,,,,,,,,,,,,,,,,,,,,,,,,,,,,,,,,,,,,,,,,
2025,1,1,2,4,2025-01-02,YX,20452,YX,N110HQ,4426,11278,1127805,30852,DCA,"Washington, DC",VA,51,Virginia,38,10397,1039707,30397,ATL,"Atlanta, GA",GA,13,Georgia,34,819,833.0,14.0,14.0,0.0,0.0,0800-0859,27.0,900.0,1036.0,8.0,1037,1044.0,7.0,7.0,0.0,0.0,1000-1059,0.0,,0.0,138.0,131.0,96.0,1.0,547.0,3,,,,,,,,,0,,,,,,,,,,,,,,,,,,,,,,,,,,,,,,,,,,,,,,,,,,,,,
2025,1,1,21,2,2025-01-21,DL,19790,DL,N342NW,2728,14869,1486903,34614,SLC,"Salt Lake City, UT",UT,49,Utah,87,10423,1042302,30423,AUS,"Austin, TX",TX,48,Texas,74,1735,1730.0,-5.0,0.0,0.0,-1.0,1700-1759,33.0,1803.0,2111.0,6.0,2129,2117.0,-12.0,0.0,0.0,-1.0,2100-2159,0.0,,0.0,174.0,167.0,128.0,1.0,1086.0,5,,,,,,,,,0,,,,,,,,,,,,,,,,,,,,,,,,,,,,,,,,,,,,,,,,,,,,,
2025,1,1,10,5,2025-01-10,WN,19393,WN,N461WN,2284,14107,1410702,30466,PHX,"Phoenix, AZ",AZ,4,Arizona,81,13796,1379610,32457,OAK,"Oakland, CA",CA,6,California,91,1300,1258.0,-2.0,0.0,0.0,-1.0,1300-1359,10.0,1308.0,1341.0,5.0,1405,1346.0,-19.0,0.0,0.0,-2.0,1400-1459,0.0,,0.0,125.0,108.0,93.0,1.0,646.0,3,,,,,,,,,0,,,,,,,,,,,,,,,,,,,,,,,,,,,,,,,,,,,,,,,,,,,,,
2025,1,1,13,1,2025-01-13,UA,19977,UA,N4901U,503,13930,1393008,30977,ORD,"Chicago, IL",IL,17,Illinois,41,11066,1106606,31066,CMH,"Columbus, OH",OH,39,Ohio,44,1415,1427.0,12.0,12.0,0.0,0.0,1400-1459,19.0,1446.0,1632.0,7.0,1641,1639.0,-2.0,0.0,0.0,-1.0,1600-1659,0.0,,0.0,86.0,72.0,46.0,1.0,296.0,2,,,,,,,,,0,,,,,,,,,,,,,,,,,,,,,,,,,,,,,,,,,,,,,,,,,,,,,
2025,1,1,16,4,2025-01-16,AA,19805,AA,N991AU,2091,12892,1289208,32575,LAX,"Los Angeles, CA",CA,6,California,91,13204,1320402,31454,MCO,"Orlando, FL",FL,12,Florida,33,2255,2249.0,-6.0,0.0,0.0,-1.0,2200-2259,17.0,2306.0,601.0,16.0,636,617.0,-19.0,0.0,0.0,-2.0,0600-0659,0.0,,0.0,281.0,268.0,235.0,1.0,2218.0,9,,,,,,,,,0,,,,,,,,,,,,,,,,,,,,,,,,,,,,,,,,,,,,,,,,,,,,,
2025,1,1,20,1,2025-01-20,WN,19393,WN,N901WN,1550,13204,1320402,31454,MCO,"Orlando, FL",FL,12,Florida,33,11278,1127805,30852,DCA,"Washington, DC",VA,51,Virginia,38,2130,2157.0,27.0,27.0,1.0,1.0,2100-2159,14.0,2211.0,2340.0,7.0,2345,2347.0,2.0,2.0,0.0,0.0,2300-2359,0.0,,0.0,135.0,110.0,89.0,1.0,759.0,4,,,,,,,,,0,,,,,,,,,,,,,,,,,,,,,,,,,,,,,,,,,,,,,,,,,,,,,
2025,1,1,7,2,2025-01-07,AA,19805,AA,N355PU,774,13930,1393008,30977,ORD,"Chicago, IL",IL,17,Illinois,41,12953,1295304,31703,LGA,"New York, NY",NY,36,New York,22,1913,1943.0,30.0,30.0,1.0,2.0,1900-1959,10.0,1953.0,2230.0,8.0,2226,2238.0,12.0,12.0,0.0,0.0,2200-2259,0.0,,0.0,133.0,115.0,97.0,1.0,733.0,3,,,,,,,,,0,,,,,,,,,,,,,,,,,,,,,,,,,,,,,,,,,,,,,,,,,,,,,
2025,1,1,8,3,2025-01-08,WN,19393,WN,N8509U,4417,14679,1467903,33570,SAN,"San Diego, CA",CA,6,California,91,12889,1288904,32211,LAS,"Las Vegas, NV",NV,32,Nevada,85,945,945.0,0.0,0.0,0.0,0.0,0900-0959,14.0,959.0,1055.0,7.0,1110,1102.0,-8.0,0.0,0.0,-1.0,1100-1159,0.0,,0.0,85.0,77.0,56.0,1.0,258.0,2,,,,,,,,,0,,,,,,,,,,,,,,,,,,,,,,,,,,,,,,,,,,,,,,,,,,,,,
2025,1,1,22,3,2025-01-22,AA,19805,AA,N997NN,2346,13930,1393008,30977,ORD,"Chicago, IL",IL,17,Illinois,41,11298,1129806,30194,DFW,"Dallas/Fort Worth, TX",TX,48,Texas,74,1522,1538.0,16.0,16.0,1.0,1.0,1500-1559,13.0,1551.0,1759.0,15.0,1803,1814.0,11.0,11.0,0.0,0.0,1800-1859,0.0,,0.0,161.0,156.0,128.0,1.0,802.0,4,,,,,,,,,0,,,,,,,,,,,,,,,,,,,,,,,,,,,,,,,,,,,,,,,,,,,,,
2025,1,1,28,2,2025-01-28,UA,19977,UA,N27260,1445,15024,1502403,34945,STT,"Charlotte Amalie, VI",VI,78,U.S. Virgin Islands,4,12264,1226402,30852,IAD,"Washington, DC",VA,51,Virginia,38,1305,1251.0,-14.0,0.0,0.0,-1.0,1300-1359,15.0,1306.0,1557.0,7.0,1624,1604.0,-20.0,0.0,0.0,-2.0,1600-1659,0.0,,0.0,259.0,253.0,231.0,1.0,1606.0,7,,,,,,,,,0,,,,,,,,,,,,,,,,,,,,,,,,,,,,,,,,,,,,,,,,,,,,,
2025,1,1,19,7,2025-01-19,NK,20416,NK,N921NK,787,13204,1320402,31454,MCO,"Orlando, FL",FL,12,Florida,33,13198,1319801,33198,MCI,"Kansas City, MO",MO,29,Missouri,64,800,754.0,-6.0,0.0,0.0,-1.0,0800-0859,9.0,803.0,944.0,7.0,1010,951.0,-19.0,0.0,0.0,-2.0,1000-1059,0.0,,0.0,190.0,177.0,161.0,1.0,1072.0,5,,,,,,,,,0,,,,,,,,,,,,,,,,,,,,,,,,,,,,,,,,,,,,,,,,,,,,,
2025,1,1,8,3,2025-01-08,OO,20304,OO,N607SK,4947,12280,1228002,32280,IDA,"Idaho Falls, ID",ID,16,Idaho,83,14107,1410702,30466,PHX,"Phoenix, AZ",AZ,4,Arizona,81,530,525.0,-5.0,0.0,0.0,-1.0,0001-0559,53.0,618.0,745.0,4.0,745,749.0,4.0,4.0,0.0,0.0,0700-0759,0.0,,0.0,135.0,144.0,87.0,1.0,695.0,3,,,,,,,,,0,,,,,,,,,,,,,,,,,,,,,,,,,,,,,,,,,,,,,,,,,,,,,
2025,1,1,15,3,2025-01-15,WN,19393,WN,N8840Q,294,15304,1530402,33195,TPA,"Tampa, FL",FL,12,Florida,33,10821,1082106,30852,BWI,"Baltimore, MD",MD,24,Maryland,35,1300,1250.0,-10.0,0.0,0.0,-1.0,1300-1359,14.0,1304.0,1447.0,4.0,1515,1451.0,-24.0,0.0,0.0,-2.0,1500-1559,0.0,,0.0,135.0,121.0,103.0,1.0,842.0,4,,,,,,,,,0,,,,,,,,,,,,,,,,,,,,,,,,,,,,,,,,,,,,,,,,,,,,,
2025,1,1,23,4,2025-01-23,UA,19977,UA,N855UA,2125,10693,1069302,30693,BNA,"Nashville, TN",TN,47,Tennessee,54,12264,1226402,30852,IAD,"Washington, DC",VA,51,Virginia,38,1330,1332.0,2.0,2.0,0.0,0.0,1300-1359,18.0,1350.0,1600.0,8.0,1614,1608.0,-6.0,0.0,0.0,-1.0,1600-1659,0.0,,0.0,104.0,96.0,70.0,1.0,542.0,3,,,,,,,,,0,,,,,,,,,,,,,,,,,,,,,,,,,,,,,,,,,,,,,,,,,,,,,
2025,1,1,17,5,2025-01-17,NK,20416,NK,N732NK,922,11433,1143302,31295,DTW,"Detroit, MI",MI,26,Michigan,43,11298,1129806,30194,DFW,"Dallas/Fort Worth, TX",TX,48,Texas,74,2119,2146.0,27.0,27.0,1.0,1.0,2100-2159,12.0,2158.0,2319.0,5.0,2338,2324.0,-14.0,0.0,0.0,-1.0,2300-2359,0.0,,0.0,199.0,158.0,141.0,1.0,986.0,4,,,,,,,,,0,,,,,,,,,,,,,,,,,,,,,,,,,,,,,,,,,,,,,,,,,,,,,
2025,1,1,12,7,2025-01-12,UA,19977,UA,N776UA,2380,14771,1477104,32457,SFO,"San Francisco, CA",CA,6,California,91,12173,1217305,32134,HNL,"Honolulu, HI",HI,15,Hawaii,2,1115,1105.0,-10.0,0.0,0.0,-1.0,1100-1159,27.0,1132.0,1421.0,3.0,1502,1424.0,-38.0,0.0,0.0,-2.0,1500-1559,0.0,,0.0,347.0,319.0,289.0,1.0,2398.0,10,,,,,,,,,0,,,,,,,,,,,,,,,,,,,,,,,,,,,,,,,,,,,,,,,,,,,,,
2025,1,1,3,5,2025-01-03,OO,20304,OO,N602UX,5382,14771,1477104,32457,SFO,"San Francisco, CA",CA,6,California,91,10617,1061705,30617,BIH,"Bishop, CA",CA,6,California,91,1045,1122.0,37.0,37.0,1.0,2.0,1000-1059,32.0,1154.0,1233.0,6.0,1201,1239.0,38.0,38.0,1.0,2.0,1200-1259,0.0,,0.0,76.0,77.0,39.0,1.0,221.0,1,0.0,0.0,38.0,0.0,0.0,,,,0,,,,,,,,,,,,,,,,,,,,,,,,,,,,,,,,,,,,,,,,,,,,,
2025,1,1,20,1,2025-01-20,DL,19790,DL,N946DZ,1155,10693,1069302,30693,BNA,"Nashville, TN",TN,47,Tennessee,54,10397,1039707,30397,ATL,"Atlanta, GA",GA,13,Georgia,34,1124,1128.0,4.0,4.0,0.0,0.0,1100-1159,36.0,1204.0,1343.0,5.0,1334,1348.0,14.0,14.0,0.0,0.0,1300-1359,0.0,,0.0,70.0,80.0,39.0,1.0,214.0,1,,,,,,,,,0,,,,,,,,,,,,,,,,,,,,,,,,,,,,,,,,,,,,,,,,,,,,,
2025,1,1,31,5,2025-01-31,AA,19805,AA,N896NN,2878,11298,1129806,30194,DFW,"Dallas/Fort Worth, TX",TX,48,Texas,74,10423,1042302,30423,AUS,"Austin, TX",TX,48,Texas,74,1618,1712.0,54.0,54.0,1.0,3.0,1600-1659,15.0,1727.0,1805.0,3.0,1729,1808.0,39.0,39.0,1.0,2.0,1700-1759,0.0,,0.0,71.0,56.0,38.0,1.0,190.0,1,39.0,0.0,0.0,0.0,0.0,,,,0,,,,,,,,,,,,,,,,,,,,,,,,,,,,,,,,,,,,,,,,,,,,,
2025,1,1,18,6,2025-01-18,B6,20409,B6,N580JB,1142,14027,1402702,34027,PBI,"West Palm Beach/Palm Beach, FL",FL,12,Florida,33,10529,1052907,30529,BDL,"Hartford, CT",CT,9,Connecticut,11,1252,1247.0,-5.0,0.0,0.0,-1.0,1200-1259,10.0,1257.0,1518.0,23.0,1550,1541.0,-9.0,0.0,0.0,-1.0,1500-1559,0.0,,0.0,178.0,174.0,141.0,1.0,1133.0,5,,,,,,,,,0,,,,,,,,,,,,,,,,,,,,,,,,,,,,,,,,,,,,,,,,,,,,,
2025,1,1,4,6,2025-01-04,AA,19805,AA,N108UW,2070,11057,1105703,31057,CLT,"Charlotte, NC",NC,37,North Carolina,36,13244,1324402,33244,MEM,"Memphis, TN",TN,47,Tennessee,54,1309,1306.0,-3.0,0.0,0.0,-1.0,1300-1359,18.0,1324.0,1350.0,6.0,1400,1356.0,-4.0,0.0,0.0,-1.0,1400-1459,0.0,,0.0,111.0,110.0,86.0,1.0,511.0,3,,,,,,,,,0,,,,,,,,,,,,,,,,,,,,,,,,,,,,,,,,,,,,,,,,,,,,,
2025,1,1,3,5,2025-01-03,OO,20304,OO,N162PQ,3771,13487,1348702,31650,MSP,"Minneapolis, MN",MN,27,Minnesota,63,11637,1163703,31637,FAR,"Fargo, ND",ND,38,North Dakota,66,1105,1101.0,-4.0,0.0,0.0,-1.0,1100-1159,17.0,1118.0,1201.0,3.0,1234,1204.0,-30.0,0.0,0.0,-2.0,1200-1259,0.0,,0.0,89.0,63.0,43.0,1.0,223.0,1,,,,,,,,,0,,,,,,,,,,,,,,,,,,,,,,,,,,,,,,,,,,,,,,,,,,,,,
2025,1,1,22,3,2025-01-22,WN,19393,WN,N265WN,4252,14122,1412202,30198,PIT,"Pittsburgh, PA",PA,42,Pennsylvania,23,15304,1530402,33195,TPA,"Tampa, FL",FL,12,Florida,33,1820,1815.0,-5.0,0.0,0.0,-1.0,1800-1859,7.0,1822.0,2035.0,5.0,2045,2040.0,-5.0,0.0,0.0,-1.0,2000-2059,0.0,,0.0,145.0,145.0,133.0,1.0,873.0,4,,,,,,,,,0,,,,,,,,,,,,,,,,,,,,,,,,,,,,,,,,,,,,,,,,,,,,,
2025,1,1,26,7,2025-01-26,F9,20436,F9,N722FR,1261,11292,1129202,30325,DEN,"Denver, CO",CO,8,Colorado,82,13891,1389101,32575,ONT,"Ontario, CA",CA,6,California,91,854,849.0,-5.0,0.0,0.0,-1.0,0800-0859,27.0,916.0,1019.0,7.0,1027,1026.0,-1.0,0.0,0.0,-1.0,1000-1059,0.0,,0.0,153.0,157.0,123.0,1.0,819.0,4,,,,,,,,,0,,,,,,,,,,,,,,,,,,,,,,,,,,,,,,,,,,,,,,,,,,,,,
2025,1,1,9,4,2025-01-09,DL,19790,DL,N906AT,1520,11433,1143302,31295,DTW,"Detroit, MI",MI,26,Michigan,43,13930,1393008,30977,ORD,"Chicago, IL",IL,17,Illinois,41,840,834.0,-6.0,0.0,0.0,-1.0,0800-0859,16.0,850.0,835.0,13.0,916,848.0,-28.0,0.0,0.0,-2.0,0900-0959,0.0,,0.0,96.0,74.0,45.0,1.0,235.0,1,,,,,,,,,0,,,,,,,,,,,,,,,,,,,,,,,,,,,,,,,,,,,,,,,,,,,,,
2025,1,1,22,3,2025-01-22,YX,20452,YX,N135HQ,4672,11278,1127805,30852,DCA,"Washington, DC",VA,51,Virginia,38,14730,1473004,33044,SDF,"Louisville, KY",KY,21,Kentucky,52,1954,1945.0,-9.0,0.0,0.0,-1.0,1900-1959,20.0,2005.0,2133.0,9.0,2155,2142.0,-13.0,0.0,0.0,-1.0,2100-2159,0.0,,0.0,121.0,117.0,88.0,1.0,474.0,2,,,,,,,,,0,,,,,,,,,,,,,,,,,,,,,,,,,,,,,,,,,,,,,,,,,,,,,
2025,1,1,23,4,2025-01-23,MQ,20398,MQ,N744DB,3923,13076,1307605,33076,LSE,"La Crosse, WI",WI,55,Wisconsin,45,13930,1393008,30977,ORD,"Chicago, IL",IL,17,Illinois,41,600,557.0,-3.0,0.0,0.0,-1.0,0600-0659,21.0,618.0,708.0,10.0,724,718.0,-6.0,0.0,0.0,-1.0,0700-0759,0.0,,0.0,84.0,81.0,50.0,1.0,215.0,1,,,,,,,,,0,,,,,,,,,,,,,,,,,,,,,,,,,,,,,,,,,,,,,,,,,,,,,
2025,1,1,16,4,2025-01-16,OO,20304,OO,N154SY,5511,14783,1478302,34783,SGF,"Springfield, MO",MO,29,Missouri,64,11292,1129202,30325,DEN,"Denver, CO",CO,8,Colorado,82,1338,1330.0,-8.0,0.0,0.0,-1.0,1300-1359,13.0,1343.0,1418.0,9.0,1459,1427.0,-32.0,0.0,0.0,-2.0,1400-1459,0.0,,0.0,141.0,117.0,95.0,1.0,637.0,3,,,,,,,,,0,,,,,,,,,,,,,,,,,,,,,,,,,,,,,,,,,,,,,,,,,,,,,
2025,1,1,13,1,2025-01-13,YX,20452,YX,N742YX,3401,10994,1099402,30994,CHS,"Charleston, SC",SC,45,South Carolina,37,12264,1226402,30852,IAD,"Washington, DC",VA,51,Virginia,38,1441,1437.0,-4.0,0.0,0.0,-1.0,1400-1459,16.0,1453.0,1552.0,9.0,1619,1601.0,-18.0,0.0,0.0,-2.0,1600-1659,0.0,,0.0,98.0,84.0,59.0,1.0,441.0,2,,,,,,,,,0,,,,,,,,,,,,,,,,,,,,,,,,,,,,,,,,,,,,,,,,,,,,,
2025,1,1,20,1,2025-01-20,OO,20304,OO,N512SY,6322,14698,1469802,34236,SBP,"San Luis Obispo, CA",CA,6,California,91,14107,1410702,30466,PHX,"Phoenix, AZ",AZ,4,Arizona,81,600,551.0,-9.0,0.0,0.0,-1.0,0600-0659,23.0,614.0,824.0,13.0,845,837.0,-8.0,0.0,0.0,-1.0,0800-0859,0.0,,0.0,105.0,106.0,70.0,1.0,509.0,3,,,,,,,,,0,,,,,,,,,,,,,,,,,,,,,,,,,,,,,,,,,,,,,,,,,,,,,
2025,1,1,29,3,2025-01-29,MQ,20398,MQ,N221NN,3696,11298,1129806,30194,DFW,"Dallas/Fort Worth, TX",TX,48,Texas,74,11775,1177502,31775,FSD,"Sioux Falls, SD",SD,46,South Dakota,67,1456,1527.0,31.0,31.0,1.0,2.0,1400-1459,18.0,1545.0,1724.0,5.0,1702,1729.0,27.0,27.0,1.0,1.0,1700-1759,0.0,,0.0,126.0,122.0,99.0,1.0,737.0,3,27.0,0.0,0.0,0.0,0.0,,,,0,,,,,,,,,,,,,,,,,,,,,,,,,,,,,,,,,,,,,,,,,,,,,
2025,1,1,12,7,2025-01-12,WN,19393,WN,N8836Q,3776,12191,1219103,31453,HOU,"Houston, TX",TX,48,Texas,74,12953,1295304,31703,LGA,"New York, NY",NY,36,New York,22,1800,1818.0,18.0,18.0,1.0,1.0,1800-1859,11.0,1829.0,2156.0,9.0,2215,2205.0,-10.0,0.0,0.0,-1.0,2200-2259,0.0,,0.0,195.0,167.0,147.0,1.0,1428.0,6,,,,,,,,,0,,,,,,,,,,,,,,,,,,,,,,,,,,,,,,,,,,,,,,,,,,,,,
2025,1,1,13,1,2025-01-13,AS,19930,AS,N528AS,177,10299,1029906,30299,ANC,"Anchorage, AK",AK,2,Alaska,1,10170,1017004,30070,ADQ,"Kodiak, AK",AK,2,Alaska,1,1825,1834.0,9.0,9.0,0.0,0.0,1800-1859,12.0,1846.0,1926.0,3.0,1925,1929.0,4.0,4.0,0.0,0.0,1900-1959,0.0,,0.0,60.0,55.0,40.0,1.0,253.0,2,,,,,,,,,0,,,,,,,,,,,,,,,,,,,,,,,,,,,,,,,,,,,,,,,,,,,,,
2025,1,1,20,1,2025-01-20,YX,20452,YX,N418YX,4376,12953,1295304,31703,LGA,"New York, NY",NY,36,New York,22,10693,1069302,30693,BNA,"Nashville, TN",TN,47,Tennessee,54,1929,1925.0,-4.0,0.0,0.0,-1.0,1900-1959,12.0,1937.0,2109.0,18.0,2113,2127.0,14.0,14.0,0.0,0.0,2100-2159,0.0,,0.0,164.0,182.0,152.0,1.0,764.0,4,,,,,,,,,0,,,,,,,,,,,,,,,,,,,,,,,,,,,,,,,,,,,,,,,,,,,,,
2025,1,1,20,1,2025-01-20,WN,19393,WN,N7745A,1322,12191,1219103,31453,HOU,"Houston, TX",TX,48,Texas,74,12889,1288904,32211,LAS,"Las Vegas, NV",NV,32,Nevada,85,635,718.0,43.0,43.0,1.0,2.0,0600-0659,13.0,731.0,847.0,8.0,755,855.0,60.0,60.0,1.0,4.0,0700-0759,0.0,,0.0,200.0,217.0,196.0,1.0,1235.0,5,43.0,0.0,17.0,0.0,0.0,,,,0,,,,,,,,,,,,,,,,,,,,,,,,,,,,,,,,,,,,,,,,,,,,,
2025,1,1,7,2,2025-01-07,WN,19393,WN,N8822Q,849,11292,1129202,30325,DEN,"Denver, CO",CO,8,Colorado,82,11259,1125904,30194,DAL,"Dallas, TX",TX,48,Texas,74,1000,1045.0,45.0,45.0,1.0,3.0,1000-1059,41.0,1126.0,1354.0,6.0,1305,1400.0,55.0,55.0,1.0,3.0,1300-1359,0.0,,0.0,125.0,135.0,88.0,1.0,651.0,3,0.0,0.0,10.0,0.0,45.0,,,,0,,,,,,,,,,,,,,,,,,,,,,,,,,,,,,,,,,,,,,,,,,,,,
2025,1,1,3,5,2025-01-03,DL,19790,DL,N3760C,2195,12953,1295304,31703,LGA,"New York, NY",NY,36,New York,22,15304,1530402,33195,TPA,"Tampa, FL",FL,12,Florida,33,1451,1447.0,-4.0,0.0,0.0,-1.0,1400-1459,16.0,1503.0,1727.0,21.0,1750,1748.0,-2.0,0.0,0.0,-1.0,1700-1759,0.0,,0.0,179.0,181.0,144.0,1.0,1010.0,5,,,,,,,,,0,,,,,,,,,,,,,,,,,,,,,,,,,,,,,,,,,,,,,,,,,,,,,
2025,1,1,13,1,2025-01-13,B6,20409,B6,N3247J,651,10721,1072102,30721,BOS,"Boston, MA",MA,25,Massachusetts,13,13204,1320402,31454,MCO,"Orlando, FL",FL,12,Florida,33,1700,1650.0,-10.0,0.0,0.0,-1.0,1700-1759,15.0,1705.0,2006.0,14.0,2025,2020.0,-5.0,0.0,0.0,-1.0,2000-2059,0.0,,0.0,205.0,210.0,181.0,1.0,1121.0,5,,,,,,,,,0,,,,,,,,,,,,,,,,,,,,,,,,,,,,,,,,,,,,,,,,,,,,,
2025,1,1,1,3,2025-01-01,AA,19805,AA,N813NN,386,13495,1349505,33495,MSY,"New Orleans, LA",LA,22,Louisiana,72,13303,1330303,32467,MIA,"Miami, FL",FL,12,Florida,33,754,751.0,-3.0,0.0,0.0,-1.0,0700-0759,12.0,803.0,1031.0,10.0,1054,1041.0,-13.0,0.0,0.0,-1.0,1000-1059,0.0,,0.0,120.0,110.0,88.0,1.0,675.0,3,,,,,,,,,0,,,,,,,,,,,,,,,,,,,,,,,,,,,,,,,,,,,,,,,,,,,,,
2025,1,1,31,5,2025-01-31,OO,20304,OO,N133SY,5285,11977,1197705,31977,GRB,"Green Bay, WI",WI,55,Wisconsin,45,13930,1393008,30977,ORD,"Chicago, IL",IL,17,Illinois,41,630,628.0,-2.0,0.0,0.0,-1.0,0600-0659,31.0,659.0,747.0,43.0,753,830.0,37.0,37.0,1.0,2.0,0700-0759,0.0,,0.0,83.0,122.0,48.0,1.0,173.0,1,37.0,0.0,0.0,0.0,0.0,,,,0,,,,,,,,,,,,,,,,,,,,,,,,,,,,,,,,,,,,,,,,,,,,,
2025,1,1,31,5,2025-01-31,OO,20304,OO,N404SY,3454,14262,1426204,34262,PSP,"Palm Springs, CA",CA,6,California,91,14747,1474703,30559,SEA,"Seattle, WA",WA,53,Washington,93,700,653.0,-7.0,0.0,0.0,-1.0,0700-0759,13.0,706.0,941.0,9.0,1005,950.0,-15.0,0.0,0.0,-1.0,1000-1059,0.0,,0.0,185.0,177.0,155.0,1.0,987.0,4,,,,,,,,,0,,,,,,,,,,,,,,,,,,,,,,,,,,,,,,,,,,,,,,,,,,,,,
2025,1,1,19,7,2025-01-19,F9,20436,F9,N369FR,3314,14492,1449202,34492,RDU,"Raleigh/Durham, NC",NC,37,North Carolina,36,12953,1295304,31703,LGA,"New York, NY",NY,36,New York,22,818,811.0,-7.0,0.0,0.0,-1.0,0800-0859,19.0,830.0,927.0,6.0,1008,933.0,-35.0,0.0,0.0,-2.0,1000-1059,0.0,,0.0,110.0,82.0,57.0,1.0,431.0,2,,,,,,,,,0,,,,,,,,,,,,,,,,,,,,,,,,,,,,,,,,,,,,,,,,,,,,,
2025,1,1,13,1,2025-01-13,OH,20397,OH,N577NN,5398,10980,1098002,30980,CHA,"Chattanooga, TN",TN,47,Tennessee,54,11057,1105703,31057,CLT,"Charlotte, NC",NC,37,North Carolina,36,630,619.0,-11.0,0.0,0.0,-1.0,0600-0659,25.0,644.0,726.0,17.0,756,743.0,-13.0,0.0,0.0,-1.0,0700-0759,0.0,,0.0,86.0,84.0,42.0,1.0,241.0,1,,,,,,,,,0,,,,,,,,,,,,,,,,,,,,,,,,,,,,,,,,,,,,,,,,,,,,,
2025,1,1,16,4,2025-01-16,UA,19977,UA,N37342,2161,11618,1161802,31703,EWR,"Newark, NJ",NJ,34,New Jersey,21,11057,1105703,31057,CLT,"Charlotte, NC",NC,37,North Carolina,36,1858,1853.0,-5.0,0.0,0.0,-1.0,1800-1859,31.0,1924.0,2044.0,13.0,2105,2057.0,-8.0,0.0,0.0,-1.0,2100-2159,0.0,,0.0,127.0,124.0,80.0,1.0,529.0,3,,,,,,,,,0,,,,,,,,,,,,,,,,,,,,,,,,,,,,,,,,,,,,,,,,,,,,,
2025,1,1,20,1,2025-01-20,F9,20436,F9,N374FR,3292,12892,1289208,32575,LAX,"Los Angeles, CA",CA,6,California,91,12889,1288904,32211,LAS,"Las Vegas, NV",NV,32,Nevada,85,2130,2213.0,43.0,43.0,1.0,2.0,2100-2159,17.0,2230.0,2318.0,13.0,2251,2331.0,40.0,40.0,1.0,2.0,2200-2259,0.0,,0.0,81.0,78.0,48.0,1.0,236.0,1,0.0,0.0,0.0,0.0,40.0,,,,0,,,,,,,,,,,,,,,,,,,,,,,,,,,,,,,,,,,,,,,,,,,,,
2025,1,1,22,3,2025-01-22,OH,20397,OH,N559NN,5421,13367,1336707,33367,MLI,"Moline, IL",IL,17,Illinois,41,11057,1105703,31057,CLT,"Charlotte, NC",NC,37,North Carolina,36,500,,,,,,0001-0559,,,,,820,,,,,,0800-0859,1.0,B,0.0,140.0,,,1.0,674.0,3,,,,,,,,,0,,,,,,,,,,,,,,,,,,,,,,,,,,,,,,,,,,,,,,,,,,,,,
2025,1,1,26,7,2025-01-26,AA,19805,AA,N821AW,3267,11057,1105703,31057,CLT,"Charlotte, NC",NC,37,North Carolina,36,14685,1468502,34685,SAV,"Savannah, GA",GA,13,Georgia,34,2245,2230.0,-15.0,0.0,0.0,-1.0,2200-2259,29.0,2259.0,2336.0,6.0,2352,2342.0,-10.0,0.0,0.0,-1.0,2300-2359,0.0,,0.0,67.0,72.0,37.0,1.0,213.0,1,,,,,,,,,0,,,,,,,,,,,,,,,,,,,,,,,,,,,,,,,,,,,,,,,,,,,,,
2025,1,1,25,6,2025-01-25,OO,20304,OO,N603UX,5450,11109,1110902,30189,COS,"Colorado Springs, CO",CO,8,Colorado,82,11292,1129202,30325,DEN,"Denver, CO",CO,8,Colorado,82,1530,1710.0,100.0,100.0,1.0,6.0,1500-1559,53.0,1803.0,1826.0,10.0,1631,1836.0,125.0,125.0,1.0,8.0,1600-1659,0.0,,0.0,61.0,86.0,23.0,1.0,73.0,1,0.0,0.0,25.0,0.0,100.0,,,,0,,,,,,,,,,,,,,,,,,,,,,,,,,,,,,,,,,,,,,,,,,,,,
2025,1,1,28,2,2025-01-28,AA,19805,AA,N926AN,2131,13930,1393008,30977,ORD,"Chicago, IL",IL,17,Illinois,41,14679,1467903,33570,SAN,"San Diego, CA",CA,6,California,91,1005,959.0,-6.0,0.0,0.0,-1.0,1000-1059,11.0,1010.0,1150.0,3.0,1236,1153.0,-43.0,0.0,0.0,-2.0,1200-1259,0.0,,0.0,271.0,234.0,220.0,1.0,1723.0,7,,,,,,,,,0,,,,,,,,,,,,,,,,,,,,,,,,,,,,,,,,,,,,,,,,,,,,,
2025,1,1,27,1,2025-01-27,WN,19393,WN,N475WN,1221,14908,1490803,32575,SNA,"Santa Ana, CA",CA,6,California,91,14831,1483106,32457,SJC,"San Jose, CA",CA,6,California,91,1920,1909.0,-11.0,0.0,0.0,-1.0,1900-1959,9.0,1918.0,2012.0,4.0,2040,2016.0,-24.0,0.0,0.0,-2.0,2000-2059,0.0,,0.0,80.0,67.0,54.0,1.0,342.0,2,,,,,,,,,0,,,,,,,,,,,,,,,,,,,,,,,,,,,,,,,,,,,,,,,,,,,,,
2025,1,1,26,7,2025-01-26,OO,20304,OO,N504SY,6498,14570,1457002,34570,RNO,"Reno, NV",NV,32,Nevada,85,14107,1410702,30466,PHX,"Phoenix, AZ",AZ,4,Arizona,81,1915,1910.0,-5.0,0.0,0.0,-1.0,1900-1959,31.0,1941.0,2207.0,5.0,2209,2212.0,3.0,3.0,0.0,0.0,2200-2259,0.0,,0.0,114.0,122.0,86.0,1.0,601.0,3,,,,,,,,,0,,,,,,,,,,,,,,,,,,,,,,,,,,,,,,,,,,,,,,,,,,,,,
2025,1,1,18,6,2025-01-18,AA,19805,AA,N959AN,1373,13930,1393008,30977,ORD,"Chicago, IL",IL,17,Illinois,41,14683,1468305,33214,SAT,"San Antonio, TX",TX,48,Texas,74,1015,1013.0,-2.0,0.0,0.0,-1.0,1000-1059,17.0,1030.0,1306.0,5.0,1313,1311.0,-2.0,0.0,0.0,-1.0,1300-1359,0.0,,0.0,178.0,178.0,156.0,1.0,1041.0,5,,,,,,,,,0,,,,,,,,,,,,,,,,,,,,,,,,,,,,,,,,,,,,,,,,,,,,,
2025,1,1,10,5,2025-01-10,AA,19805,AA,N124AA,1804,12266,1226603,31453,IAH,"Houston, TX",TX,48,Texas,74,11057,1105703,31057,CLT,"Charlotte, NC",NC,37,North Carolina,36,1010,1058.0,48.0,48.0,1.0,3.0,1000-1059,27.0,1125.0,1402.0,9.0,1353,1411.0,18.0,18.0,1.0,1.0,1300-1359,0.0,,0.0,163.0,133.0,97.0,1.0,912.0,4,0.0,0.0,0.0,0.0,18.0,,,,0,,,,,,,,,,,,,,,,,,,,,,,,,,,,,,,,,,,,,,,,,,,,,
2025,1,1,29,3,2025-01-29,AA,19805,AA,N179UW,2379,11298,1129806,30194,DFW,"Dallas/Fort Worth, TX",TX,48,Texas,74,13204,1320402,31454,MCO,"Orlando, FL",FL,12,Florida,33,1859,1903.0,4.0,4.0,0.0,0.0,1800-1859,48.0,1951.0,2251.0,9.0,2233,2300.0,27.0,27.0,1.0,1.0,2200-2259,0.0,,0.0,154.0,177.0,120.0,1.0,985.0,4,4.0,0.0,23.0,0.0,0.0,,,,0,,,,,,,,,,,,,,,,,,,,,,,,,,,,,,,,,,,,,,,,,,,,,
2025,1,1,26,7,2025-01-26,YX,20452,YX,N213JQ,5733,12478,1247805,31703,JFK,"New York, NY",NY,36,New York,22,10721,1072102,30721,BOS,"Boston, MA",MA,25,Massachusetts,13,950,943.0,-7.0,0.0,0.0,-1.0,0900-0959,21.0,1004.0,1045.0,8.0,1110,1053.0,-17.0,0.0,0.0,-2.0,1100-1159,0.0,,0.0,80.0,70.0,41.0,1.0,187.0,1,,,,,,,,,0,,,,,,,,,,,,,,,,,,,,,,,,,,,,,,,,,,,,,,,,,,,,,
2025,1,1,4,6,2025-01-04,WN,19393,WN,N8808Q,793,14831,1483106,32457,SJC,"San Jose, CA",CA,6,California,91,14747,1474703,30559,SEA,"Seattle, WA",WA,53,Washington,93,820,830.0,10.0,10.0,0.0,0.0,0800-0859,11.0,841.0,1042.0,7.0,1035,1049.0,14.0,14.0,0.0,0.0,1000-1059,0.0,,0.0,135.0,139.0,121.0,1.0,696.0,3,,,,,,,,,0,,,,,,,,,,,,,,,,,,,,,,,,,,,,,,,,,,,,,,,,,,,,,
2025,1,1,28,2,2025-01-28,AA,19805,AA,N755US,1254,11057,1105703,31057,CLT,"Charlotte, NC",NC,37,North Carolina,36,14307,1430706,30721,PVD,"Providence, RI",RI,44,Rhode Island,15,730,723.0,-7.0,0.0,0.0,-1.0,0700-0759,12.0,735.0,906.0,4.0,929,910.0,-19.0,0.0,0.0,-2.0,0900-0959,0.0,,0.0,119.0,107.0,91.0,1.0,683.0,3,,,,,,,,,0,,,,,,,,,,,,,,,,,,,,,,,,,,,,,,,,,,,,,,,,,,,,,
2025,1,1,11,6,2025-01-11,G4,20368,G4,284NV,2465,14082,1408203,34082,PGD,"Punta Gorda, FL",FL,12,Florida,33,12917,1291703,31066,LCK,"Columbus, OH",OH,39,Ohio,44,1619,1635.0,16.0,16.0,1.0,1.0,1600-1659,12.0,1647.0,1847.0,7.0,1844,1854.0,10.0,10.0,0.0,0.0,1800-1859,0.0,,0.0,145.0,139.0,120.0,1.0,890.0,4,,,,,,,,,0,,,,,,,,,,,,,,,,,,,,,,,,,,,,,,,,,,,,,,,,,,,,,
2025,1,1,2,4,2025-01-02,WN,19393,WN,N298WN,1178,14100,1410005,34100,PHL,"Philadelphia, PA",PA,42,Pennsylvania,23,15016,1501606,31123,STL,"St. Louis, MO",MO,29,Missouri,64,725,721.0,-4.0,0.0,0.0,-1.0,0700-0759,14.0,735.0,840.0,4.0,855,844.0,-11.0,0.0,0.0,-1.0,0800-0859,0.0,,0.0,150.0,143.0,125.0,1.0,814.0,4,,,,,,,,,0,,,,,,,,,,,,,,,,,,,,,,,,,,,,,,,,,,,,,,,,,,,,,
2025,1,1,27,1,2025-01-27,WN,19393,WN,N421LV,1904,11292,1129202,30325,DEN,"Denver, CO",CO,8,Colorado,82,11540,1154005,30615,ELP,"El Paso, TX",TX,48,Texas,74,2040,2032.0,-8.0,0.0,0.0,-1.0,2000-2059,7.0,2039.0,2204.0,3.0,2230,2207.0,-23.0,0.0,0.0,-2.0,2200-2259,0.0,,0.0,110.0,95.0,85.0,1.0,563.0,3,,,,,,,,,0,,,,,,,,,,,,,,,,,,,,,,,,,,,,,,,,,,,,,,,,,,,,,
2025,1,1,3,5,2025-01-03,NK,20416,NK,N725NK,637,11697,1169706,32467,FLL,"Fort Lauderdale, FL",FL,12,Florida,33,14122,1412202,30198,PIT,"Pittsburgh, PA",PA,42,Pennsylvania,23,850,849.0,-1.0,0.0,0.0,-1.0,0800-0859,19.0,908.0,1122.0,8.0,1130,1130.0,0.0,0.0,0.0,0.0,1100-1159,0.0,,0.0,160.0,161.0,134.0,1.0,994.0,4,,,,,,,,,0,,,,,,,,,,,,,,,,,,,,,,,,,,,,,,,,,,,,,,,,,,,,,
2025,1,1,9,4,2025-01-09,UA,19977,UA,N69813,2173,10713,1071302,30713,BOI,"Boise, ID",ID,16,Idaho,83,11292,1129202,30325,DEN,"Denver, CO",CO,8,Colorado,82,1432,1441.0,9.0,9.0,0.0,0.0,1400-1459,12.0,1453.0,1623.0,11.0,1633,1634.0,1.0,1.0,0.0,0.0,1600-1659,0.0,,0.0,121.0,113.0,90.0,1.0,649.0,3,,,,,,,,,0,,,,,,,,,,,,,,,,,,,,,,,,,,,,,,,,,,,,,,,,,,,,,
2025,1,1,17,5,2025-01-17,HA,19690,HA,N370HA,30,13830,1383002,33830,OGG,"Kahului, HI",HI,15,Hawaii,2,14747,1474703,30559,SEA,"Seattle, WA",WA,53,Washington,93,1520,1514.0,-6.0,0.0,0.0,-1.0,1500-1559,11.0,1525.0,2242.0,9.0,2255,2251.0,-4.0,0.0,0.0,-1.0,2200-2259,0.0,,0.0,335.0,337.0,317.0,1.0,2640.0,11,,,,,,,,,0,,,,,,,,,,,,,,,,,,,,,,,,,,,,,,,,,,,,,,,,,,,,,
2025,1,1,22,3,2025-01-22,WN,19393,WN,N8852Q,3261,12889,1288904,32211,LAS,"Las Vegas, NV",NV,32,Nevada,85,14679,1467903,33570,SAN,"San Diego, CA",CA,6,California,91,1630,1627.0,-3.0,0.0,0.0,-1.0,1600-1659,28.0,1655.0,1738.0,3.0,1745,1741.0,-4.0,0.0,0.0,-1.0,1700-1759,0.0,,0.0,75.0,74.0,43.0,1.0,258.0,2,,,,,,,,,0,,,,,,,,,,,,,,,,,,,,,,,,,,,,,,,,,,,,,,,,,,,,,
2025,1,1,16,4,2025-01-16,NK,20416,NK,N954NK,1769,14893,1489302,33192,SMF,"Sacramento, CA",CA,6,California,91,12889,1288904,32211,LAS,"Las Vegas, NV",NV,32,Nevada,85,2100,2052.0,-8.0,0.0,0.0,-1.0,2100-2159,15.0,2107.0,2208.0,6.0,2229,2214.0,-15.0,0.0,0.0,-1.0,2200-2259,0.0,,0.0,89.0,82.0,61.0,1.0,397.0,2,,,,,,,,,0,,,,,,,,,,,,,,,,,,,,,,,,,,,,,,,,,,,,,,,,,,,,,
2025,1,1,23,4,2025-01-23,OH,20397,OH,N617NN,5592,14730,1473004,33044,SDF,"Louisville, KY",KY,21,Kentucky,52,11057,1105703,31057,CLT,"Charlotte, NC",NC,37,North Carolina,36,1800,1747.0,-13.0,0.0,0.0,-1.0,1800-1859,25.0,1812.0,1915.0,15.0,1940,1930.0,-10.0,0.0,0.0,-1.0,1900-1959,0.0,,0.0,100.0,103.0,63.0,1.0,335.0,2,,,,,,,,,0,,,,,,,,,,,,,,,,,,,,,,,,,,,,,,,,,,,,,,,,,,,,,
2025,1,1,12,7,2025-01-12,UA,19977,UA,N808UA,1225,10423,1042302,30423,AUS,"Austin, TX",TX,48,Texas,74,11292,1129202,30325,DEN,"Denver, CO",CO,8,Colorado,82,1254,1634.0,220.0,220.0,1.0,12.0,1200-1259,25.0,1659.0,1746.0,9.0,1415,1755.0,220.0,220.0,1.0,12.0,1400-1459,0.0,,0.0,141.0,141.0,107.0,1.0,775.0,4,5.0,0.0,0.0,0.0,215.0,,,,0,,,,,,,,,,,,,,,,,,,,,,,,,,,,,,,,,,,,,,,,,,,,,
2025,1,1,10,5,2025-01-10,DL,19790,DL,N900DU,442,11433,1143302,31295,DTW,"Detroit, MI",MI,26,Michigan,43,14771,1477104,32457,SFO,"San Francisco, CA",CA,6,California,91,2055,2106.0,11.0,11.0,0.0,0.0,2000-2059,54.0,2200.0,2349.0,6.0,2322,2355.0,33.0,33.0,1.0,2.0,2300-2359,0.0,,0.0,327.0,349.0,289.0,1.0,2079.0,9,0.0,0.0,22.0,0.0,11.0,,,,0,,,,,,,,,,,,,,,,,,,,,,,,,,,,,,,,,,,,,,,,,,,,,
2025,1,1,27,1,2025-01-27,AA,19805,AA,N945AN,352,11057,1105703,31057,CLT,"Charlotte, NC",NC,37,North Carolina,36,11433,1143302,31295,DTW,"Detroit, MI",MI,26,Michigan,43,1849,1857.0,8.0,8.0,0.0,0.0,1800-1859,23.0,1920.0,2040.0,10.0,2037,2050.0,13.0,13.0,0.0,0.0,2000-2059,0.0,,0.0,108.0,113.0,80.0,1.0,500.0,3,,,,,,,,,0,,,,,,,,,,,,,,,,,,,,,,,,,,,,,,,,,,,,,,,,,,,,,
2025,1,1,17,5,2025-01-17,WN,19393,WN,N968WN,1083,12892,1289208,32575,LAX,"Los Angeles, CA",CA,6,California,91,14570,1457002,34570,RNO,"Reno, NV",NV,32,Nevada,85,1320,1605.0,165.0,165.0,1.0,11.0,1300-1359,10.0,1615.0,1713.0,2.0,1450,1715.0,145.0,145.0,1.0,9.0,1400-1459,0.0,,0.0,90.0,70.0,58.0,1.0,391.0,2,145.0,0.0,0.0,0.0,0.0,,,,0,,,,,,,,,,,,,,,,,,,,,,,,,,,,,,,,,,,,,,,,,,,,,
2025,1,1,21,2,2025-01-21,WN,19393,WN,N7856A,2012,13342,1334207,33342,MKE,"Milwaukee, WI",WI,55,Wisconsin,45,15304,1530402,33195,TPA,"Tampa, FL",FL,12,Florida,33,930,936.0,6.0,6.0,0.0,0.0,0900-0959,10.0,946.0,1315.0,6.0,1325,1321.0,-4.0,0.0,0.0,-1.0,1300-1359,0.0,,0.0,175.0,165.0,149.0,1.0,1075.0,5,,,,,,,,,0,,,,,,,,,,,,,,,,,,,,,,,,,,,,,,,,,,,,,,,,,,,,,
2025,1,1,8,3,2025-01-08,OO,20304,OO,N621UX,5426,11638,1163807,31638,FAT,"Fresno, CA",CA,6,California,91,12892,1289208,32575,LAX,"Los Angeles, CA",CA,6,California,91,624,623.0,-1.0,0.0,0.0,-1.0,0600-0659,14.0,637.0,714.0,58.0,740,812.0,32.0,32.0,1.0,2.0,0700-0759,0.0,,0.0,76.0,109.0,37.0,1.0,209.0,1,32.0,0.0,0.0,0.0,0.0,,,,0,,,,,,,,,,,,,,,,,,,,,,,,,,,,,,,,,,,,,,,,,,,,,
2025,1,1,11,6,2025-01-11,AA,19805,AA,N966NN,3252,15370,1537002,34653,TUL,"Tulsa, OK",OK,40,Oklahoma,73,11298,1129806,30194,DFW,"Dallas/Fort Worth, TX",TX,48,Texas,74,600,,,,,,0600-0659,,,,,728,,,,,,0700-0759,1.0,B,0.0,88.0,,,1.0,237.0,1,,,,,,,,,0,,,,,,,,,,,,,,,,,,,,,,,,,,,,,,,,,,,,,,,,,,,,,
2025,1,1,6,1,2025-01-06,WN,19393,WN,N8717M,3291,13204,1320402,31454,MCO,"Orlando, FL",FL,12,Florida,33,10821,1082106,30852,BWI,"Baltimore, MD",MD,24,Maryland,35,1750,,,,,,1700-1759,,,,,2000,,,,,,2000-2059,1.0,B,0.0,130.0,,,1.0,787.0,4,,,,,,,,,0,,,,,,,,,,,,,,,,,,,,,,,,,,,,,,,,,,,,,,,,,,,,,
2025,1,1,20,1,2025-01-20,B6,20409,B6,N562JB,461,12953,1295304,31703,LGA,"New York, NY",NY,36,New York,22,14027,1402702,34027,PBI,"West Palm Beach/Palm Beach, FL",FL,12,Florida,33,730,722.0,-8.0,0.0,0.0,-1.0,0700-0759,27.0,749.0,1047.0,11.0,1033,1058.0,25.0,25.0,1.0,1.0,1000-1059,0.0,,0.0,183.0,216.0,178.0,1.0,1035.0,5,0.0,0.0,25.0,0.0,0.0,,,,0,,,,,,,,,,,,,,,,,,,,,,,,,,,,,,,,,,,,,,,,,,,,,
2025,1,1,13,1,2025-01-13,DL,19790,DL,N334DN,2134,14679,1467903,33570,SAN,"San Diego, CA",CA,6,California,91,13487,1348702,31650,MSP,"Minneapolis, MN",MN,27,Minnesota,63,625,612.0,-13.0,0.0,0.0,-1.0,0600-0659,29.0,641.0,1146.0,7.0,1213,1153.0,-20.0,0.0,0.0,-2.0,1200-1259,0.0,,0.0,228.0,221.0,185.0,1.0,1532.0,7,,,,,,,,,0,,,,,,,,,,,,,,,,,,,,,,,,,,,,,,,,,,,,,,,,,,,,,
2025,1,1,20,1,2025-01-20,OO,20304,OO,N613UX,5954,11292,1129202,30325,DEN,"Denver, CO",CO,8,Colorado,82,15376,1537604,30436,TUS,"Tucson, AZ",AZ,4,Arizona,81,1600,1637.0,37.0,37.0,1.0,2.0,1600-1659,18.0,1655.0,1834.0,5.0,1812,1839.0,27.0,27.0,1.0,1.0,1800-1859,0.0,,0.0,132.0,122.0,99.0,1.0,639.0,3,0.0,0.0,0.0,0.0,27.0,,,,0,,,,,,,,,,,,,,,,,,,,,,,,,,,,,,,,,,,,,,,,,,,,,
2025,1,1,12,7,2025-01-12,DL,19790,DL,N970AT,1621,11057,1105703,31057,CLT,"Charlotte, NC",NC,37,North Carolina,36,11433,1143302,31295,DTW,"Detroit, MI",MI,26,Michigan,43,1821,1848.0,27.0,27.0,1.0,1.0,1800-1859,31.0,1919.0,2035.0,8.0,2017,2043.0,26.0,26.0,1.0,1.0,2000-2059,0.0,,0.0,116.0,115.0,76.0,1.0,500.0,3,5.0,0.0,0.0,0.0,21.0,,,,0,,,,,,,,,,,,,,,,,,,,,,,,,,,,,,,,,,,,,,,,,,,,,
2025,1,1,20,1,2025-01-20,MQ,20398,MQ,N215NN,3336,14689,1468902,34689,SBA,"Santa Barbara, CA",CA,6,California,91,14107,1410702,30466,PHX,"Phoenix, AZ",AZ,4,Arizona,81,957,952.0,-5.0,0.0,0.0,-1.0,0900-0959,17.0,1009.0,1209.0,4.0,1235,1213.0,-22.0,0.0,0.0,-2.0,1200-1259,0.0,,0.0,98.0,81.0,60.0,1.0,455.0,2,,,,,,,,,0,,,,,,,,,,,,,,,,,,,,,,,,,,,,,,,,,,,,,,,,,,,,,
2025,1,1,13,1,2025-01-13,WN,19393,WN,N8539V,4367,13342,1334207,33342,MKE,"Milwaukee, WI",WI,55,Wisconsin,45,14107,1410702,30466,PHX,"Phoenix, AZ",AZ,4,Arizona,81,1625,1619.0,-6.0,0.0,0.0,-1.0,1600-1659,9.0,1628.0,1854.0,5.0,1925,1859.0,-26.0,0.0,0.0,-2.0,1900-1959,0.0,,0.0,240.0,220.0,206.0,1.0,1460.0,6,,,,,,,,,0,,,,,,,,,,,,,,,,,,,,,,,,,,,,,,,,,,,,,,,,,,,,,
2025,1,1,23,4,2025-01-23,AA,19805,AA,N4005X,2377,14683,1468305,33214,SAT,"San Antonio, TX",TX,48,Texas,74,11298,1129806,30194,DFW,"Dallas/Fort Worth, TX",TX,48,Texas,74,800,753.0,-7.0,0.0,0.0,-1.0,0800-0859,10.0,803.0,846.0,17.0,919,903.0,-16.0,0.0,0.0,-2.0,0900-0959,0.0,,0.0,79.0,70.0,43.0,1.0,247.0,1,,,,,,,,,0,,,,,,,,,,,,,,,,,,,,,,,,,,,,,,,,,,,,,,,,,,,,,
2025,1,1,27,1,2025-01-27,NK,20416,NK,N925NK,1201,13303,1330303,32467,MIA,"Miami, FL",FL,12,Florida,33,11618,1161802,31703,EWR,"Newark, NJ",NJ,34,New Jersey,21,1535,1536.0,1.0,1.0,0.0,0.0,1500-1559,21.0,1557.0,1832.0,15.0,1841,1847.0,6.0,6.0,0.0,0.0,1800-1859,0.0,,0.0,186.0,191.0,155.0,1.0,1085.0,5,,,,,,,,,0,,,,,,,,,,,,,,,,,,,,,,,,,,,,,,,,,,,,,,,,,,,,,
2025,1,1,31,5,2025-01-31,OO,20304,OO,N171SY,3337,12889,1288904,32211,LAS,"Las Vegas, NV",NV,32,Nevada,85,14679,1467903,33570,SAN,"San Diego, CA",CA,6,California,91,712,706.0,-6.0,0.0,0.0,-1.0,0700-0759,22.0,728.0,812.0,3.0,820,815.0,-5.0,0.0,0.0,-1.0,0800-0859,0.0,,0.0,68.0,69.0,44.0,1.0,258.0,2,,,,,,,,,0,,,,,,,,,,,,,,,,,,,,,,,,,,,,,,,,,,,,,,,,,,,,,
2025,1,1,30,4,2025-01-30,YX,20452,YX,N206JQ,5611,12478,1247805,31703,JFK,"New York, NY",NY,36,New York,22,12451,1245102,31136,JAX,"Jacksonville, FL",FL,12,Florida,33,1929,1924.0,-5.0,0.0,0.0,-1.0,1900-1959,18.0,1942.0,2145.0,4.0,2220,2149.0,-31.0,0.0,0.0,-2.0,2200-2259,0.0,,0.0,171.0,145.0,123.0,1.0,828.0,4,,,,,,,,,0,,,,,,,,,,,,,,,,,,,,,,,,,,,,,,,,,,,,,,,,,,,,,
2025,1,1,12,7,2025-01-12,WN,19393,WN,N428WN,1979,13158,1315805,33158,MAF,"Midland/Odessa, TX",TX,48,Texas,74,12191,1219103,31453,HOU,"Houston, TX",TX,48,Texas,74,1035,1031.0,-4.0,0.0,0.0,-1.0,1000-1059,8.0,1039.0,1140.0,3.0,1155,1143.0,-12.0,0.0,0.0,-1.0,1100-1159,0.0,,0.0,80.0,72.0,61.0,1.0,441.0,2,,,,,,,,,0,,,,,,,,,,,,,,,,,,,,,,,,,,,,,,,,,,,,,,,,,,,,,
2025,1,1,23,4,2025-01-23,WN,19393,WN,N8899H,4193,13796,1379610,32457,OAK,"Oakland, CA",CA,6,California,91,12954,1295407,32575,LGB,"Long Beach, CA",CA,6,California,91,1455,1448.0,-7.0,0.0,0.0,-1.0,1400-1459,10.0,1458.0,1559.0,4.0,1620,1603.0,-17.0,0.0,0.0,-2.0,1600-1659,0.0,,0.0,85.0,75.0,61.0,1.0,353.0,2,,,,,,,,,0,,,,,,,,,,,,,,,,,,,,,,,,,,,,,,,,,,,,,,,,,,,,,
2025,1,1,16,4,2025-01-16,OH,20397,OH,N541EA,5188,11278,1127805,30852,DCA,"Washington, DC",VA,51,Virginia,38,10257,1025702,30257,ALB,"Albany, NY",NY,36,New York,22,2207,2206.0,-1.0,0.0,0.0,-1.0,2200-2259,35.0,2241.0,2341.0,4.0,2335,2345.0,10.0,10.0,0.0,0.0,2300-2359,0.0,,0.0,88.0,99.0,60.0,1.0,318.0,2,,,,,,,,,0,,,,,,,,,,,,,,,,,,,,,,,,,,,,,,,,,,,,,,,,,,,,,
2025,1,1,16,4,2025-01-16,DL,19790,DL,N377DE,561,11638,1163807,31638,FAT,"Fresno, CA",CA,6,California,91,10397,1039707,30397,ATL,"Atlanta, GA",GA,13,Georgia,34,2230,2217.0,-13.0,0.0,0.0,-1.0,2200-2259,15.0,2232.0,523.0,3.0,544,526.0,-18.0,0.0,0.0,-2.0,0001-0559,0.0,,0.0,254.0,249.0,231.0,1.0,1997.0,8,,,,,,,,,0,,,,,,,,,,,,,,,,,,,,,,,,,,,,,,,,,,,,,,,,,,,,,
2025,1,1,7,2,2025-01-07,WN,19393,WN,N966WN,4252,14122,1412202,30198,PIT,"Pittsburgh, PA",PA,42,Pennsylvania,23,15304,1530402,33195,TPA,"Tampa, FL",FL,12,Florida,33,1820,1815.0,-5.0,0.0,0.0,-1.0,1800-1859,10.0,1825.0,2032.0,5.0,2045,2037.0,-8.0,0.0,0.0,-1.0,2000-2059,0.0,,0.0,145.0,142.0,127.0,1.0,873.0,4,,,,,,,,,0,,,,,,,,,,,,,,,,,,,,,,,,,,,,,,,,,,,,,,,,,,,,,
2025,1,1,5,7,2025-01-05,B6,20409,B6,N793JB,904,14843,1484306,34819,SJU,"San Juan, PR",PR,72,Puerto Rico,3,12478,1247805,31703,JFK,"New York, NY",NY,36,New York,22,645,650.0,5.0,5.0,0.0,0.0,0600-0659,11.0,701.0,953.0,10.0,955,1003.0,8.0,8.0,0.0,0.0,0900-0959,0.0,,0.0,250.0,253.0,232.0,1.0,1598.0,7,,,,,,,,,0,,,,,,,,,,,,,,,,,,,,,,,,,,,,,,,,,,,,,,,,,,,,,
2025,1,1,8,3,2025-01-08,DL,19790,DL,N171DZ,425,12892,1289208,32575,LAX,"Los Angeles, CA",CA,6,California,91,13830,1383002,33830,OGG,"Kahului, HI",HI,15,Hawaii,2,815,809.0,-6.0,0.0,0.0,-1.0,0800-0859,23.0,832.0,1122.0,4.0,1208,1126.0,-42.0,0.0,0.0,-2.0,1200-1259,0.0,,0.0,353.0,317.0,290.0,1.0,2486.0,10,,,,,,,,,0,,,,,,,,,,,,,,,,,,,,,,,,,,,,,,,,,,,,,,,,,,,,,
2025,1,1,8,3,2025-01-08,UA,19977,UA,N76516,295,11292,1129202,30325,DEN,"Denver, CO",CO,8,Colorado,82,11884,1188402,31884,GEG,"Spokane, WA",WA,53,Washington,93,1115,1118.0,3.0,3.0,0.0,0.0,1100-1159,16.0,1134.0,1243.0,4.0,1248,1247.0,-1.0,0.0,0.0,-1.0,1200-1259,0.0,,0.0,153.0,149.0,129.0,1.0,836.0,4,,,,,,,,,0,,,,,,,,,,,,,,,,,,,,,,,,,,,,,,,,,,,,,,,,,,,,,
2025,1,1,7,2,2025-01-07,YX,20452,YX,N431YX,4643,15096,1509602,35096,SYR,"Syracuse, NY",NY,36,New York,22,13930,1393008,30977,ORD,"Chicago, IL",IL,17,Illinois,41,1259,1252.0,-7.0,0.0,0.0,-1.0,1200-1259,31.0,1323.0,1359.0,10.0,1405,1409.0,4.0,4.0,0.0,0.0,1400-1459,0.0,,0.0,126.0,137.0,96.0,1.0,607.0,3,,,,,,,,,0,,,,,,,,,,,,,,,,,,,,,,,,,,,,,,,,,,,,,,,,,,,,,
2025,1,1,28,2,2025-01-28,DL,19790,DL,N942AT,877,10980,1098002,30980,CHA,"Chattanooga, TN",TN,47,Tennessee,54,10397,1039707,30397,ATL,"Atlanta, GA",GA,13,Georgia,34,1034,1112.0,38.0,38.0,1.0,2.0,1000-1059,10.0,1122.0,1148.0,7.0,1134,1155.0,21.0,21.0,1.0,1.0,1100-1159,0.0,,0.0,60.0,43.0,26.0,1.0,106.0,1,5.0,0.0,0.0,0.0,16.0,,,,0,,,,,,,,,,,,,,,,,,,,,,,,,,,,,,,,,,,,,,,,,,,,,
2025,1,1,17,5,2025-01-17,YX,20452,YX,N116HQ,4379,11278,1127805,30852,DCA,"Washington, DC",VA,51,Virginia,38,12478,1247805,31703,JFK,"New York, NY",NY,36,New York,22,650,645.0,-5.0,0.0,0.0,-1.0,0600-0659,27.0,712.0,757.0,6.0,818,803.0,-15.0,0.0,0.0,-1.0,0800-0859,0.0,,0.0,88.0,78.0,45.0,1.0,213.0,1,,,,,,,,,0,,,,,,,,,,,,,,,,,,,,,,,,,,,,,,,,,,,,,,,,,,,,,
2025,1,1,17,5,2025-01-17,AA,19805,AA,N306NY,1459,10423,1042302,30423,AUS,"Austin, TX",TX,48,Texas,74,12892,1289208,32575,LAX,"Los Angeles, CA",CA,6,California,91,1300,1256.0,-4.0,0.0,0.0,-1.0,1300-1359,15.0,1311.0,1415.0,11.0,1432,1426.0,-6.0,0.0,0.0,-1.0,1400-1459,0.0,,0.0,212.0,210.0,184.0,1.0,1242.0,5,,,,,,,,,0,,,,,,,,,,,,,,,,,,,,,,,,,,,,,,,,,,,,,,,,,,,,,
2025,1,1,25,6,2025-01-25,WN,19393,WN,N8564Z,3581,15304,1530402,33195,TPA,"Tampa, FL",FL,12,Florida,33,13232,1323202,30977,MDW,"Chicago, IL",IL,17,Illinois,41,1125,1123.0,-2.0,0.0,0.0,-1.0,1100-1159,16.0,1139.0,1302.0,4.0,1310,1306.0,-4.0,0.0,0.0,-1.0,1300-1359,0.0,,0.0,165.0,163.0,143.0,1.0,997.0,4,,,,,,,,,0,,,,,,,,,,,,,,,,,,,,,,,,,,,,,,,,,,,,,,,,,,,,,
2025,1,1,3,5,2025-01-03,WN,19393,WN,N8326F,3114,12173,1217305,32134,HNL,"Honolulu, HI",HI,15,Hawaii,2,13830,1383002,33830,OGG,"Kahului, HI",HI,15,Hawaii,2,1500,1448.0,-12.0,0.0,0.0,-1.0,1500-1559,20.0,1508.0,1530.0,5.0,1550,1535.0,-15.0,0.0,0.0,-1.0,1500-1559,0.0,,0.0,50.0,47.0,22.0,1.0,100.0,1,,,,,,,,,0,,,,,,,,,,,,,,,,,,,,,,,,,,,,,,,,,,,,,,,,,,,,,
2025,1,1,10,5,2025-01-10,DL,19790,DL,N934AT,703,10529,1052907,30529,BDL,"Hartford, CT",CT,9,Connecticut,11,11433,1143302,31295,DTW,"Detroit, MI",MI,26,Michigan,43,1714,,,,,,1700-1759,,,,,1919,,,,,,1900-1959,1.0,A,0.0,125.0,,,1.0,549.0,3,,,,,,,,,0,,,,,,,,,,,,,,,,,,,,,,,,,,,,,,,,,,,,,,,,,,,,,
2025,1,1,16,4,2025-01-16,OO,20304,OO,N709BR,5479,14771,1477104,32457,SFO,"San Francisco, CA",CA,6,California,91,13476,1347605,34922,MRY,"Monterey, CA",CA,6,California,91,1255,1255.0,0.0,0.0,0.0,0.0,1200-1259,16.0,1311.0,1335.0,3.0,1400,1338.0,-22.0,0.0,0.0,-2.0,1400-1459,0.0,,0.0,65.0,43.0,24.0,1.0,77.0,1,,,,,,,,,0,,,,,,,,,,,,,,,,,,,,,,,,,,,,,,,,,,,,,,,,,,,,,
2025,1,1,8,3,2025-01-08,YX,20452,YX,N407YX,4396,11278,1127805,30852,DCA,"Washington, DC",VA,51,Virginia,38,14100,1410005,34100,PHL,"Philadelphia, PA",PA,42,Pennsylvania,23,1559,1559.0,0.0,0.0,0.0,0.0,1500-1559,53.0,1652.0,1729.0,6.0,1659,1735.0,36.0,36.0,1.0,2.0,1600-1659,0.0,,0.0,60.0,96.0,37.0,1.0,119.0,1,0.0,0.0,36.0,0.0,0.0,,,,0,,,,,,,,,,,,,,,,,,,,,,,,,,,,,,,,,,,,,,,,,,,,,
2025,1,1,19,7,2025-01-19,F9,20436,F9,N399FR,4462,14100,1410005,34100,PHL,"Philadelphia, PA",PA,42,Pennsylvania,23,14843,1484306,34819,SJU,"San Juan, PR",PR,72,Puerto Rico,3,2008,2106.0,58.0,58.0,1.0,3.0,2000-2059,,,,,52,,,,,,0001-0559,1.0,B,0.0,224.0,,,1.0,1576.0,7,,,,,,2126.0,169.0,169.0,0,,,,,,,,,,,,,,,,,,,,,,,,,,,,,,,,,,,,,,,,,,,,,
2025,1,1,30,4,2025-01-30,F9,20436,F9,N706FR,3973,14107,1410702,30466,PHX,"Phoenix, AZ",AZ,4,Arizona,81,14747,1474703,30559,SEA,"Seattle, WA",WA,53,Washington,93,1446,1433.0,-13.0,0.0,0.0,-1.0,1400-1459,12.0,1445.0,1629.0,12.0,1700,1641.0,-19.0,0.0,0.0,-2.0,1700-1759,0.0,,0.0,194.0,188.0,164.0,1.0,1107.0,5,,,,,,,,,0,,,,,,,,,,,,,,,,,,,,,,,,,,,,,,,,,,,,,,,,,,,,,
2025,1,1,4,6,2025-01-04,AA,19805,AA,N771XF,3148,14107,1410702,30466,PHX,"Phoenix, AZ",AZ,4,Arizona,81,14057,1405702,34057,PDX,"Portland, OR",OR,41,Oregon,92,1531,1527.0,-4.0,0.0,0.0,-1.0,1500-1559,15.0,1542.0,1723.0,4.0,1725,1727.0,2.0,2.0,0.0,0.0,1700-1759,0.0,,0.0,174.0,180.0,161.0,1.0,1009.0,5,,,,,,,,,0,,,,,,,,,,,,,,,,,,,,,,,,,,,,,,,,,,,,,,,,,,,,,
2025,1,1,28,2,2025-01-28,AA,19805,AA,N354PT,2585,10397,1039707,30397,ATL,"Atlanta, GA",GA,13,Georgia,34,13303,1330303,32467,MIA,"Miami, FL",FL,12,Florida,33,834,831.0,-3.0,0.0,0.0,-1.0,0800-0859,35.0,906.0,1036.0,12.0,1040,1048.0,8.0,8.0,0.0,0.0,1000-1059,0.0,,0.0,126.0,137.0,90.0,1.0,594.0,3,,,,,,,,,0,,,,,,,,,,,,,,,,,,,,,,,,,,,,,,,,,,,,,,,,,,,,,
2025,1,1,27,1,2025-01-27,OO,20304,OO,N285SY,3703,14869,1486903,34614,SLC,"Salt Lake City, UT",UT,49,Utah,87,13851,1385103,33851,OKC,"Oklahoma City, OK",OK,40,Oklahoma,73,2045,2043.0,-2.0,0.0,0.0,-1.0,2000-2059,28.0,2111.0,7.0,5.0,9,12.0,3.0,3.0,0.0,0.0,0001-0559,0.0,,0.0,144.0,149.0,116.0,1.0,866.0,4,,,,,,,,,0,,,,,,,,,,,,,,,,,,,,,,,,,,,,,,,,,,,,,,,,,,,,,
2025,1,1,26,7,2025-01-26,G4,20368,G4,199NV,1367,14986,1498603,34986,SRQ,"Sarasota/Bradenton, FL",FL,12,Florida,33,13230,1323002,32070,MDT,"Harrisburg, PA",PA,42,Pennsylvania,23,1528,1523.0,-5.0,0.0,0.0,-1.0,1500-1559,21.0,1544.0,1750.0,6.0,1801,1756.0,-5.0,0.0,0.0,-1.0,1800-1859,0.0,,0.0,153.0,153.0,126.0,1.0,942.0,4,,,,,,,,,0,,,,,,,,,,,,,,,,,,,,,,,,,,,,,,,,,,,,,,,,,,,,,
2025,1,1,3,5,2025-01-03,WN,19393,WN,N8835Q,882,13204,1320402,31454,MCO,"Orlando, FL",FL,12,Florida,33,10821,1082106,30852,BWI,"Baltimore, MD",MD,24,Maryland,35,615,610.0,-5.0,0.0,0.0,-1.0,0600-0659,16.0,626.0,804.0,4.0,830,808.0,-22.0,0.0,0.0,-2.0,0800-0859,0.0,,0.0,135.0,118.0,98.0,1.0,787.0,4,,,,,,,,,0,,,,,,,,,,,,,,,,,,,,,,,,,,,,,,,,,,,,,,,,,,,,,
2025,1,1,13,1,2025-01-13,YX,20452,YX,N125HQ,4671,12478,1247805,31703,JFK,"New York, NY",NY,36,New York,22,11278,1127805,30852,DCA,"Washington, DC",VA,51,Virginia,38,1459,1449.0,-10.0,0.0,0.0,-1.0,1400-1459,17.0,1506.0,1558.0,12.0,1627,1610.0,-17.0,0.0,0.0,-2.0,1600-1659,0.0,,0.0,88.0,81.0,52.0,1.0,213.0,1,,,,,,,,,0,,,,,,,,,,,,,,,,,,,,,,,,,,,,,,,,,,,,,,,,,,,,,
2025,1,1,20,1,2025-01-20,WN,19393,WN,N435WN,3046,13198,1319801,33198,MCI,"Kansas City, MO",MO,29,Missouri,64,11292,1129202,30325,DEN,"Denver, CO",CO,8,Colorado,82,1715,1805.0,50.0,50.0,1.0,3.0,1700-1759,7.0,1812.0,1837.0,6.0,1805,1843.0,38.0,38.0,1.0,2.0,1800-1859,0.0,,0.0,110.0,98.0,85.0,1.0,533.0,3,2.0,0.0,0.0,0.0,36.0,,,,0,,,,,,,,,,,,,,,,,,,,,,,,,,,,,,,,,,,,,,,,,,,,,
2025,1,1,1,3,2025-01-01,DL,19790,DL,N387DA,1095,14869,1486903,34614,SLC,"Salt Lake City, UT",UT,49,Utah,87,12892,1289208,32575,LAX,"Los Angeles, CA",CA,6,California,91,935,928.0,-7.0,0.0,0.0,-1.0,0900-0959,23.0,951.0,1021.0,5.0,1040,1026.0,-14.0,0.0,0.0,-1.0,1000-1059,0.0,,0.0,125.0,118.0,90.0,1.0,590.0,3,,,,,,,,,0,,,,,,,,,,,,,,,,,,,,,,,,,,,,,,,,,,,,,,,,,,,,,
2025,1,1,19,7,2025-01-19,DL,19790,DL,N330NW,920,14869,1486903,34614,SLC,"Salt Lake City, UT",UT,49,Utah,87,14771,1477104,32457,SFO,"San Francisco, CA",CA,6,California,91,815,830.0,15.0,15.0,1.0,1.0,0800-0859,13.0,843.0,922.0,5.0,935,927.0,-8.0,0.0,0.0,-1.0,0900-0959,0.0,,0.0,140.0,117.0,99.0,1.0,599.0,3,,,,,,,,,0,,,,,,,,,,,,,,,,,,,,,,,,,,,,,,,,,,,,,,,,,,,,,
2025,1,1,18,6,2025-01-18,UA,19977,UA,N876UA,696,14683,1468305,33214,SAT,"San Antonio, TX",TX,48,Texas,74,11292,1129202,30325,DEN,"Denver, CO",CO,8,Colorado,82,1650,1640.0,-10.0,0.0,0.0,-1.0,1600-1659,13.0,1653.0,1755.0,22.0,1814,1817.0,3.0,3.0,0.0,0.0,1800-1859,0.0,,0.0,144.0,157.0,122.0,1.0,794.0,4,,,,,,,,,0,,,,,,,,,,,,,,,,,,,,,,,,,,,,,,,,,,,,,,,,,,,,,
2025,1,1,2,4,2025-01-02,AS,19930,AS,N615AS,67,12819,1281902,31401,KTN,"Ketchikan, AK",AK,2,Alaska,1,14828,1482805,34828,SIT,"Sitka, AK",AK,2,Alaska,1,1727,1733.0,6.0,6.0,0.0,0.0,1700-1759,14.0,1747.0,1823.0,4.0,1827,1827.0,0.0,0.0,0.0,0.0,1800-1859,0.0,,0.0,60.0,54.0,36.0,1.0,183.0,1,,,,,,,,,0,,,,,,,,,,,,,,,,,,,,,,,,,,,,,,,,,,,,,,,,,,,,,
2025,1,1,15,3,2025-01-15,UA,19977,UA,N37318,626,13204,1320402,31454,MCO,"Orlando, FL",FL,12,Florida,33,14771,1477104,32457,SFO,"San Francisco, CA",CA,6,California,91,823,818.0,-5.0,0.0,0.0,-1.0,0800-0859,16.0,834.0,1101.0,10.0,1137,1111.0,-26.0,0.0,0.0,-2.0,1100-1159,0.0,,0.0,374.0,353.0,327.0,1.0,2446.0,10,,,,,,,,,0,,,,,,,,,,,,,,,,,,,,,,,,,,,,,,,,,,,,,,,,,,,,,
2025,1,1,2,4,2025-01-02,MQ,20398,MQ,N783LC,3642,11298,1129806,30194,DFW,"Dallas/Fort Worth, TX",TX,48,Texas,74,12992,1299206,32600,LIT,"Little Rock, AR",AR,5,Arkansas,71,1015,1024.0,9.0,9.0,0.0,0.0,1000-1059,27.0,1051.0,1139.0,4.0,1144,1143.0,-1.0,0.0,0.0,-1.0,1100-1159,0.0,,0.0,89.0,79.0,48.0,1.0,304.0,2,,,,,,,,,0,,,,,,,,,,,,,,,,,,,,,,,,,,,,,,,,,,,,,,,,,,,,,
2025,1,1,28,2,2025-01-28,WN,19393,WN,N410WN,2917,14679,1467903,33570,SAN,"San Diego, CA",CA,6,California,91,14893,1489302,33192,SMF,"Sacramento, CA",CA,6,California,91,730,726.0,-4.0,0.0,0.0,-1.0,0700-0759,18.0,744.0,853.0,3.0,910,856.0,-14.0,0.0,0.0,-1.0,0900-0959,0.0,,0.0,100.0,90.0,69.0,1.0,480.0,2,,,,,,,,,0,,,,,,,,,,,,,,,,,,,,,,,,,,,,,,,,,,,,,,,,,,,,,
2025,1,1,20,1,2025-01-20,WN,19393,WN,N936WN,2922,11193,1119302,33105,CVG,"Cincinnati, OH",KY,21,Kentucky,52,10693,1069302,30693,BNA,"Nashville, TN",TN,47,Tennessee,54,1315,1315.0,0.0,0.0,0.0,0.0,1300-1359,9.0,1324.0,1310.0,12.0,1320,1322.0,2.0,2.0,0.0,0.0,1300-1359,0.0,,0.0,65.0,67.0,46.0,1.0,230.0,1,,,,,,,,,0,,,,,,,,,,,,,,,,,,,,,,,,,,,,,,,,,,,,,,,,,,,,,
2025,1,1,25,6,2025-01-25,WN,19393,WN,N8642E,984,11540,1154005,30615,ELP,"El Paso, TX",TX,48,Texas,74,12889,1288904,32211,LAS,"Las Vegas, NV",NV,32,Nevada,85,1405,1405.0,0.0,0.0,0.0,0.0,1400-1459,13.0,1418.0,1447.0,3.0,1500,1450.0,-10.0,0.0,0.0,-1.0,1500-1559,0.0,,0.0,115.0,105.0,89.0,1.0,583.0,3,,,,,,,,,0,,,,,,,,,,,,,,,,,,,,,,,,,,,,,,,,,,,,,,,,,,,,,
2025,1,1,27,1,2025-01-27,WN,19393,WN,N8657B,1959,15304,1530402,33195,TPA,"Tampa, FL",FL,12,Florida,33,10693,1069302,30693,BNA,"Nashville, TN",TN,47,Tennessee,54,1535,1529.0,-6.0,0.0,0.0,-1.0,1500-1559,9.0,1538.0,1619.0,5.0,1635,1624.0,-11.0,0.0,0.0,-1.0,1600-1659,0.0,,0.0,120.0,115.0,101.0,1.0,612.0,3,,,,,,,,,0,,,,,,,,,,,,,,,,,,,,,,,,,,,,,,,,,,,,,,,,,,,,,
2025,1,1,19,7,2025-01-19,DL,19790,DL,N383DN,2449,14107,1410702,30466,PHX,"Phoenix, AZ",AZ,4,Arizona,81,14747,1474703,30559,SEA,"Seattle, WA",WA,53,Washington,93,1700,1656.0,-4.0,0.0,0.0,-1.0,1700-1759,14.0,1710.0,1901.0,18.0,1915,1919.0,4.0,4.0,0.0,0.0,1900-1959,0.0,,0.0,195.0,203.0,171.0,1.0,1107.0,5,,,,,,,,,0,,,,,,,,,,,,,,,,,,,,,,,,,,,,,,,,,,,,,,,,,,,,,
2025,1,1,29,3,2025-01-29,MQ,20398,MQ,N312BT,3777,13303,1330303,32467,MIA,"Miami, FL",FL,12,Florida,33,14193,1419306,33728,PNS,"Pensacola, FL",FL,12,Florida,33,2050,2047.0,-3.0,0.0,0.0,-1.0,2000-2059,22.0,2109.0,2142.0,6.0,2149,2148.0,-1.0,0.0,0.0,-1.0,2100-2159,0.0,,0.0,119.0,121.0,93.0,1.0,530.0,3,,,,,,,,,0,,,,,,,,,,,,,,,,,,,,,,,,,,,,,,,,,,,,,,,,,,,,,
2025,1,1,6,1,2025-01-06,UA,19977,UA,N77571,2664,12264,1226402,30852,IAD,"Washington, DC",VA,51,Virginia,38,12889,1288904,32211,LAS,"Las Vegas, NV",NV,32,Nevada,85,2205,29.0,144.0,144.0,1.0,9.0,2200-2259,42.0,111.0,239.0,5.0,28,244.0,136.0,136.0,1.0,9.0,0001-0559,0.0,,0.0,323.0,315.0,268.0,1.0,2065.0,9,0.0,136.0,0.0,0.0,0.0,,,,0,,,,,,,,,,,,,,,,,,,,,,,,,,,,,,,,,,,,,,,,,,,,,
2025,1,1,30,4,2025-01-30,OO,20304,OO,N710EV,4314,13487,1348702,31650,MSP,"Minneapolis, MN",MN,27,Minnesota,63,13459,1345904,33459,MQT,"Marquette, MI",MI,26,Michigan,43,1010,1003.0,-7.0,0.0,0.0,-1.0,1000-1059,21.0,1024.0,1210.0,4.0,1235,1214.0,-21.0,0.0,0.0,-2.0,1200-1259,0.0,,0.0,85.0,71.0,46.0,1.0,300.0,2,,,,,,,,,0,,,,,,,,,,,,,,,,,,,,,,,,,,,,,,,,,,,,,,,,,,,,,
2025,1,1,22,3,2025-01-22,DL,19790,DL,N943AT,1248,11953,1195302,31953,GNV,"Gainesville, FL",FL,12,Florida,33,10397,1039707,30397,ATL,"Atlanta, GA",GA,13,Georgia,34,800,,,,,,0800-0859,,,,,926,,,,,,0900-0959,1.0,B,0.0,86.0,,,1.0,300.0,2,,,,,,,,,0,,,,,,,,,,,,,,,,,,,,,,,,,,,,,,,,,,,,,,,,,,,,,
2025,1,1,25,6,2025-01-25,YX,20452,YX,N753YX,3586,11618,1161802,31703,EWR,"Newark, NJ",NJ,34,New Jersey,21,12339,1233904,32337,IND,"Indianapolis, IN",IN,18,Indiana,42,929,921.0,-8.0,0.0,0.0,-1.0,0900-0959,14.0,935.0,1127.0,7.0,1152,1134.0,-18.0,0.0,0.0,-2.0,1100-1159,0.0,,0.0,143.0,133.0,112.0,1.0,645.0,3,,,,,,,,,0,,,,,,,,,,,,,,,,,,,,,,,,,,,,,,,,,,,,,,,,,,,,,
2025,1,1,28,2,2025-01-28,WN,19393,WN,N1804U,1799,12206,1220605,32206,HRL,"Harlingen/San Benito, TX",TX,48,Texas,74,10423,1042302,30423,AUS,"Austin, TX",TX,48,Texas,74,1730,1720.0,-10.0,0.0,0.0,-1.0,1700-1759,9.0,1729.0,1821.0,6.0,1840,1827.0,-13.0,0.0,0.0,-1.0,1800-1859,0.0,,0.0,70.0,67.0,52.0,1.0,273.0,2,,,,,,,,,0,,,,,,,,,,,,,,,,,,,,,,,,,,,,,,,,,,,,,,,,,,,,,
2025,1,1,11,6,2025-01-11,WN,19393,WN,N917WN,1358,14100,1410005,34100,PHL,"Philadelphia, PA",PA,42,Pennsylvania,23,15304,1530402,33195,TPA,"Tampa, FL",FL,12,Florida,33,815,805.0,-10.0,0.0,0.0,-1.0,0800-0859,43.0,848.0,1111.0,4.0,1100,1115.0,15.0,15.0,1.0,1.0,1100-1159,0.0,,0.0,165.0,190.0,143.0,1.0,920.0,4,0.0,0.0,15.0,0.0,0.0,,,,0,,,,,,,,,,,,,,,,,,,,,,,,,,,,,,,,,,,,,,,,,,,,,
2025,1,1,13,1,2025-01-13,MQ,20398,MQ,N262NN,3582,11111,1111106,32474,COU,"Columbia, MO",MO,29,Missouri,64,11298,1129806,30194,DFW,"Dallas/Fort Worth, TX",TX,48,Texas,74,1206,1207.0,1.0,1.0,0.0,0.0,1200-1259,17.0,1224.0,1352.0,21.0,1358,1413.0,15.0,15.0,1.0,1.0,1300-1359,0.0,,0.0,112.0,126.0,88.0,1.0,490.0,2,1.0,0.0,14.0,0.0,0.0,,,,0,,,,,,,,,,,,,,,,,,,,,,,,,,,,,,,,,,,,,,,,,,,,,
2025,1,1,19,7,2025-01-19,WN,19393,WN,N458WN,2177,14122,1412202,30198,PIT,"Pittsburgh, PA",PA,42,Pennsylvania,23,15016,1501606,31123,STL,"St. Louis, MO",MO,29,Missouri,64,915,955.0,40.0,40.0,1.0,2.0,0900-0959,38.0,1033.0,1059.0,4.0,1015,1103.0,48.0,48.0,1.0,3.0,1000-1059,0.0,,0.0,120.0,128.0,86.0,1.0,554.0,3,40.0,0.0,8.0,0.0,0.0,,,,0,,,,,,,,,,,,,,,,,,,,,,,,,,,,,,,,,,,,,,,,,,,,,
2025,1,1,19,7,2025-01-19,YX,20452,YX,N107HQ,4453,13930,1393008,30977,ORD,"Chicago, IL",IL,17,Illinois,41,11986,1198603,31986,GRR,"Grand Rapids, MI",MI,26,Michigan,43,955,949.0,-6.0,0.0,0.0,-1.0,0900-0959,25.0,1014.0,1149.0,4.0,1202,1153.0,-9.0,0.0,0.0,-1.0,1200-1259,0.0,,0.0,67.0,64.0,35.0,1.0,137.0,1,,,,,,,,,0,,,,,,,,,,,,,,,,,,,,,,,,,,,,,,,,,,,,,,,,,,,,,
2025,1,1,26,7,2025-01-26,WN,19393,WN,N443WN,1245,13796,1379610,32457,OAK,"Oakland, CA",CA,6,California,91,10800,1080003,32575,BUR,"Burbank, CA",CA,6,California,91,1350,1357.0,7.0,7.0,0.0,0.0,1300-1359,8.0,1405.0,1457.0,3.0,1505,1500.0,-5.0,0.0,0.0,-1.0,1500-1559,0.0,,0.0,75.0,63.0,52.0,1.0,325.0,2,,,,,,,,,0,,,,,,,,,,,,,,,,,,,,,,,,,,,,,,,,,,,,,,,,,,,,,
2025,1,1,4,6,2025-01-04,B6,20409,B6,N3203J,281,12478,1247805,31703,JFK,"New York, NY",NY,36,New York,22,12266,1226603,31453,IAH,"Houston, TX",TX,48,Texas,74,800,803.0,3.0,3.0,0.0,0.0,0800-0859,23.0,826.0,1055.0,10.0,1110,1105.0,-5.0,0.0,0.0,-1.0,1100-1159,0.0,,0.0,250.0,242.0,209.0,1.0,1417.0,6,,,,,,,,,0,,,,,,,,,,,,,,,,,,,,,,,,,,,,,,,,,,,,,,,,,,,,,
2025,1,1,30,4,2025-01-30,AA,19805,AA,N955NN,1170,13204,1320402,31454,MCO,"Orlando, FL",FL,12,Florida,33,11278,1127805,30852,DCA,"Washington, DC",VA,51,Virginia,38,1525,,,,,,1500-1559,,,,,1735,,,,,,1700-1759,1.0,A,0.0,130.0,,,1.0,759.0,4,,,,,,,,,0,,,,,,,,,,,,,,,,,,,,,,,,,,,,,,,,,,,,,,,,,,,,,
2025,1,1,4,6,2025-01-04,OO,20304,OO,N183SY,3358,14057,1405702,34057,PDX,"Portland, OR",OR,41,Oregon,92,14747,1474703,30559,SEA,"Seattle, WA",WA,53,Washington,93,1531,1530.0,-1.0,0.0,0.0,-1.0,1500-1559,9.0,1539.0,1611.0,19.0,1636,1630.0,-6.0,0.0,0.0,-1.0,1600-1659,0.0,,0.0,65.0,60.0,32.0,1.0,129.0,1,,,,,,,,,0,,,,,,,,,,,,,,,,,,,,,,,,,,,,,,,,,,,,,,,,,,,,,
2025,1,1,26,7,2025-01-26,WN,19393,WN,N8841L,1361,13232,1323202,30977,MDW,"Chicago, IL",IL,17,Illinois,41,12889,1288904,32211,LAS,"Las Vegas, NV",NV,32,Nevada,85,2115,2107.0,-8.0,0.0,0.0,-1.0,2100-2159,13.0,2120.0,2247.0,6.0,2320,2253.0,-27.0,0.0,0.0,-2.0,2300-2359,0.0,,0.0,245.0,226.0,207.0,1.0,1521.0,7,,,,,,,,,0,,,,,,,,,,,,,,,,,,,,,,,,,,,,,,,,,,,,,,,,,,,,,
2025,1,1,30,4,2025-01-30,WN,19393,WN,N8572X,552,15016,1501606,31123,STL,"St. Louis, MO",MO,29,Missouri,64,12892,1289208,32575,LAX,"Los Angeles, CA",CA,6,California,91,955,956.0,1.0,1.0,0.0,0.0,0900-0959,10.0,1006.0,1135.0,6.0,1215,1141.0,-34.0,0.0,0.0,-2.0,1200-1259,0.0,,0.0,260.0,225.0,209.0,1.0,1592.0,7,,,,,,,,,0,,,,,,,,,,,,,,,,,,,,,,,,,,,,,,,,,,,,,,,,,,,,,
2025,1,1,14,2,2025-01-14,B6,20409,B6,N834JB,598,13204,1320402,31454,MCO,"Orlando, FL",FL,12,Florida,33,12953,1295304,31703,LGA,"New York, NY",NY,36,New York,22,1010,1011.0,1.0,1.0,0.0,0.0,1000-1059,19.0,1030.0,1222.0,8.0,1250,1230.0,-20.0,0.0,0.0,-2.0,1200-1259,0.0,,0.0,160.0,139.0,112.0,1.0,950.0,4,,,,,,,,,0,,,,,,,,,,,,,,,,,,,,,,,,,,,,,,,,,,,,,,,,,,,,,
2025,1,1,20,1,2025-01-20,DL,19790,DL,N548US,1048,13487,1348702,31650,MSP,"Minneapolis, MN",MN,27,Minnesota,63,10397,1039707,30397,ATL,"Atlanta, GA",GA,13,Georgia,34,1256,1305.0,9.0,9.0,0.0,0.0,1200-1259,26.0,1331.0,1628.0,7.0,1623,1635.0,12.0,12.0,0.0,0.0,1600-1659,0.0,,0.0,147.0,150.0,117.0,1.0,907.0,4,,,,,,,,,0,,,,,,,,,,,,,,,,,,,,,,,,,,,,,,,,,,,,,,,,,,,,,
2025,1,1,2,4,2025-01-02,OO,20304,OO,N830SK,3610,11433,1143302,31295,DTW,"Detroit, MI",MI,26,Michigan,43,10599,1059904,30599,BHM,"Birmingham, AL",AL,1,Alabama,51,1010,1007.0,-3.0,0.0,0.0,-1.0,1000-1059,50.0,1057.0,1130.0,6.0,1118,1136.0,18.0,18.0,1.0,1.0,1100-1159,0.0,,0.0,128.0,149.0,93.0,1.0,625.0,3,18.0,0.0,0.0,0.0,0.0,,,,0,,,,,,,,,,,,,,,,,,,,,,,,,,,,,,,,,,,,,,,,,,,,,
2025,1,1,27,1,2025-01-27,NK,20416,NK,N634NK,294,12889,1288904,32211,LAS,"Las Vegas, NV",NV,32,Nevada,85,14679,1467903,33570,SAN,"San Diego, CA",CA,6,California,91,745,743.0,-2.0,0.0,0.0,-1.0,0700-0759,11.0,754.0,842.0,3.0,858,845.0,-13.0,0.0,0.0,-1.0,0800-0859,0.0,,0.0,73.0,62.0,48.0,1.0,258.0,2,,,,,,,,,0,,,,,,,,,,,,,,,,,,,,,,,,,,,,,,,,,,,,,,,,,,,,,
2025,1,1,21,2,2025-01-21,UA,19977,UA,N446UA,1649,11292,1129202,30325,DEN,"Denver, CO",CO,8,Colorado,82,11433,1143302,31295,DTW,"Detroit, MI",MI,26,Michigan,43,1720,1729.0,9.0,9.0,0.0,0.0,1700-1759,12.0,1741.0,2200.0,9.0,2215,2209.0,-6.0,0.0,0.0,-1.0,2200-2259,0.0,,0.0,175.0,160.0,139.0,1.0,1123.0,5,,,,,,,,,0,,,,,,,,,,,,,,,,,,,,,,,,,,,,,,,,,,,,,,,,,,,,,
2025,1,1,18,6,2025-01-18,UA,19977,UA,N418UA,251,14771,1477104,32457,SFO,"San Francisco, CA",CA,6,California,91,13891,1389101,32575,ONT,"Ontario, CA",CA,6,California,91,1650,1647.0,-3.0,0.0,0.0,-1.0,1600-1659,12.0,1659.0,1755.0,2.0,1819,1757.0,-22.0,0.0,0.0,-2.0,1800-1859,0.0,,0.0,89.0,70.0,56.0,1.0,363.0,2,,,,,,,,,0,,,,,,,,,,,,,,,,,,,,,,,,,,,,,,,,,,,,,,,,,,,,,
2025,1,1,15,3,2025-01-15,OO,20304,OO,N110SY,5441,12003,1200305,31895,GTF,"Great Falls, MT",MT,30,Montana,84,11292,1129202,30325,DEN,"Denver, CO",CO,8,Colorado,82,1420,1414.0,-6.0,0.0,0.0,-1.0,1400-1459,15.0,1429.0,1550.0,11.0,1626,1601.0,-25.0,0.0,0.0,-2.0,1600-1659,0.0,,0.0,126.0,107.0,81.0,1.0,623.0,3,,,,,,,,,0,,,,,,,,,,,,,,,,,,,,,,,,,,,,,,,,,,,,,,,,,,,,,
2025,1,1,22,3,2025-01-22,WN,19393,WN,N459WN,3963,11259,1125904,30194,DAL,"Dallas, TX",TX,48,Texas,74,13204,1320402,31454,MCO,"Orlando, FL",FL,12,Florida,33,1650,1648.0,-2.0,0.0,0.0,-1.0,1600-1659,9.0,1657.0,2000.0,7.0,2015,2007.0,-8.0,0.0,0.0,-1.0,2000-2059,0.0,,0.0,145.0,139.0,123.0,1.0,973.0,4,,,,,,,,,0,,,,,,,,,,,,,,,,,,,,,,,,,,,,,,,,,,,,,,,,,,,,,
2025,1,1,25,6,2025-01-25,AA,19805,AA,N775XF,1446,11057,1105703,31057,CLT,"Charlotte, NC",NC,37,North Carolina,36,10529,1052907,30529,BDL,"Hartford, CT",CT,9,Connecticut,11,1446,1444.0,-2.0,0.0,0.0,-1.0,1400-1459,24.0,1508.0,1635.0,4.0,1640,1639.0,-1.0,0.0,0.0,-1.0,1600-1659,0.0,,0.0,114.0,115.0,87.0,1.0,644.0,3,,,,,,,,,0,,,,,,,,,,,,,,,,,,,,,,,,,,,,,,,,,,,,,,,,,,,,,
2025,1,1,21,2,2025-01-21,WN,19393,WN,N8659D,4291,14107,1410702,30466,PHX,"Phoenix, AZ",AZ,4,Arizona,81,12264,1226402,30852,IAD,"Washington, DC",VA,51,Virginia,38,1100,1112.0,12.0,12.0,0.0,0.0,1100-1159,11.0,1123.0,1703.0,5.0,1705,1708.0,3.0,3.0,0.0,0.0,1700-1759,0.0,,0.0,245.0,236.0,220.0,1.0,1956.0,8,,,,,,,,,0,,,,,,,,,,,,,,,,,,,,,,,,,,,,,,,,,,,,,,,,,,,,,
2025,1,1,3,5,2025-01-03,AA,19805,AA,N970NN,1441,14100,1410005,34100,PHL,"Philadelphia, PA",PA,42,Pennsylvania,23,15304,1530402,33195,TPA,"Tampa, FL",FL,12,Florida,33,1550,1548.0,-2.0,0.0,0.0,-1.0,1500-1559,17.0,1605.0,1820.0,4.0,1839,1824.0,-15.0,0.0,0.0,-1.0,1800-1859,0.0,,0.0,169.0,156.0,135.0,1.0,920.0,4,,,,,,,,,0,,,,,,,,,,,,,,,,,,,,,,,,,,,,,,,,,,,,,,,,,,,,,
2025,1,1,28,2,2025-01-28,WN,19393,WN,N8556Z,2531,14570,1457002,34570,RNO,"Reno, NV",NV,32,Nevada,85,14107,1410702,30466,PHX,"Phoenix, AZ",AZ,4,Arizona,81,1455,1451.0,-4.0,0.0,0.0,-1.0,1400-1459,7.0,1458.0,1720.0,4.0,1745,1724.0,-21.0,0.0,0.0,-2.0,1700-1759,0.0,,0.0,110.0,93.0,82.0,1.0,601.0,3,,,,,,,,,0,,,,,,,,,,,,,,,,,,,,,,,,,,,,,,,,,,,,,,,,,,,,,
2025,1,1,28,2,2025-01-28,MQ,20398,MQ,N242NN,3896,11298,1129806,30194,DFW,"Dallas/Fort Worth, TX",TX,48,Texas,74,15919,1591905,31834,XNA,"Fayetteville, AR",AR,5,Arkansas,71,1438,1432.0,-6.0,0.0,0.0,-1.0,1400-1459,13.0,1445.0,1531.0,4.0,1551,1535.0,-16.0,0.0,0.0,-2.0,1500-1559,0.0,,0.0,73.0,63.0,46.0,1.0,280.0,2,,,,,,,,,0,,,,,,,,,,,,,,,,,,,,,,,,,,,,,,,,,,,,,,,,,,,,,
2025,1,1,14,2,2025-01-14,DL,19790,DL,N347DN,2165,11697,1169706,32467,FLL,"Fort Lauderdale, FL",FL,12,Florida,33,12478,1247805,31703,JFK,"New York, NY",NY,36,New York,22,720,716.0,-4.0,0.0,0.0,-1.0,0700-0759,17.0,733.0,946.0,7.0,1012,953.0,-19.0,0.0,0.0,-2.0,1000-1059,0.0,,0.0,172.0,157.0,133.0,1.0,1069.0,5,,,,,,,,,0,,,,,,,,,,,,,,,,,,,,,,,,,,,,,,,,,,,,,,,,,,,,,
2025,1,1,21,2,2025-01-21,F9,20436,F9,N711FR,1166,14100,1410005,34100,PHL,"Philadelphia, PA",PA,42,Pennsylvania,23,14843,1484306,34819,SJU,"San Juan, PR",PR,72,Puerto Rico,3,1657,1822.0,85.0,85.0,1.0,5.0,1600-1659,16.0,1838.0,2335.0,6.0,2141,2341.0,120.0,120.0,1.0,8.0,2100-2159,0.0,,0.0,224.0,259.0,237.0,1.0,1576.0,7,85.0,0.0,35.0,0.0,0.0,,,,0,,,,,,,,,,,,,,,,,,,,,,,,,,,,,,,,,,,,,,,,,,,,,
2025,1,1,5,7,2025-01-05,OO,20304,OO,N614SK,6431,11905,1190502,31905,GGG,"Longview, TX",TX,48,Texas,74,11298,1129806,30194,DFW,"Dallas/Fort Worth, TX",TX,48,Texas,74,1428,2001.0,333.0,333.0,1.0,12.0,1400-1459,10.0,2011.0,2045.0,20.0,1538,2105.0,327.0,327.0,1.0,12.0,1500-1559,0.0,,0.0,70.0,64.0,34.0,1.0,140.0,1,0.0,0.0,327.0,0.0,0.0,1733.0,61.0,61.0,0,,,,,,,,,,,,,,,,,,,,,,,,,,,,,,,,,,,,,,,,,,,,,
2025,1,1,14,2,2025-01-14,UA,19977,UA,N61887,1640,13930,1393008,30977,ORD,"Chicago, IL",IL,17,Illinois,41,14107,1410702,30466,PHX,"Phoenix, AZ",AZ,4,Arizona,81,1110,1110.0,0.0,0.0,0.0,0.0,1100-1159,41.0,1151.0,1409.0,2.0,1415,1411.0,-4.0,0.0,0.0,-1.0,1400-1459,0.0,,0.0,245.0,241.0,198.0,1.0,1440.0,6,,,,,,,,,0,,,,,,,,,,,,,,,,,,,,,,,,,,,,,,,,,,,,,,,,,,,,,
2025,1,1,8,3,2025-01-08,OO,20304,OO,N621UX,5249,14679,1467903,33570,SAN,"San Diego, CA",CA,6,California,91,12892,1289208,32575,LAX,"Los Angeles, CA",CA,6,California,91,1015,1043.0,28.0,28.0,1.0,1.0,1000-1059,56.0,1139.0,1216.0,11.0,1119,1227.0,68.0,68.0,1.0,4.0,1100-1159,0.0,,0.0,64.0,104.0,37.0,1.0,109.0,1,0.0,0.0,40.0,0.0,28.0,,,,0,,,,,,,,,,,,,,,,,,,,,,,,,,,,,,,,,,,,,,,,,,,,,
2025,1,1,8,3,2025-01-08,YX,20452,YX,N206JQ,5699,12478,1247805,31703,JFK,"New York, NY",NY,36,New York,22,11278,1127805,30852,DCA,"Washington, DC",VA,51,Virginia,38,1628,1646.0,18.0,18.0,1.0,1.0,1600-1659,37.0,1723.0,1812.0,4.0,1800,1816.0,16.0,16.0,1.0,1.0,1800-1859,0.0,,0.0,92.0,90.0,49.0,1.0,213.0,1,0.0,0.0,0.0,0.0,16.0,,,,0,,,,,,,,,,,,,,,,,,,,,,,,,,,,,,,,,,,,,,,,,,,,,
2025,1,1,18,6,2025-01-18,AA,19805,AA,N647AW,1492,11298,1129806,30194,DFW,"Dallas/Fort Worth, TX",TX,48,Texas,74,11066,1106606,31066,CMH,"Columbus, OH",OH,39,Ohio,44,1109,1109.0,0.0,0.0,0.0,0.0,1100-1159,16.0,1125.0,1416.0,24.0,1426,1440.0,14.0,14.0,0.0,0.0,1400-1459,0.0,,0.0,137.0,151.0,111.0,1.0,926.0,4,,,,,,,,,0,,,,,,,,,,,,,,,,,,,,,,,,,,,,,,,,,,,,,,,,,,,,,
2025,1,1,1,3,2025-01-01,UA,19977,UA,N76505,1015,10721,1072102,30721,BOS,"Boston, MA",MA,25,Massachusetts,13,13930,1393008,30977,ORD,"Chicago, IL",IL,17,Illinois,41,1825,1819.0,-6.0,0.0,0.0,-1.0,1800-1859,20.0,1839.0,1943.0,51.0,2025,2034.0,9.0,9.0,0.0,0.0,2000-2059,0.0,,0.0,180.0,195.0,124.0,1.0,867.0,4,,,,,,,,,0,,,,,,,,,,,,,,,,,,,,,,,,,,,,,,,,,,,,,,,,,,,,,
2025,1,1,23,4,2025-01-23,NK,20416,NK,N989NK,1634,10821,1082106,30852,BWI,"Baltimore, MD",MD,24,Maryland,35,12266,1226603,31453,IAH,"Houston, TX",TX,48,Texas,74,555,604.0,9.0,9.0,0.0,0.0,0001-0559,34.0,638.0,902.0,8.0,837,910.0,33.0,33.0,1.0,2.0,0800-0859,0.0,,0.0,222.0,246.0,204.0,1.0,1235.0,5,0.0,9.0,24.0,0.0,0.0,,,,0,,,,,,,,,,,,,,,,,,,,,,,,,,,,,,,,,,,,,,,,,,,,,
2025,1,1,18,6,2025-01-18,DL,19790,DL,N948DZ,1155,10693,1069302,30693,BNA,"Nashville, TN",TN,47,Tennessee,54,10397,1039707,30397,ATL,"Atlanta, GA",GA,13,Georgia,34,1124,1115.0,-9.0,0.0,0.0,-1.0,1100-1159,17.0,1132.0,1319.0,4.0,1334,1323.0,-11.0,0.0,0.0,-1.0,1300-1359,0.0,,0.0,70.0,68.0,47.0,1.0,214.0,1,,,,,,,,,0,,,,,,,,,,,,,,,,,,,,,,,,,,,,,,,,,,,,,,,,,,,,,
2025,1,1,26,7,2025-01-26,AA,19805,AA,N873NN,1170,13204,1320402,31454,MCO,"Orlando, FL",FL,12,Florida,33,11278,1127805,30852,DCA,"Washington, DC",VA,51,Virginia,38,1525,1522.0,-3.0,0.0,0.0,-1.0,1500-1559,15.0,1537.0,1713.0,3.0,1735,1716.0,-19.0,0.0,0.0,-2.0,1700-1759,0.0,,0.0,130.0,114.0,96.0,1.0,759.0,4,,,,,,,,,0,,,,,,,,,,,,,,,,,,,,,,,,,,,,,,,,,,,,,,,,,,,,,
2025,1,1,21,2,2025-01-21,AA,19805,AA,N105UW,2373,11298,1129806,30194,DFW,"Dallas/Fort Worth, TX",TX,48,Texas,74,14685,1468502,34685,SAV,"Savannah, GA",GA,13,Georgia,34,1903,,,,,,1900-1959,,,,,2221,,,,,,2200-2259,1.0,B,0.0,138.0,,,1.0,925.0,4,,,,,,,,,0,,,,,,,,,,,,,,,,,,,,,,,,,,,,,,,,,,,,,,,,,,,,,
2025,1,1,20,1,2025-01-20,OO,20304,OO,N746SK,6492,14314,1431402,34314,PVU,"Provo, UT",UT,49,Utah,87,11298,1129806,30194,DFW,"Dallas/Fort Worth, TX",TX,48,Texas,74,1344,1359.0,15.0,15.0,1.0,1.0,1300-1359,13.0,1412.0,1711.0,11.0,1731,1722.0,-9.0,0.0,0.0,-1.0,1700-1759,0.0,,0.0,167.0,143.0,119.0,1.0,958.0,4,,,,,,,,,0,,,,,,,,,,,,,,,,,,,,,,,,,,,,,,,,,,,,,,,,,,,,,
2025,1,1,25,6,2025-01-25,OH,20397,OH,N580NN,5395,11298,1129806,30194,DFW,"Dallas/Fort Worth, TX",TX,48,Texas,74,12217,1221702,30255,HSV,"Huntsville, AL",AL,1,Alabama,51,1653,1648.0,-5.0,0.0,0.0,-1.0,1600-1659,20.0,1708.0,1820.0,5.0,1841,1825.0,-16.0,0.0,0.0,-2.0,1800-1859,0.0,,0.0,108.0,97.0,72.0,1.0,603.0,3,,,,,,,,,0,,,,,,,,,,,,,,,,,,,,,,,,,,,,,,,,,,,,,,,,,,,,,
2025,1,1,1,3,2025-01-01,B6,20409,B6,N943JT,19,10721,1072102,30721,BOS,"Boston, MA",MA,25,Massachusetts,13,14679,1467903,33570,SAN,"San Diego, CA",CA,6,California,91,1533,1526.0,-7.0,0.0,0.0,-1.0,1500-1559,23.0,1549.0,1838.0,3.0,1859,1841.0,-18.0,0.0,0.0,-2.0,1800-1859,0.0,,0.0,386.0,375.0,349.0,1.0,2588.0,11,,,,,,,,,0,,,,,,,,,,,,,,,,,,,,,,,,,,,,,,,,,,,,,,,,,,,,,
2025,1,1,7,2,2025-01-07,AA,19805,AA,N914UY,2823,13303,1330303,32467,MIA,"Miami, FL",FL,12,Florida,33,11298,1129806,30194,DFW,"Dallas/Fort Worth, TX",TX,48,Texas,74,1749,1743.0,-6.0,0.0,0.0,-1.0,1700-1759,15.0,1758.0,1942.0,12.0,2020,1954.0,-26.0,0.0,0.0,-2.0,2000-2059,0.0,,0.0,211.0,191.0,164.0,1.0,1121.0,5,,,,,,,,,0,,,,,,,,,,,,,,,,,,,,,,,,,,,,,,,,,,,,,,,,,,,,,
2025,1,1,19,7,2025-01-19,AA,19805,AA,N889NN,3033,11057,1105703,31057,CLT,"Charlotte, NC",NC,37,North Carolina,36,11042,1104205,30647,CLE,"Cleveland, OH",OH,39,Ohio,44,1516,1742.0,146.0,146.0,1.0,9.0,1500-1559,12.0,1754.0,1855.0,11.0,1654,1906.0,132.0,132.0,1.0,8.0,1600-1659,0.0,,0.0,98.0,84.0,61.0,1.0,430.0,2,2.0,0.0,0.0,0.0,130.0,,,,0,,,,,,,,,,,,,,,,,,,,,,,,,,,,,,,,,,,,,,,,,,,,,
2025,1,1,18,6,2025-01-18,WN,19393,WN,N8908Q,4111,10423,1042302,30423,AUS,"Austin, TX",TX,48,Texas,74,12889,1288904,32211,LAS,"Las Vegas, NV",NV,32,Nevada,85,1230,1242.0,12.0,12.0,0.0,0.0,1200-1259,14.0,1256.0,1336.0,4.0,1340,1340.0,0.0,0.0,0.0,0.0,1300-1359,0.0,,0.0,190.0,178.0,160.0,1.0,1090.0,5,,,,,,,,,0,,,,,,,,,,,,,,,,,,,,,,,,,,,,,,,,,,,,,,,,,,,,,
2025,1,1,4,6,2025-01-04,UA,19977,UA,N76503,2093,12266,1226603,31453,IAH,"Houston, TX",TX,48,Texas,74,15304,1530402,33195,TPA,"Tampa, FL",FL,12,Florida,33,1826,1854.0,28.0,28.0,1.0,1.0,1800-1859,28.0,1922.0,2200.0,6.0,2138,2206.0,28.0,28.0,1.0,1.0,2100-2159,0.0,,0.0,132.0,132.0,98.0,1.0,787.0,4,23.0,0.0,0.0,0.0,5.0,,,,0,,,,,,,,,,,,,,,,,,,,,,,,,,,,,,,,,,,,,,,,,,,,,
2025,1,1,26,7,2025-01-26,AA,19805,AA,N965NN,1174,12478,1247805,31703,JFK,"New York, NY",NY,36,New York,22,13303,1330303,32467,MIA,"Miami, FL",FL,12,Florida,33,1821,1817.0,-4.0,0.0,0.0,-1.0,1800-1859,14.0,1831.0,2121.0,49.0,2145,2210.0,25.0,25.0,1.0,1.0,2100-2159,0.0,,0.0,204.0,233.0,170.0,1.0,1089.0,5,0.0,0.0,25.0,0.0,0.0,,,,0,,,,,,,,,,,,,,,,,,,,,,,,,,,,,,,,,,,,,,,,,,,,,
2025,1,1,31,5,2025-01-31,UA,19977,UA,N33714,1712,12266,1226603,31453,IAH,"Houston, TX",TX,48,Texas,74,10397,1039707,30397,ATL,"Atlanta, GA",GA,13,Georgia,34,1155,1209.0,14.0,14.0,0.0,0.0,1100-1159,27.0,1236.0,1504.0,6.0,1501,1510.0,9.0,9.0,0.0,0.0,1500-1559,0.0,,0.0,126.0,121.0,88.0,1.0,689.0,3,,,,,,,,,0,,,,,,,,,,,,,,,,,,,,,,,,,,,,,,,,,,,,,,,,,,,,,
2025,1,1,6,1,2025-01-06,AA,19805,AA,N430AN,3231,12892,1289208,32575,LAX,"Los Angeles, CA",CA,6,California,91,14100,1410005,34100,PHL,"Philadelphia, PA",PA,42,Pennsylvania,23,55,49.0,-6.0,0.0,0.0,-1.0,0001-0559,16.0,105.0,832.0,11.0,904,843.0,-21.0,0.0,0.0,-2.0,0900-0959,0.0,,0.0,309.0,294.0,267.0,1.0,2402.0,10,,,,,,,,,0,,,,,,,,,,,,,,,,,,,,,,,,,,,,,,,,,,,,,,,,,,,,,
2025,1,1,29,3,2025-01-29,WN,19393,WN,N216WR,3019,11259,1125904,30194,DAL,"Dallas, TX",TX,48,Texas,74,12992,1299206,32600,LIT,"Little Rock, AR",AR,5,Arkansas,71,1535,1528.0,-7.0,0.0,0.0,-1.0,1500-1559,10.0,1538.0,1624.0,4.0,1645,1628.0,-17.0,0.0,0.0,-2.0,1600-1659,0.0,,0.0,70.0,60.0,46.0,1.0,296.0,2,,,,,,,,,0,,,,,,,,,,,,,,,,,,,,,,,,,,,,,,,,,,,,,,,,,,,,,
2025,1,1,10,5,2025-01-10,WN,19393,WN,N8600F,5004,12889,1288904,32211,LAS,"Las Vegas, NV",NV,32,Nevada,85,11884,1188402,31884,GEG,"Spokane, WA",WA,53,Washington,93,1845,1851.0,6.0,6.0,0.0,0.0,1800-1859,10.0,1901.0,2103.0,8.0,2110,2111.0,1.0,1.0,0.0,0.0,2100-2159,0.0,,0.0,145.0,140.0,122.0,1.0,806.0,4,,,,,,,,,0,,,,,,,,,,,,,,,,,,,,,,,,,,,,,,,,,,,,,,,,,,,,,
2025,1,1,7,2,2025-01-07,DL,19790,DL,N393DN,893,11298,1129806,30194,DFW,"Dallas/Fort Worth, TX",TX,48,Texas,74,10397,1039707,30397,ATL,"Atlanta, GA",GA,13,Georgia,34,705,926.0,141.0,141.0,1.0,9.0,0700-0759,11.0,937.0,1206.0,6.0,1016,1212.0,116.0,116.0,1.0,7.0,1000-1059,0.0,,0.0,131.0,106.0,89.0,1.0,731.0,3,116.0,0.0,0.0,0.0,0.0,,,,0,,,,,,,,,,,,,,,,,,,,,,,,,,,,,,,,,,,,,,,,,,,,,
2025,1,1,30,4,2025-01-30,UA,19977,UA,N29961,1372,14771,1477104,32457,SFO,"San Francisco, CA",CA,6,California,91,12264,1226402,30852,IAD,"Washington, DC",VA,51,Virginia,38,1300,1300.0,0.0,0.0,0.0,0.0,1300-1359,21.0,1321.0,2046.0,8.0,2058,2054.0,-4.0,0.0,0.0,-1.0,2000-2059,0.0,,0.0,298.0,294.0,265.0,1.0,2419.0,10,,,,,,,,,0,,,,,,,,,,,,,,,,,,,,,,,,,,,,,,,,,,,,,,,,,,,,,
2025,1,1,23,4,2025-01-23,OO,20304,OO,N85373,4699,11292,1129202,30325,DEN,"Denver, CO",CO,8,Colorado,82,11503,1150305,31503,EGE,"Eagle, CO",CO,8,Colorado,82,1125,1124.0,-1.0,0.0,0.0,-1.0,1100-1159,35.0,1159.0,1223.0,7.0,1241,1230.0,-11.0,0.0,0.0,-1.0,1200-1259,0.0,,0.0,76.0,66.0,24.0,1.0,120.0,1,,,,,,,,,0,,,,,,,,,,,,,,,,,,,,,,,,,,,,,,,,,,,,,,,,,,,,,
2025,1,1,2,4,2025-01-02,OO,20304,OO,N611SK,6533,10800,1080003,32575,BUR,"Burbank, CA",CA,6,California,91,14107,1410702,30466,PHX,"Phoenix, AZ",AZ,4,Arizona,81,1635,1625.0,-10.0,0.0,0.0,-1.0,1600-1659,17.0,1642.0,1850.0,9.0,1914,1859.0,-15.0,0.0,0.0,-1.0,1900-1959,0.0,,0.0,99.0,94.0,68.0,1.0,369.0,2,,,,,,,,,0,,,,,,,,,,,,,,,,,,,,,,,,,,,,,,,,,,,,,,,,,,,,,
2025,1,1,3,5,2025-01-03,UA,19977,UA,N37551,1627,14771,1477104,32457,SFO,"San Francisco, CA",CA,6,California,91,14492,1449202,34492,RDU,"Raleigh/Durham, NC",NC,37,North Carolina,36,2100,2148.0,48.0,48.0,1.0,3.0,2100-2159,22.0,2210.0,520.0,4.0,510,524.0,14.0,14.0,0.0,0.0,0001-0559,0.0,,0.0,310.0,276.0,250.0,1.0,2400.0,10,,,,,,,,,0,,,,,,,,,,,,,,,,,,,,,,,,,,,,,,,,,,,,,,,,,,,,,
2025,1,1,29,3,2025-01-29,DL,19790,DL,N355DN,2208,12892,1289208,32575,LAX,"Los Angeles, CA",CA,6,California,91,13487,1348702,31650,MSP,"Minneapolis, MN",MN,27,Minnesota,63,1615,1601.0,-14.0,0.0,0.0,-1.0,1600-1659,12.0,1613.0,2133.0,5.0,2155,2138.0,-17.0,0.0,0.0,-2.0,2100-2159,0.0,,0.0,220.0,217.0,200.0,1.0,1535.0,7,,,,,,,,,0,,,,,,,,,,,,,,,,,,,,,,,,,,,,,,,,,,,,,,,,,,,,,
2025,1,1,23,4,2025-01-23,AA,19805,AA,N981NN,650,11298,1129806,30194,DFW,"Dallas/Fort Worth, TX",TX,48,Texas,74,12266,1226603,31453,IAH,"Houston, TX",TX,48,Texas,74,2240,2234.0,-6.0,0.0,0.0,-1.0,2200-2259,17.0,2251.0,2331.0,8.0,2353,2339.0,-14.0,0.0,0.0,-1.0,2300-2359,0.0,,0.0,73.0,65.0,40.0,1.0,224.0,1,,,,,,,,,0,,,,,,,,,,,,,,,,,,,,,,,,,,,,,,,,,,,,,,,,,,,,,
2025,1,1,8,3,2025-01-08,B6,20409,B6,N566JB,153,11697,1169706,32467,FLL,"Fort Lauderdale, FL",FL,12,Florida,33,14843,1484306,34819,SJU,"San Juan, PR",PR,72,Puerto Rico,3,715,705.0,-10.0,0.0,0.0,-1.0,0700-0759,20.0,725.0,1031.0,6.0,1047,1037.0,-10.0,0.0,0.0,-1.0,1000-1059,0.0,,0.0,152.0,152.0,126.0,1.0,1046.0,5,,,,,,,,,0,,,,,,,,,,,,,,,,,,,,,,,,,,,,,,,,,,,,,,,,,,,,,
2025,1,1,27,1,2025-01-27,AA,19805,AA,N947NN,1506,12339,1233904,32337,IND,"Indianapolis, IN",IN,18,Indiana,42,11298,1129806,30194,DFW,"Dallas/Fort Worth, TX",TX,48,Texas,74,727,721.0,-6.0,0.0,0.0,-1.0,0700-0759,22.0,743.0,844.0,13.0,909,857.0,-12.0,0.0,0.0,-1.0,0900-0959,0.0,,0.0,162.0,156.0,121.0,1.0,761.0,4,,,,,,,,,0,,,,,,,,,,,,,,,,,,,,,,,,,,,,,,,,,,,,,,,,,,,,,
2025,1,1,14,2,2025-01-14,WN,19393,WN,N8628A,695,10397,1039707,30397,ATL,"Atlanta, GA",GA,13,Georgia,34,14730,1473004,33044,SDF,"Louisville, KY",KY,21,Kentucky,52,2040,2037.0,-3.0,0.0,0.0,-1.0,2000-2059,15.0,2052.0,2144.0,5.0,2200,2149.0,-11.0,0.0,0.0,-1.0,2200-2259,0.0,,0.0,80.0,72.0,52.0,1.0,321.0,2,,,,,,,,,0,,,,,,,,,,,,,,,,,,,,,,,,,,,,,,,,,,,,,,,,,,,,,
2025,1,1,10,5,2025-01-10,DL,19790,DL,N803DN,2706,15304,1530402,33195,TPA,"Tampa, FL",FL,12,Florida,33,10721,1072102,30721,BOS,"Boston, MA",MA,25,Massachusetts,13,1147,1411.0,144.0,144.0,1.0,9.0,1100-1159,14.0,1425.0,1652.0,13.0,1450,1705.0,135.0,135.0,1.0,9.0,1400-1459,0.0,,0.0,183.0,174.0,147.0,1.0,1185.0,5,0.0,0.0,0.0,0.0,135.0,,,,0,,,,,,,,,,,,,,,,,,,,,,,,,,,,,,,,,,,,,,,,,,,,,
2025,1,1,7,2,2025-01-07,AA,19805,AA,N966AN,3104,10397,1039707,30397,ATL,"Atlanta, GA",GA,13,Georgia,34,11298,1129806,30194,DFW,"Dallas/Fort Worth, TX",TX,48,Texas,74,1412,1410.0,-2.0,0.0,0.0,-1.0,1400-1459,13.0,1423.0,1523.0,11.0,1545,1534.0,-11.0,0.0,0.0,-1.0,1500-1559,0.0,,0.0,153.0,144.0,120.0,1.0,731.0,3,,,,,,,,,0,,,,,,,,,,,,,,,,,,,,,,,,,,,,,,,,,,,,,,,,,,,,,
2025,1,1,28,2,2025-01-28,MQ,20398,MQ,N218NN,3877,13930,1393008,30977,ORD,"Chicago, IL",IL,17,Illinois,41,11540,1154005,30615,ELP,"El Paso, TX",TX,48,Texas,74,940,939.0,-1.0,0.0,0.0,-1.0,0900-0959,13.0,952.0,1151.0,2.0,1221,1153.0,-28.0,0.0,0.0,-2.0,1200-1259,0.0,,0.0,221.0,194.0,179.0,1.0,1236.0,5,,,,,,,,,0,,,,,,,,,,,,,,,,,,,,,,,,,,,,,,,,,,,,,,,,,,,,,
2025,1,1,22,3,2025-01-22,OO,20304,OO,N87364,5268,15041,1504102,35041,SUN,"Sun Valley/Hailey/Ketchum, ID",ID,16,Idaho,83,11292,1129202,30325,DEN,"Denver, CO",CO,8,Colorado,82,1425,1416.0,-9.0,0.0,0.0,-1.0,1400-1459,63.0,1519.0,1642.0,10.0,1628,1652.0,24.0,24.0,1.0,1.0,1600-1659,0.0,,0.0,123.0,156.0,83.0,1.0,557.0,3,24.0,0.0,0.0,0.0,0.0,,,,0,,,,,,,,,,,,,,,,,,,,,,,,,,,,,,,,,,,,,,,,,,,,,
2025,1,1,16,4,2025-01-16,OH,20397,OH,N512AE,5031,11278,1127805,30852,DCA,"Washington, DC",VA,51,Virginia,38,10693,1069302,30693,BNA,"Nashville, TN",TN,47,Tennessee,54,730,720.0,-10.0,0.0,0.0,-1.0,0700-0759,16.0,736.0,817.0,5.0,838,822.0,-16.0,0.0,0.0,-2.0,0800-0859,0.0,,0.0,128.0,122.0,101.0,1.0,562.0,3,,,,,,,,,0,,,,,,,,,,,,,,,,,,,,,,,,,,,,,,,,,,,,,,,,,,,,,
2025,1,1,14,2,2025-01-14,WN,19393,WN,N7737E,247,11292,1129202,30325,DEN,"Denver, CO",CO,8,Colorado,82,10693,1069302,30693,BNA,"Nashville, TN",TN,47,Tennessee,54,625,621.0,-4.0,0.0,0.0,-1.0,0600-0659,26.0,647.0,939.0,5.0,1000,944.0,-16.0,0.0,0.0,-2.0,1000-1059,0.0,,0.0,155.0,143.0,112.0,1.0,1014.0,5,,,,,,,,,0,,,,,,,,,,,,,,,,,,,,,,,,,,,,,,,,,,,,,,,,,,,,,
2025,1,1,2,4,2025-01-02,OO,20304,OO,N612UX,5875,11292,1129202,30325,DEN,"Denver, CO",CO,8,Colorado,82,15041,1504102,35041,SUN,"Sun Valley/Hailey/Ketchum, ID",ID,16,Idaho,83,1900,1859.0,-1.0,0.0,0.0,-1.0,1900-1959,18.0,1917.0,2054.0,6.0,2105,2100.0,-5.0,0.0,0.0,-1.0,2100-2159,0.0,,0.0,125.0,121.0,97.0,1.0,557.0,3,,,,,,,,,0,,,,,,,,,,,,,,,,,,,,,,,,,,,,,,,,,,,,,,,,,,,,,
2025,1,1,28,2,2025-01-28,WN,19393,WN,N8685B,661,11259,1125904,30194,DAL,"Dallas, TX",TX,48,Texas,74,13158,1315805,33158,MAF,"Midland/Odessa, TX",TX,48,Texas,74,925,921.0,-4.0,0.0,0.0,-1.0,0900-0959,9.0,930.0,1032.0,3.0,1045,1035.0,-10.0,0.0,0.0,-1.0,1000-1059,0.0,,0.0,80.0,74.0,62.0,1.0,319.0,2,,,,,,,,,0,,,,,,,,,,,,,,,,,,,,,,,,,,,,,,,,,,,,,,,,,,,,,
2025,1,1,28,2,2025-01-28,B6,20409,B6,N986JB,735,12478,1247805,31703,JFK,"New York, NY",NY,36,New York,22,14107,1410702,30466,PHX,"Phoenix, AZ",AZ,4,Arizona,81,1830,1818.0,-12.0,0.0,0.0,-1.0,1800-1859,18.0,1836.0,2151.0,6.0,2213,2157.0,-16.0,0.0,0.0,-2.0,2200-2259,0.0,,0.0,343.0,339.0,315.0,1.0,2153.0,9,,,,,,,,,0,,,,,,,,,,,,,,,,,,,,,,,,,,,,,,,,,,,,,,,,,,,,,
2025,1,1,15,3,2025-01-15,WN,19393,WN,N452WN,3257,10693,1069302,30693,BNA,"Nashville, TN",TN,47,Tennessee,54,15016,1501606,31123,STL,"St. Louis, MO",MO,29,Missouri,64,1435,1431.0,-4.0,0.0,0.0,-1.0,1400-1459,11.0,1442.0,1534.0,3.0,1550,1537.0,-13.0,0.0,0.0,-1.0,1500-1559,0.0,,0.0,75.0,66.0,52.0,1.0,272.0,2,,,,,,,,,0,,,,,,,,,,,,,,,,,,,,,,,,,,,,,,,,,,,,,,,,,,,,,
2025,1,1,14,2,2025-01-14,AA,19805,AA,N982AN,983,13303,1330303,32467,MIA,"Miami, FL",FL,12,Florida,33,14524,1452401,34524,RIC,"Richmond, VA",VA,51,Virginia,38,2150,2142.0,-8.0,0.0,0.0,-1.0,2100-2159,27.0,2209.0,2353.0,6.0,22,2359.0,-23.0,0.0,0.0,-2.0,0001-0559,0.0,,0.0,152.0,137.0,104.0,1.0,825.0,4,,,,,,,,,0,,,,,,,,,,,,,,,,,,,,,,,,,,,,,,,,,,,,,,,,,,,,,
2025,1,1,22,3,2025-01-22,AA,19805,AA,N403AN,1397,10721,1072102,30721,BOS,"Boston, MA",MA,25,Massachusetts,13,13303,1330303,32467,MIA,"Miami, FL",FL,12,Florida,33,1804,1801.0,-3.0,0.0,0.0,-1.0,1800-1859,19.0,1820.0,2133.0,13.0,2156,2146.0,-10.0,0.0,0.0,-1.0,2100-2159,0.0,,0.0,232.0,225.0,193.0,1.0,1258.0,6,,,,,,,,,0,,,,,,,,,,,,,,,,,,,,,,,,,,,,,,,,,,,,,,,,,,,,,
2025,1,1,13,1,2025-01-13,DL,19790,DL,N317DU,508,12264,1226402,30852,IAD,"Washington, DC",VA,51,Virginia,38,14747,1474703,30559,SEA,"Seattle, WA",WA,53,Washington,93,1605,1558.0,-7.0,0.0,0.0,-1.0,1600-1659,13.0,1611.0,1834.0,6.0,1906,1840.0,-26.0,0.0,0.0,-2.0,1900-1959,0.0,,0.0,361.0,342.0,323.0,1.0,2306.0,10,,,,,,,,,0,,,,,,,,,,,,,,,,,,,,,,,,,,,,,,,,,,,,,,,,,,,,,
2025,1,1,30,4,2025-01-30,AS,19930,AS,N237AK,1306,14747,1474703,30559,SEA,"Seattle, WA",WA,53,Washington,93,12892,1289208,32575,LAX,"Los Angeles, CA",CA,6,California,91,810,802.0,-8.0,0.0,0.0,-1.0,0800-0859,18.0,820.0,1024.0,22.0,1115,1046.0,-29.0,0.0,0.0,-2.0,1100-1159,0.0,,0.0,185.0,164.0,124.0,1.0,954.0,4,,,,,,,,,0,,,,,,,,,,,,,,,,,,,,,,,,,,,,,,,,,,,,,,,,,,,,,
2025,1,1,11,6,2025-01-11,OO,20304,OO,N280SY,3649,14492,1449202,34492,RDU,"Raleigh/Durham, NC",NC,37,North Carolina,36,11193,1119302,33105,CVG,"Cincinnati, OH",KY,21,Kentucky,52,600,,,,,,0600-0659,,,,,745,,,,,,0700-0759,1.0,B,0.0,105.0,,,1.0,390.0,2,,,,,,,,,0,,,,,,,,,,,,,,,,,,,,,,,,,,,,,,,,,,,,,,,,,,,,,
2025,1,1,9,4,2025-01-09,UA,19977,UA,N75853,379,12264,1226402,30852,IAD,"Washington, DC",VA,51,Virginia,38,13204,1320402,31454,MCO,"Orlando, FL",FL,12,Florida,33,815,847.0,32.0,32.0,1.0,2.0,0800-0859,21.0,908.0,1050.0,13.0,1042,1103.0,21.0,21.0,1.0,1.0,1000-1059,0.0,,0.0,147.0,136.0,102.0,1.0,758.0,4,5.0,0.0,0.0,0.0,16.0,,,,0,,,,,,,,,,,,,,,,,,,,,,,,,,,,,,,,,,,,,,,,,,,,,
2025,1,1,11,6,2025-01-11,OO,20304,OO,N929SW,5723,14696,1469608,34696,SBN,"South Bend, IN",IN,18,Indiana,42,13930,1393008,30977,ORD,"Chicago, IL",IL,17,Illinois,41,600,1210.0,370.0,370.0,1.0,12.0,0600-0659,28.0,1238.0,1159.0,7.0,616,1206.0,350.0,350.0,1.0,12.0,0600-0659,0.0,,0.0,76.0,56.0,21.0,1.0,84.0,1,0.0,0.0,0.0,0.0,350.0,,,,0,,,,,,,,,,,,,,,,,,,,,,,,,,,,,,,,,,,,,,,,,,,,,
2025,1,1,23,4,2025-01-23,OH,20397,OH,N597NN,5273,11278,1127805,30852,DCA,"Washington, DC",VA,51,Virginia,38,10868,1086803,30868,CAE,"Columbia, SC",SC,45,South Carolina,37,1730,1720.0,-10.0,0.0,0.0,-1.0,1700-1759,19.0,1739.0,1855.0,4.0,1914,1859.0,-15.0,0.0,0.0,-1.0,1900-1959,0.0,,0.0,104.0,99.0,76.0,1.0,408.0,2,,,,,,,,,0,,,,,,,,,,,,,,,,,,,,,,,,,,,,,,,,,,,,,,,,,,,,,
2025,1,1,28,2,2025-01-28,OO,20304,OO,N252SY,3901,12156,1215605,32156,HLN,"Helena, MT",MT,30,Montana,84,14869,1486903,34614,SLC,"Salt Lake City, UT",UT,49,Utah,87,550,544.0,-6.0,0.0,0.0,-1.0,0001-0559,18.0,602.0,705.0,5.0,730,710.0,-20.0,0.0,0.0,-2.0,0700-0759,0.0,,0.0,100.0,86.0,63.0,1.0,402.0,2,,,,,,,,,0,,,,,,,,,,,,,,,,,,,,,,,,,,,,,,,,,,,,,,,,,,,,,
2025,1,1,16,4,2025-01-16,AA,19805,AA,N12028,1050,11298,1129806,30194,DFW,"Dallas/Fort Worth, TX",TX,48,Texas,74,10599,1059904,30599,BHM,"Birmingham, AL",AL,1,Alabama,51,1633,1714.0,41.0,41.0,1.0,2.0,1600-1659,15.0,1729.0,1845.0,27.0,1819,1912.0,53.0,53.0,1.0,3.0,1800-1859,0.0,,0.0,106.0,118.0,76.0,1.0,597.0,3,41.0,0.0,12.0,0.0,0.0,,,,0,,,,,,,,,,,,,,,,,,,,,,,,,,,,,,,,,,,,,,,,,,,,,
2025,1,1,6,1,2025-01-06,DL,19790,DL,N120DU,1134,11298,1129806,30194,DFW,"Dallas/Fort Worth, TX",TX,48,Texas,74,13487,1348702,31650,MSP,"Minneapolis, MN",MN,27,Minnesota,63,1829,1823.0,-6.0,0.0,0.0,-1.0,1800-1859,22.0,1845.0,2038.0,4.0,2058,2042.0,-16.0,0.0,0.0,-2.0,2000-2059,0.0,,0.0,149.0,139.0,113.0,1.0,852.0,4,,,,,,,,,0,,,,,,,,,,,,,,,,,,,,,,,,,,,,,,,,,,,,,,,,,,,,,
2025,1,1,10,5,2025-01-10,NK,20416,NK,N602NK,1761,13204,1320402,31454,MCO,"Orlando, FL",FL,12,Florida,33,14843,1484306,34819,SJU,"San Juan, PR",PR,72,Puerto Rico,3,2110,2136.0,26.0,26.0,1.0,1.0,2100-2159,14.0,2150.0,104.0,3.0,59,107.0,8.0,8.0,0.0,0.0,0001-0559,0.0,,0.0,169.0,151.0,134.0,1.0,1189.0,5,,,,,,,,,0,,,,,,,,,,,,,,,,,,,,,,,,,,,,,,,,,,,,,,,,,,,,,
2025,1,1,24,5,2025-01-24,F9,20436,F9,N366FR,2407,12889,1288904,32211,LAS,"Las Vegas, NV",NV,32,Nevada,85,14747,1474703,30559,SEA,"Seattle, WA",WA,53,Washington,93,600,554.0,-6.0,0.0,0.0,-1.0,0600-0659,16.0,610.0,825.0,9.0,850,834.0,-16.0,0.0,0.0,-2.0,0800-0859,0.0,,0.0,170.0,160.0,135.0,1.0,867.0,4,,,,,,,,,0,,,,,,,,,,,,,,,,,,,,,,,,,,,,,,,,,,,,,,,,,,,,,
2025,1,1,4,6,2025-01-04,DL,19790,DL,N986AT,1400,12264,1226402,30852,IAD,"Washington, DC",VA,51,Virginia,38,10397,1039707,30397,ATL,"Atlanta, GA",GA,13,Georgia,34,1259,1333.0,34.0,34.0,1.0,2.0,1200-1259,11.0,1344.0,1512.0,6.0,1457,1518.0,21.0,21.0,1.0,1.0,1400-1459,0.0,,0.0,118.0,105.0,88.0,1.0,534.0,3,7.0,0.0,0.0,0.0,14.0,,,,0,,,,,,,,,,,,,,,,,,,,,,,,,,,,,,,,,,,,,,,,,,,,,
2025,1,1,10,5,2025-01-10,UA,19977,UA,N76523,2356,14771,1477104,32457,SFO,"San Francisco, CA",CA,6,California,91,13495,1349505,33495,MSY,"New Orleans, LA",LA,22,Louisiana,72,1109,1100.0,-9.0,0.0,0.0,-1.0,1100-1159,20.0,1120.0,1704.0,5.0,1727,1709.0,-18.0,0.0,0.0,-2.0,1700-1759,0.0,,0.0,258.0,249.0,224.0,1.0,1911.0,8,,,,,,,,,0,,,,,,,,,,,,,,,,,,,,,,,,,,,,,,,,,,,,,,,,,,,,,
2025,1,1,27,1,2025-01-27,MQ,20398,MQ,N311VE,3740,12278,1227805,30928,ICT,"Wichita, KS",KS,20,Kansas,62,11298,1129806,30194,DFW,"Dallas/Fort Worth, TX",TX,48,Texas,74,1421,1415.0,-6.0,0.0,0.0,-1.0,1400-1459,33.0,1448.0,1553.0,7.0,1550,1600.0,10.0,10.0,0.0,0.0,1500-1559,0.0,,0.0,89.0,105.0,65.0,1.0,328.0,2,,,,,,,,,0,,,,,,,,,,,,,,,,,,,,,,,,,,,,,,,,,,,,,,,,,,,,,
2025,1,1,22,3,2025-01-22,AA,19805,AA,N405AN,1990,12892,1289208,32575,LAX,"Los Angeles, CA",CA,6,California,91,13303,1330303,32467,MIA,"Miami, FL",FL,12,Florida,33,1335,1327.0,-8.0,0.0,0.0,-1.0,1300-1359,17.0,1344.0,2056.0,31.0,2129,2127.0,-2.0,0.0,0.0,-1.0,2100-2159,0.0,,0.0,294.0,300.0,252.0,1.0,2342.0,10,,,,,,,,,0,,,,,,,,,,,,,,,,,,,,,,,,,,,,,,,,,,,,,,,,,,,,,
2025,1,1,8,3,2025-01-08,UA,19977,UA,N444UA,1208,11292,1129202,30325,DEN,"Denver, CO",CO,8,Colorado,82,14893,1489302,33192,SMF,"Sacramento, CA",CA,6,California,91,1600,1618.0,18.0,18.0,1.0,1.0,1600-1659,11.0,1629.0,1734.0,6.0,1742,1740.0,-2.0,0.0,0.0,-1.0,1700-1759,0.0,,0.0,162.0,142.0,125.0,1.0,909.0,4,,,,,,,,,0,,,,,,,,,,,,,,,,,,,,,,,,,,,,,,,,,,,,,,,,,,,,,
2025,1,1,5,7,2025-01-05,F9,20436,F9,N341FR,4323,14027,1402702,34027,PBI,"West Palm Beach/Palm Beach, FL",FL,12,Florida,33,11042,1104205,30647,CLE,"Cleveland, OH",OH,39,Ohio,44,1233,1239.0,6.0,6.0,0.0,0.0,1200-1259,16.0,1255.0,1516.0,11.0,1525,1527.0,2.0,2.0,0.0,0.0,1500-1559,0.0,,0.0,172.0,168.0,141.0,1.0,1020.0,5,,,,,,,,,0,,,,,,,,,,,,,,,,,,,,,,,,,,,,,,,,,,,,,,,,,,,,,
2025,1,1,7,2,2025-01-07,AA,19805,AA,N342RX,775,13303,1330303,32467,MIA,"Miami, FL",FL,12,Florida,33,13931,1393102,33667,ORF,"Norfolk, VA",VA,51,Virginia,38,2132,2126.0,-6.0,0.0,0.0,-1.0,2100-2159,13.0,2139.0,2323.0,8.0,2352,2331.0,-21.0,0.0,0.0,-2.0,2300-2359,0.0,,0.0,140.0,125.0,104.0,1.0,802.0,4,,,,,,,,,0,,,,,,,,,,,,,,,,,,,,,,,,,,,,,,,,,,,,,,,,,,,,,
2025,1,1,24,5,2025-01-24,DL,19790,DL,N357NB,1718,11433,1143302,31295,DTW,"Detroit, MI",MI,26,Michigan,43,12266,1226603,31453,IAH,"Houston, TX",TX,48,Texas,74,1616,1606.0,-10.0,0.0,0.0,-1.0,1600-1659,16.0,1622.0,1755.0,10.0,1840,1805.0,-35.0,0.0,0.0,-2.0,1800-1859,0.0,,0.0,204.0,179.0,153.0,1.0,1075.0,5,,,,,,,,,0,,,,,,,,,,,,,,,,,,,,,,,,,,,,,,,,,,,,,,,,,,,,,
2025,1,1,26,7,2025-01-26,WN,19393,WN,N8665D,1504,13871,1387102,33316,OMA,"Omaha, NE",NE,31,Nebraska,65,11259,1125904,30194,DAL,"Dallas, TX",TX,48,Texas,74,1725,1720.0,-5.0,0.0,0.0,-1.0,1700-1759,8.0,1728.0,1856.0,6.0,1930,1902.0,-28.0,0.0,0.0,-2.0,1900-1959,0.0,,0.0,125.0,102.0,88.0,1.0,586.0,3,,,,,,,,,0,,,,,,,,,,,,,,,,,,,,,,,,,,,,,,,,,,,,,,,,,,,,,
2025,1,1,31,5,2025-01-31,AA,19805,AA,N448AN,824,14100,1410005,34100,PHL,"Philadelphia, PA",PA,42,Pennsylvania,23,12892,1289208,32575,LAX,"Los Angeles, CA",CA,6,California,91,850,852.0,2.0,2.0,0.0,0.0,0800-0859,35.0,927.0,1133.0,5.0,1203,1138.0,-25.0,0.0,0.0,-2.0,1200-1259,0.0,,0.0,373.0,346.0,306.0,1.0,2402.0,10,,,,,,,,,0,,,,,,,,,,,,,,,,,,,,,,,,,,,,,,,,,,,,,,,,,,,,,
2025,1,1,26,7,2025-01-26,DL,19790,DL,N989AT,2015,14100,1410005,34100,PHL,"Philadelphia, PA",PA,42,Pennsylvania,23,11433,1143302,31295,DTW,"Detroit, MI",MI,26,Michigan,43,1300,1252.0,-8.0,0.0,0.0,-1.0,1300-1359,14.0,1306.0,1428.0,8.0,1449,1436.0,-13.0,0.0,0.0,-1.0,1400-1459,0.0,,0.0,109.0,104.0,82.0,1.0,453.0,2,,,,,,,,,0,,,,,,,,,,,,,,,,,,,,,,,,,,,,,,,,,,,,,,,,,,,,,
2025,1,1,21,2,2025-01-21,UA,19977,UA,N37295,1959,10299,1029906,30299,ANC,"Anchorage, AK",AK,2,Alaska,1,11292,1129202,30325,DEN,"Denver, CO",CO,8,Colorado,82,2359,26.0,27.0,27.0,1.0,1.0,2300-2359,22.0,48.0,714.0,8.0,719,722.0,3.0,3.0,0.0,0.0,0700-0759,0.0,,0.0,320.0,296.0,266.0,1.0,2405.0,10,,,,,,,,,0,,,,,,,,,,,,,,,,,,,,,,,,,,,,,,,,,,,,,,,,,,,,,
2025,1,1,22,3,2025-01-22,AA,19805,AA,N120EE,703,11057,1105703,31057,CLT,"Charlotte, NC",NC,37,North Carolina,36,10792,1079206,30792,BUF,"Buffalo, NY",NY,36,New York,22,2229,2228.0,-1.0,0.0,0.0,-1.0,2200-2259,12.0,2240.0,2354.0,3.0,14,2357.0,-17.0,0.0,0.0,-2.0,0001-0559,0.0,,0.0,105.0,89.0,74.0,1.0,546.0,3,,,,,,,,,0,,,,,,,,,,,,,,,,,,,,,,,,,,,,,,,,,,,,,,,,,,,,,
2025,1,1,4,6,2025-01-04,OO,20304,OO,N548CA,3971,10208,1020803,30208,AGS,"Augusta, GA",GA,13,Georgia,34,10397,1039707,30397,ATL,"Atlanta, GA",GA,13,Georgia,34,1405,1413.0,8.0,8.0,0.0,0.0,1400-1459,13.0,1426.0,1500.0,7.0,1518,1507.0,-11.0,0.0,0.0,-1.0,1500-1559,0.0,,0.0,73.0,54.0,34.0,1.0,143.0,1,,,,,,,,,0,,,,,,,,,,,,,,,,,,,,,,,,,,,,,,,,,,,,,,,,,,,,,
2025,1,1,8,3,2025-01-08,OO,20304,OO,N742SK,6429,11298,1129806,30194,DFW,"Dallas/Fort Worth, TX",TX,48,Texas,74,10372,1037205,30372,ASE,"Aspen, CO",CO,8,Colorado,82,1900,1932.0,32.0,32.0,1.0,2.0,1900-1959,15.0,1947.0,2036.0,4.0,2041,2040.0,-1.0,0.0,0.0,-1.0,2000-2059,0.0,,0.0,161.0,128.0,109.0,1.0,701.0,3,,,,,,,,,0,,,,,,,,,,,,,,,,,,,,,,,,,,,,,,,,,,,,,,,,,,,,,
2025,1,1,26,7,2025-01-26,UA,19977,UA,N452UA,1293,13930,1393008,30977,ORD,"Chicago, IL",IL,17,Illinois,41,12953,1295304,31703,LGA,"New York, NY",NY,36,New York,22,1830,1917.0,47.0,47.0,1.0,3.0,1800-1859,13.0,1930.0,2157.0,5.0,2148,2202.0,14.0,14.0,0.0,0.0,2100-2159,0.0,,0.0,138.0,105.0,87.0,1.0,733.0,3,,,,,,,,,0,,,,,,,,,,,,,,,,,,,,,,,,,,,,,,,,,,,,,,,,,,,,,
2025,1,1,18,6,2025-01-18,OO,20304,OO,N193SY,3474,13476,1347605,34922,MRY,"Monterey, CA",CA,6,California,91,14679,1467903,33570,SAN,"San Diego, CA",CA,6,California,91,600,550.0,-10.0,0.0,0.0,-1.0,0600-0659,11.0,601.0,656.0,11.0,722,707.0,-15.0,0.0,0.0,-1.0,0700-0759,0.0,,0.0,82.0,77.0,55.0,1.0,375.0,2,,,,,,,,,0,,,,,,,,,,,,,,,,,,,,,,,,,,,,,,,,,,,,,,,,,,,,,
2025,1,1,31,5,2025-01-31,OH,20397,OH,N615NN,5204,12945,1294503,32945,LEX,"Lexington, KY",KY,21,Kentucky,52,11057,1105703,31057,CLT,"Charlotte, NC",NC,37,North Carolina,36,629,628.0,-1.0,0.0,0.0,-1.0,0600-0659,10.0,638.0,725.0,25.0,808,750.0,-18.0,0.0,0.0,-2.0,0800-0859,0.0,,0.0,99.0,82.0,47.0,1.0,281.0,2,,,,,,,,,0,,,,,,,,,,,,,,,,,,,,,,,,,,,,,,,,,,,,,,,,,,,,,
2025,1,1,2,4,2025-01-02,OO,20304,OO,N806SK,3686,11433,1143302,31295,DTW,"Detroit, MI",MI,26,Michigan,43,11977,1197705,31977,GRB,"Green Bay, WI",WI,55,Wisconsin,45,1259,1247.0,-12.0,0.0,0.0,-1.0,1200-1259,42.0,1329.0,1321.0,3.0,1325,1324.0,-1.0,0.0,0.0,-1.0,1300-1359,0.0,,0.0,86.0,97.0,52.0,1.0,287.0,2,,,,,,,,,0,,,,,,,,,,,,,,,,,,,,,,,,,,,,,,,,,,,,,,,,,,,,,
2025,1,1,6,1,2025-01-06,AA,19805,AA,N755US,1010,11298,1129806,30194,DFW,"Dallas/Fort Worth, TX",TX,48,Texas,74,15016,1501606,31123,STL,"St. Louis, MO",MO,29,Missouri,64,2040,,,,,,2000-2059,,,,,2221,,,,,,2200-2259,1.0,B,0.0,101.0,,,1.0,550.0,3,,,,,,,,,0,,,,,,,,,,,,,,,,,,,,,,,,,,,,,,,,,,,,,,,,,,,,,
2025,1,1,3,5,2025-01-03,YX,20452,YX,N865RW,3510,13342,1334207,33342,MKE,"Milwaukee, WI",WI,55,Wisconsin,45,11618,1161802,31703,EWR,"Newark, NJ",NJ,34,New Jersey,21,1739,1748.0,9.0,9.0,0.0,0.0,1700-1759,11.0,1759.0,2041.0,11.0,2059,2052.0,-7.0,0.0,0.0,-1.0,2000-2059,0.0,,0.0,140.0,124.0,102.0,1.0,725.0,3,,,,,,,,,0,,,,,,,,,,,,,,,,,,,,,,,,,,,,,,,,,,,,,,,,,,,,,
2025,1,1,2,4,2025-01-02,F9,20436,F9,N609FR,3545,12478,1247805,31703,JFK,"New York, NY",NY,36,New York,22,14843,1484306,34819,SJU,"San Juan, PR",PR,72,Puerto Rico,3,1123,1129.0,6.0,6.0,0.0,0.0,1100-1159,19.0,1148.0,1612.0,6.0,1620,1618.0,-2.0,0.0,0.0,-1.0,1600-1659,0.0,,0.0,237.0,229.0,204.0,1.0,1598.0,7,,,,,,,,,0,,,,,,,,,,,,,,,,,,,,,,,,,,,,,,,,,,,,,,,,,,,,,
2025,1,1,28,2,2025-01-28,WN,19393,WN,N7819A,454,11292,1129202,30325,DEN,"Denver, CO",CO,8,Colorado,82,14683,1468305,33214,SAT,"San Antonio, TX",TX,48,Texas,74,900,857.0,-3.0,0.0,0.0,-1.0,0900-0959,9.0,906.0,1152.0,4.0,1215,1156.0,-19.0,0.0,0.0,-2.0,1200-1259,0.0,,0.0,135.0,119.0,106.0,1.0,794.0,4,,,,,,,,,0,,,,,,,,,,,,,,,,,,,,,,,,,,,,,,,,,,,,,,,,,,,,,
2025,1,1,21,2,2025-01-21,AA,19805,AA,N437AN,556,14107,1410702,30466,PHX,"Phoenix, AZ",AZ,4,Arizona,81,11298,1129806,30194,DFW,"Dallas/Fort Worth, TX",TX,48,Texas,74,1955,1954.0,-1.0,0.0,0.0,-1.0,1900-1959,18.0,2012.0,2256.0,6.0,2316,2302.0,-14.0,0.0,0.0,-1.0,2300-2359,0.0,,0.0,141.0,128.0,104.0,1.0,868.0,4,,,,,,,,,0,,,,,,,,,,,,,,,,,,,,,,,,,,,,,,,,,,,,,,,,,,,,,
2025,1,1,9,4,2025-01-09,AS,19930,AS,N947AK,494,14747,1474703,30559,SEA,"Seattle, WA",WA,53,Washington,93,14683,1468305,33214,SAT,"San Antonio, TX",TX,48,Texas,74,801,1007.0,126.0,126.0,1.0,8.0,0800-0859,26.0,1033.0,1600.0,5.0,1407,1605.0,118.0,118.0,1.0,7.0,1400-1459,0.0,,0.0,246.0,238.0,207.0,1.0,1774.0,8,118.0,0.0,0.0,0.0,0.0,,,,0,,,,,,,,,,,,,,,,,,,,,,,,,,,,,,,,,,,,,,,,,,,,,
2025,1,1,25,6,2025-01-25,F9,20436,F9,N624FR,2746,11292,1129202,30325,DEN,"Denver, CO",CO,8,Colorado,82,15304,1530402,33195,TPA,"Tampa, FL",FL,12,Florida,33,1223,1232.0,9.0,9.0,0.0,0.0,1200-1259,61.0,1333.0,1823.0,7.0,1750,1830.0,40.0,40.0,1.0,2.0,1700-1759,0.0,,0.0,207.0,238.0,170.0,1.0,1506.0,7,9.0,0.0,31.0,0.0,0.0,,,,0,,,,,,,,,,,,,,,,,,,,,,,,,,,,,,,,,,,,,,,,,,,,,
2025,1,1,8,3,2025-01-08,UA,19977,UA,N57857,1898,11292,1129202,30325,DEN,"Denver, CO",CO,8,Colorado,82,13930,1393008,30977,ORD,"Chicago, IL",IL,17,Illinois,41,1755,1750.0,-5.0,0.0,0.0,-1.0,1700-1759,22.0,1812.0,2108.0,23.0,2125,2131.0,6.0,6.0,0.0,0.0,2100-2159,0.0,,0.0,150.0,161.0,116.0,1.0,888.0,4,,,,,,,,,0,,,,,,,,,,,,,,,,,,,,,,,,,,,,,,,,,,,,,,,,,,,,,
2025,1,1,5,7,2025-01-05,DL,19790,DL,N659DL,1791,10397,1039707,30397,ATL,"Atlanta, GA",GA,13,Georgia,34,14843,1484306,34819,SJU,"San Juan, PR",PR,72,Puerto Rico,3,1646,1643.0,-3.0,0.0,0.0,-1.0,1600-1659,17.0,1700.0,2104.0,4.0,2106,2108.0,2.0,2.0,0.0,0.0,2100-2159,0.0,,0.0,200.0,205.0,184.0,1.0,1547.0,7,,,,,,,,,0,,,,,,,,,,,,,,,,,,,,,,,,,,,,,,,,,,,,,,,,,,,,,
2025,1,1,8,3,2025-01-08,WN,19393,WN,N8930S,1061,14869,1486903,34614,SLC,"Salt Lake City, UT",UT,49,Utah,87,11259,1125904,30194,DAL,"Dallas, TX",TX,48,Texas,74,1445,1445.0,0.0,0.0,0.0,0.0,1400-1459,13.0,1458.0,1807.0,4.0,1815,1811.0,-4.0,0.0,0.0,-1.0,1800-1859,0.0,,0.0,150.0,146.0,129.0,1.0,999.0,4,,,,,,,,,0,,,,,,,,,,,,,,,,,,,,,,,,,,,,,,,,,,,,,,,,,,,,,
2025,1,1,7,2,2025-01-07,OO,20304,OO,N517SY,4938,12892,1289208,32575,LAX,"Los Angeles, CA",CA,6,California,91,14869,1486903,34614,SLC,"Salt Lake City, UT",UT,49,Utah,87,1426,1423.0,-3.0,0.0,0.0,-1.0,1400-1459,16.0,1439.0,1711.0,5.0,1720,1716.0,-4.0,0.0,0.0,-1.0,1700-1759,0.0,,0.0,114.0,113.0,92.0,1.0,590.0,3,,,,,,,,,0,,,,,,,,,,,,,,,,,,,,,,,,,,,,,,,,,,,,,,,,,,,,,
2025,1,1,10,5,2025-01-10,YX,20452,YX,N424YX,4368,12339,1233904,32337,IND,"Indianapolis, IN",IN,18,Indiana,42,10721,1072102,30721,BOS,"Boston, MA",MA,25,Massachusetts,13,1622,1640.0,18.0,18.0,1.0,1.0,1600-1659,34.0,1714.0,1848.0,5.0,1835,1853.0,18.0,18.0,1.0,1.0,1800-1859,0.0,,0.0,133.0,133.0,94.0,1.0,818.0,4,18.0,0.0,0.0,0.0,0.0,,,,0,,,,,,,,,,,,,,,,,,,,,,,,,,,,,,,,,,,,,,,,,,,,,
2025,1,1,26,7,2025-01-26,G4,20368,G4,318NV,1711,13264,1326404,33264,MFR,"Medford, OR",OR,41,Oregon,92,14908,1490803,32575,SNA,"Santa Ana, CA",CA,6,California,91,1447,1448.0,1.0,1.0,0.0,0.0,1400-1459,8.0,1456.0,1633.0,5.0,1648,1638.0,-10.0,0.0,0.0,-1.0,1600-1659,0.0,,0.0,121.0,110.0,97.0,1.0,659.0,3,,,,,,,,,0,,,,,,,,,,,,,,,,,,,,,,,,,,,,,,,,,,,,,,,,,,,,,
2025,1,1,6,1,2025-01-06,B6,20409,B6,N2038J,713,12478,1247805,31703,JFK,"New York, NY",NY,36,New York,22,11697,1169706,32467,FLL,"Fort Lauderdale, FL",FL,12,Florida,33,501,450.0,-11.0,0.0,0.0,-1.0,0001-0559,19.0,509.0,744.0,12.0,804,756.0,-8.0,0.0,0.0,-1.0,0800-0859,0.0,,0.0,183.0,186.0,155.0,1.0,1069.0,5,,,,,,,,,0,,,,,,,,,,,,,,,,,,,,,,,,,,,,,,,,,,,,,,,,,,,,,
2025,1,1,20,1,2025-01-20,WN,19393,WN,N7856A,4480,10994,1099402,30994,CHS,"Charleston, SC",SC,45,South Carolina,37,10693,1069302,30693,BNA,"Nashville, TN",TN,47,Tennessee,54,1835,1830.0,-5.0,0.0,0.0,-1.0,1800-1859,8.0,1838.0,1853.0,8.0,1920,1901.0,-19.0,0.0,0.0,-2.0,1900-1959,0.0,,0.0,105.0,91.0,75.0,1.0,439.0,2,,,,,,,,,0,,,,,,,,,,,,,,,,,,,,,,,,,,,,,,,,,,,,,,,,,,,,,
2025,1,1,30,4,2025-01-30,AS,19930,AS,N253AK,1152,14747,1474703,30559,SEA,"Seattle, WA",WA,53,Washington,93,13796,1379610,32457,OAK,"Oakland, CA",CA,6,California,91,2032,2016.0,-16.0,0.0,0.0,-2.0,2000-2059,28.0,2044.0,2228.0,5.0,2239,2233.0,-6.0,0.0,0.0,-1.0,2200-2259,0.0,,0.0,127.0,137.0,104.0,1.0,672.0,3,,,,,,,,,0,,,,,,,,,,,,,,,,,,,,,,,,,,,,,,,,,,,,,,,,,,,,,
2025,1,1,2,4,2025-01-02,DL,19790,DL,N885DN,1239,14747,1474703,30559,SEA,"Seattle, WA",WA,53,Washington,93,14869,1486903,34614,SLC,"Salt Lake City, UT",UT,49,Utah,87,1905,1858.0,-7.0,0.0,0.0,-1.0,1900-1959,13.0,1911.0,2135.0,9.0,2213,2144.0,-29.0,0.0,0.0,-2.0,2200-2259,0.0,,0.0,128.0,106.0,84.0,1.0,689.0,3,,,,,,,,,0,,,,,,,,,,,,,,,,,,,,,,,,,,,,,,,,,,,,,,,,,,,,,
2025,1,1,31,5,2025-01-31,YX,20452,YX,N654RW,3713,11986,1198603,31986,GRR,"Grand Rapids, MI",MI,26,Michigan,43,13930,1393008,30977,ORD,"Chicago, IL",IL,17,Illinois,41,710,710.0,0.0,0.0,0.0,0.0,0700-0759,22.0,732.0,711.0,19.0,725,730.0,5.0,5.0,0.0,0.0,0700-0759,0.0,,0.0,75.0,80.0,39.0,1.0,137.0,1,,,,,,,,,0,,,,,,,,,,,,,,,,,,,,,,,,,,,,,,,,,,,,,,,,,,,,,
2025,1,1,24,5,2025-01-24,DL,19790,DL,N926DZ,2195,12953,1295304,31703,LGA,"New York, NY",NY,36,New York,22,15304,1530402,33195,TPA,"Tampa, FL",FL,12,Florida,33,1058,1054.0,-4.0,0.0,0.0,-1.0,1000-1059,12.0,1106.0,1408.0,3.0,1410,1411.0,1.0,1.0,0.0,0.0,1400-1459,0.0,,0.0,192.0,197.0,182.0,1.0,1010.0,5,,,,,,,,,0,,,,,,,,,,,,,,,,,,,,,,,,,,,,,,,,,,,,,,,,,,,,,
2025,1,1,3,5,2025-01-03,OO,20304,OO,N837SK,3962,13184,1318403,33184,MBS,"Saginaw/Bay City/Midland, MI",MI,26,Michigan,43,11433,1143302,31295,DTW,"Detroit, MI",MI,26,Michigan,43,615,620.0,5.0,5.0,0.0,0.0,0600-0659,49.0,709.0,732.0,16.0,717,748.0,31.0,31.0,1.0,2.0,0700-0759,0.0,,0.0,62.0,88.0,23.0,1.0,98.0,1,5.0,0.0,26.0,0.0,0.0,,,,0,,,,,,,,,,,,,,,,,,,,,,,,,,,,,,,,,,,,,,,,,,,,,
2025,1,1,7,2,2025-01-07,WN,19393,WN,N8788L,949,12889,1288904,32211,LAS,"Las Vegas, NV",NV,32,Nevada,85,14679,1467903,33570,SAN,"San Diego, CA",CA,6,California,91,755,752.0,-3.0,0.0,0.0,-1.0,0700-0759,18.0,810.0,855.0,2.0,910,857.0,-13.0,0.0,0.0,-1.0,0900-0959,0.0,,0.0,75.0,65.0,45.0,1.0,258.0,2,,,,,,,,,0,,,,,,,,,,,,,,,,,,,,,,,,,,,,,,,,,,,,,,,,,,,,,
2025,1,1,5,7,2025-01-05,WN,19393,WN,N245WN,1387,11292,1129202,30325,DEN,"Denver, CO",CO,8,Colorado,82,14986,1498603,34986,SRQ,"Sarasota/Bradenton, FL",FL,12,Florida,33,1320,1331.0,11.0,11.0,0.0,0.0,1300-1359,12.0,1343.0,1851.0,3.0,1845,1854.0,9.0,9.0,0.0,0.0,1800-1859,0.0,,0.0,205.0,203.0,188.0,1.0,1531.0,7,,,,,,,,,0,,,,,,,,,,,,,,,,,,,,,,,,,,,,,,,,,,,,,,,,,,,,,
2025,1,1,12,7,2025-01-12,AA,19805,AA,N813AW,1043,11057,1105703,31057,CLT,"Charlotte, NC",NC,37,North Carolina,36,14576,1457607,34576,ROC,"Rochester, NY",NY,36,New York,22,2045,2046.0,1.0,1.0,0.0,0.0,2000-2059,30.0,2116.0,2235.0,6.0,2238,2241.0,3.0,3.0,0.0,0.0,2200-2259,0.0,,0.0,113.0,115.0,79.0,1.0,573.0,3,,,,,,,,,0,,,,,,,,,,,,,,,,,,,,,,,,,,,,,,,,,,,,,,,,,,,,,
2025,1,1,18,6,2025-01-18,OO,20304,OO,N830SK,3720,11433,1143302,31295,DTW,"Detroit, MI",MI,26,Michigan,43,14100,1410005,34100,PHL,"Philadelphia, PA",PA,42,Pennsylvania,23,700,655.0,-5.0,0.0,0.0,-1.0,0700-0759,22.0,717.0,825.0,6.0,846,831.0,-15.0,0.0,0.0,-1.0,0800-0859,0.0,,0.0,106.0,96.0,68.0,1.0,453.0,2,,,,,,,,,0,,,,,,,,,,,,,,,,,,,,,,,,,,,,,,,,,,,,,,,,,,,,,
2025,1,1,14,2,2025-01-14,HA,19690,HA,N218HA,45,14831,1483106,32457,SJC,"San Jose, CA",CA,6,California,91,13830,1383002,33830,OGG,"Kahului, HI",HI,15,Hawaii,2,835,817.0,-18.0,0.0,0.0,-2.0,0800-0859,16.0,833.0,1119.0,3.0,1210,1122.0,-48.0,0.0,0.0,-2.0,1200-1259,0.0,,0.0,335.0,305.0,286.0,1.0,2355.0,10,,,,,,,,,0,,,,,,,,,,,,,,,,,,,,,,,,,,,,,,,,,,,,,,,,,,,,,
2025,1,1,6,1,2025-01-06,DL,19790,DL,N915AT,1391,10397,1039707,30397,ATL,"Atlanta, GA",GA,13,Georgia,34,10208,1020803,30208,AGS,"Augusta, GA",GA,13,Georgia,34,1025,1022.0,-3.0,0.0,0.0,-1.0,1000-1059,19.0,1041.0,1113.0,22.0,1122,1135.0,13.0,13.0,0.0,0.0,1100-1159,0.0,,0.0,57.0,73.0,32.0,1.0,143.0,1,,,,,,,,,0,,,,,,,,,,,,,,,,,,,,,,,,,,,,,,,,,,,,,,,,,,,,,
2025,1,1,25,6,2025-01-25,OO,20304,OO,N955SW,5308,11292,1129202,30325,DEN,"Denver, CO",CO,8,Colorado,82,11109,1110902,30189,COS,"Colorado Springs, CO",CO,8,Colorado,82,1700,1844.0,104.0,104.0,1.0,6.0,1700-1759,44.0,1928.0,1956.0,11.0,1753,2007.0,134.0,134.0,1.0,8.0,1700-1759,0.0,,0.0,53.0,83.0,28.0,1.0,73.0,1,0.0,0.0,30.0,0.0,104.0,,,,0,,,,,,,,,,,,,,,,,,,,,,,,,,,,,,,,,,,,,,,,,,,,,
2025,1,1,27,1,2025-01-27,OH,20397,OH,N575NN,5389,11057,1105703,31057,CLT,"Charlotte, NC",NC,37,North Carolina,36,14696,1469608,34696,SBN,"South Bend, IN",IN,18,Indiana,42,901,854.0,-7.0,0.0,0.0,-1.0,0900-0959,21.0,915.0,1039.0,4.0,1107,1043.0,-24.0,0.0,0.0,-2.0,1100-1159,0.0,,0.0,126.0,109.0,84.0,1.0,534.0,3,,,,,,,,,0,,,,,,,,,,,,,,,,,,,,,,,,,,,,,,,,,,,,,,,,,,,,,
2025,1,1,15,3,2025-01-15,MQ,20398,MQ,N259NN,3468,10397,1039707,30397,ATL,"Atlanta, GA",GA,13,Georgia,34,13930,1393008,30977,ORD,"Chicago, IL",IL,17,Illinois,41,1225,1222.0,-3.0,0.0,0.0,-1.0,1200-1259,17.0,1239.0,1312.0,8.0,1340,1320.0,-20.0,0.0,0.0,-2.0,1300-1359,0.0,,0.0,135.0,118.0,93.0,1.0,606.0,3,,,,,,,,,0,,,,,,,,,,,,,,,,,,,,,,,,,,,,,,,,,,,,,,,,,,,,,
2025,1,1,26,7,2025-01-26,UA,19977,UA,N76526,1390,11292,1129202,30325,DEN,"Denver, CO",CO,8,Colorado,82,13931,1393102,33667,ORF,"Norfolk, VA",VA,51,Virginia,38,1747,1744.0,-3.0,0.0,0.0,-1.0,1700-1759,29.0,1813.0,2256.0,4.0,2313,2300.0,-13.0,0.0,0.0,-1.0,2300-2359,0.0,,0.0,206.0,196.0,163.0,1.0,1553.0,7,,,,,,,,,0,,,,,,,,,,,,,,,,,,,,,,,,,,,,,,,,,,,,,,,,,,,,,
2025,1,1,27,1,2025-01-27,YX,20452,YX,N647RW,3431,11618,1161802,31703,EWR,"Newark, NJ",NJ,34,New Jersey,21,11193,1119302,33105,CVG,"Cincinnati, OH",KY,21,Kentucky,52,1330,1319.0,-11.0,0.0,0.0,-1.0,1300-1359,18.0,1337.0,1508.0,20.0,1546,1528.0,-18.0,0.0,0.0,-2.0,1500-1559,0.0,,0.0,136.0,129.0,91.0,1.0,569.0,3,,,,,,,,,0,,,,,,,,,,,,,,,,,,,,,,,,,,,,,,,,,,,,,,,,,,,,,
2025,1,1,12,7,2025-01-12,OO,20304,OO,N404SY,3480,11884,1188402,31884,GEG,"Spokane, WA",WA,53,Washington,93,14747,1474703,30559,SEA,"Seattle, WA",WA,53,Washington,93,1529,1540.0,11.0,11.0,0.0,0.0,1500-1559,13.0,1553.0,1636.0,10.0,1646,1646.0,0.0,0.0,0.0,0.0,1600-1659,0.0,,0.0,77.0,66.0,43.0,1.0,224.0,1,,,,,,,,,0,,,,,,,,,,,,,,,,,,,,,,,,,,,,,,,,,,,,,,,,,,,,,
2025,1,1,1,3,2025-01-01,UA,19977,UA,N76254,1858,12264,1226402,30852,IAD,"Washington, DC",VA,51,Virginia,38,14869,1486903,34614,SLC,"Salt Lake City, UT",UT,49,Utah,87,1730,1812.0,42.0,42.0,1.0,2.0,1700-1759,19.0,1831.0,2053.0,6.0,2020,2059.0,39.0,39.0,1.0,2.0,2000-2059,0.0,,0.0,290.0,287.0,262.0,1.0,1828.0,8,39.0,0.0,0.0,0.0,0.0,,,,0,,,,,,,,,,,,,,,,,,,,,,,,,,,,,,,,,,,,,,,,,,,,,
2025,1,1,20,1,2025-01-20,AA,19805,AA,N156UW,2284,14100,1410005,34100,PHL,"Philadelphia, PA",PA,42,Pennsylvania,23,15304,1530402,33195,TPA,"Tampa, FL",FL,12,Florida,33,820,827.0,7.0,7.0,0.0,0.0,0800-0859,31.0,858.0,1132.0,3.0,1114,1135.0,21.0,21.0,1.0,1.0,1100-1159,0.0,,0.0,174.0,188.0,154.0,1.0,920.0,4,7.0,0.0,14.0,0.0,0.0,,,,0,,,,,,,,,,,,,,,,,,,,,,,,,,,,,,,,,,,,,,,,,,,,,
2025,1,1,31,5,2025-01-31,OO,20304,OO,N128SY,5624,12266,1226603,31453,IAH,"Houston, TX",TX,48,Texas,74,14814,1481403,30476,SHV,"Shreveport, LA",LA,22,Louisiana,72,1200,1159.0,-1.0,0.0,0.0,-1.0,1200-1259,16.0,1215.0,1251.0,5.0,1312,1256.0,-16.0,0.0,0.0,-2.0,1300-1359,0.0,,0.0,72.0,57.0,36.0,1.0,192.0,1,,,,,,,,,0,,,,,,,,,,,,,,,,,,,,,,,,,,,,,,,,,,,,,,,,,,,,,
2025,1,1,21,2,2025-01-21,WN,19393,WN,N8813Q,2276,13495,1349505,33495,MSY,"New Orleans, LA",LA,22,Louisiana,72,12191,1219103,31453,HOU,"Houston, TX",TX,48,Texas,74,1330,,,,,,1300-1359,,,,,1450,,,,,,1400-1459,1.0,B,0.0,80.0,,,1.0,302.0,2,,,,,,,,,0,,,,,,,,,,,,,,,,,,,,,,,,,,,,,,,,,,,,,,,,,,,,,
2025,1,1,15,3,2025-01-15,MQ,20398,MQ,N321JS,3460,11298,1129806,30194,DFW,"Dallas/Fort Worth, TX",TX,48,Texas,74,12206,1220605,32206,HRL,"Harlingen/San Benito, TX",TX,48,Texas,74,810,805.0,-5.0,0.0,0.0,-1.0,0800-0859,20.0,825.0,942.0,3.0,952,945.0,-7.0,0.0,0.0,-1.0,0900-0959,0.0,,0.0,102.0,100.0,77.0,1.0,461.0,2,,,,,,,,,0,,,,,,,,,,,,,,,,,,,,,,,,,,,,,,,,,,,,,,,,,,,,,
2025,1,1,17,5,2025-01-17,OO,20304,OO,N608SK,4964,10693,1069302,30693,BNA,"Nashville, TN",TN,47,Tennessee,54,13930,1393008,30977,ORD,"Chicago, IL",IL,17,Illinois,41,713,714.0,1.0,1.0,0.0,0.0,0700-0759,45.0,759.0,911.0,13.0,908,924.0,16.0,16.0,1.0,1.0,0900-0959,0.0,,0.0,115.0,130.0,72.0,1.0,409.0,2,1.0,0.0,15.0,0.0,0.0,,,,0,,,,,,,,,,,,,,,,,,,,,,,,,,,,,,,,,,,,,,,,,,,,,
2025,1,1,11,6,2025-01-11,OH,20397,OH,N631NN,5126,11057,1105703,31057,CLT,"Charlotte, NC",NC,37,North Carolina,36,15624,1562404,31504,VPS,"Valparaiso, FL",FL,12,Florida,33,1117,1112.0,-5.0,0.0,0.0,-1.0,1100-1159,13.0,1125.0,1202.0,5.0,1224,1207.0,-17.0,0.0,0.0,-2.0,1200-1259,0.0,,0.0,127.0,115.0,97.0,1.0,460.0,2,,,,,,,,,0,,,,,,,,,,,,,,,,,,,,,,,,,,,,,,,,,,,,,,,,,,,,,
2025,1,1,18,6,2025-01-18,WN,19393,WN,N228WN,4501,14635,1463502,31714,RSW,"Fort Myers, FL",FL,12,Florida,33,14122,1412202,30198,PIT,"Pittsburgh, PA",PA,42,Pennsylvania,23,1515,1509.0,-6.0,0.0,0.0,-1.0,1500-1559,13.0,1522.0,1724.0,6.0,1755,1730.0,-25.0,0.0,0.0,-2.0,1700-1759,0.0,,0.0,160.0,141.0,122.0,1.0,966.0,4,,,,,,,,,0,,,,,,,,,,,,,,,,,,,,,,,,,,,,,,,,,,,,,,,,,,,,,
2025,1,1,22,3,2025-01-22,AA,19805,AA,N964AN,533,13930,1393008,30977,ORD,"Chicago, IL",IL,17,Illinois,41,14492,1449202,34492,RDU,"Raleigh/Durham, NC",NC,37,North Carolina,36,1559,1545.0,-14.0,0.0,0.0,-1.0,1500-1559,13.0,1558.0,1825.0,4.0,1855,1829.0,-26.0,0.0,0.0,-2.0,1800-1859,0.0,,0.0,116.0,104.0,87.0,1.0,646.0,3,,,,,,,,,0,,,,,,,,,,,,,,,,,,,,,,,,,,,,,,,,,,,,,,,,,,,,,
2025,1,1,1,3,2025-01-01,AA,19805,AA,N928AM,2092,14843,1484306,34819,SJU,"San Juan, PR",PR,72,Puerto Rico,3,14100,1410005,34100,PHL,"Philadelphia, PA",PA,42,Pennsylvania,23,620,612.0,-8.0,0.0,0.0,-1.0,0600-0659,11.0,623.0,849.0,4.0,930,853.0,-37.0,0.0,0.0,-2.0,0900-0959,0.0,,0.0,250.0,221.0,206.0,1.0,1576.0,7,,,,,,,,,0,,,,,,,,,,,,,,,,,,,,,,,,,,,,,,,,,,,,,,,,,,,,,
2025,1,1,12,7,2025-01-12,DL,19790,DL,N549DN,1447,14869,1486903,34614,SLC,"Salt Lake City, UT",UT,49,Utah,87,14107,1410702,30466,PHX,"Phoenix, AZ",AZ,4,Arizona,81,820,842.0,22.0,22.0,1.0,1.0,0800-0859,25.0,907.0,1021.0,5.0,1017,1026.0,9.0,9.0,0.0,0.0,1000-1059,0.0,,0.0,117.0,104.0,74.0,1.0,507.0,3,,,,,,,,,0,,,,,,,,,,,,,,,,,,,,,,,,,,,,,,,,,,,,,,,,,,,,,
2025,1,1,6,1,2025-01-06,OH,20397,OH,N505AE,5399,11278,1127805,30852,DCA,"Washington, DC",VA,51,Virginia,38,10785,1078502,30785,BTV,"Burlington, VT",VT,50,Vermont,16,1213,,,,,,1200-1259,,,,,1351,,,,,,1300-1359,1.0,B,0.0,98.0,,,1.0,437.0,2,,,,,,,,,0,,,,,,,,,,,,,,,,,,,,,,,,,,,,,,,,,,,,,,,,,,,,,
2025,1,1,5,7,2025-01-05,WN,19393,WN,N8639B,546,13204,1320402,31454,MCO,"Orlando, FL",FL,12,Florida,33,13232,1323202,30977,MDW,"Chicago, IL",IL,17,Illinois,41,1020,1018.0,-2.0,0.0,0.0,-1.0,1000-1059,17.0,1035.0,1153.0,2.0,1210,1155.0,-15.0,0.0,0.0,-1.0,1200-1259,0.0,,0.0,170.0,157.0,138.0,1.0,990.0,4,,,,,,,,,0,,,,,,,,,,,,,,,,,,,,,,,,,,,,,,,,,,,,,,,,,,,,,
2025,1,1,3,5,2025-01-03,OH,20397,OH,N716PS,5244,14100,1410005,34100,PHL,"Philadelphia, PA",PA,42,Pennsylvania,23,11278,1127805,30852,DCA,"Washington, DC",VA,51,Virginia,38,1845,1843.0,-2.0,0.0,0.0,-1.0,1800-1859,18.0,1901.0,1943.0,12.0,2002,1955.0,-7.0,0.0,0.0,-1.0,2000-2059,0.0,,0.0,77.0,72.0,42.0,1.0,119.0,1,,,,,,,,,0,,,,,,,,,,,,,,,,,,,,,,,,,,,,,,,,,,,,,,,,,,,,,
2025,1,1,16,4,2025-01-16,DL,19790,DL,N673DL,2224,10397,1039707,30397,ATL,"Atlanta, GA",GA,13,Georgia,34,13495,1349505,33495,MSY,"New Orleans, LA",LA,22,Louisiana,72,2253,2304.0,11.0,11.0,0.0,0.0,2200-2259,14.0,2318.0,2322.0,3.0,2329,2325.0,-4.0,0.0,0.0,-1.0,2300-2359,0.0,,0.0,96.0,81.0,64.0,1.0,425.0,2,,,,,,,,,0,,,,,,,,,,,,,,,,,,,,,,,,,,,,,,,,,,,,,,,,,,,,,
2025,1,1,30,4,2025-01-30,OO,20304,OO,N856AS,4788,13930,1393008,30977,ORD,"Chicago, IL",IL,17,Illinois,41,14730,1473004,33044,SDF,"Louisville, KY",KY,21,Kentucky,52,1440,1432.0,-8.0,0.0,0.0,-1.0,1400-1459,27.0,1459.0,1653.0,8.0,1706,1701.0,-5.0,0.0,0.0,-1.0,1700-1759,0.0,,0.0,86.0,89.0,54.0,1.0,286.0,2,,,,,,,,,0,,,,,,,,,,,,,,,,,,,,,,,,,,,,,,,,,,,,,,,,,,,,,
2025,1,1,3,5,2025-01-03,DL,19790,DL,N6703D,1227,15304,1530402,33195,TPA,"Tampa, FL",FL,12,Florida,33,10397,1039707,30397,ATL,"Atlanta, GA",GA,13,Georgia,34,1105,1130.0,25.0,25.0,1.0,1.0,1100-1159,13.0,1143.0,1252.0,4.0,1238,1256.0,18.0,18.0,1.0,1.0,1200-1259,0.0,,0.0,93.0,86.0,69.0,1.0,406.0,2,0.0,0.0,0.0,0.0,18.0,,,,0,,,,,,,,,,,,,,,,,,,,,,,,,,,,,,,,,,,,,,,,,,,,,
2025,1,1,8,3,2025-01-08,WN,19393,WN,N8536Z,1792,15304,1530402,33195,TPA,"Tampa, FL",FL,12,Florida,33,12191,1219103,31453,HOU,"Houston, TX",TX,48,Texas,74,1755,1756.0,1.0,1.0,0.0,0.0,1700-1759,14.0,1810.0,1916.0,4.0,1930,1920.0,-10.0,0.0,0.0,-1.0,1900-1959,0.0,,0.0,155.0,144.0,126.0,1.0,781.0,4,,,,,,,,,0,,,,,,,,,,,,,,,,,,,,,,,,,,,,,,,,,,,,,,,,,,,,,
2025,1,1,9,4,2025-01-09,WN,19393,WN,N8746Q,508,12391,1239103,31703,ISP,"Islip, NY",NY,36,New York,22,10821,1082106,30852,BWI,"Baltimore, MD",MD,24,Maryland,35,610,608.0,-2.0,0.0,0.0,-1.0,0600-0659,12.0,620.0,711.0,4.0,740,715.0,-25.0,0.0,0.0,-2.0,0700-0759,0.0,,0.0,90.0,67.0,51.0,1.0,220.0,1,,,,,,,,,0,,,,,,,,,,,,,,,,,,,,,,,,,,,,,,,,,,,,,,,,,,,,,
2025,1,1,9,4,2025-01-09,YX,20452,YX,N230JQ,5676,10721,1072102,30721,BOS,"Boston, MA",MA,25,Massachusetts,13,14524,1452401,34524,RIC,"Richmond, VA",VA,51,Virginia,38,1710,1704.0,-6.0,0.0,0.0,-1.0,1700-1759,20.0,1724.0,1843.0,9.0,1917,1852.0,-25.0,0.0,0.0,-2.0,1900-1959,0.0,,0.0,127.0,108.0,79.0,1.0,474.0,2,,,,,,,,,0,,,,,,,,,,,,,,,,,,,,,,,,,,,,,,,,,,,,,,,,,,,,,
2025,1,1,25,6,2025-01-25,YX,20452,YX,N766YX,3476,11618,1161802,31703,EWR,"Newark, NJ",NJ,34,New Jersey,21,11986,1198603,31986,GRR,"Grand Rapids, MI",MI,26,Michigan,43,1845,1837.0,-8.0,0.0,0.0,-1.0,1800-1859,29.0,1906.0,2101.0,4.0,2109,2105.0,-4.0,0.0,0.0,-1.0,2100-2159,0.0,,0.0,144.0,148.0,115.0,1.0,605.0,3,,,,,,,,,0,,,,,,,,,,,,,,,,,,,,,,,,,,,,,,,,,,,,,,,,,,,,,
2025,1,1,18,6,2025-01-18,WN,19393,WN,N8692F,1096,11259,1125904,30194,DAL,"Dallas, TX",TX,48,Texas,74,14107,1410702,30466,PHX,"Phoenix, AZ",AZ,4,Arizona,81,815,815.0,0.0,0.0,0.0,0.0,0800-0859,8.0,823.0,943.0,11.0,1000,954.0,-6.0,0.0,0.0,-1.0,1000-1059,0.0,,0.0,165.0,159.0,140.0,1.0,879.0,4,,,,,,,,,0,,,,,,,,,,,,,,,,,,,,,,,,,,,,,,,,,,,,,,,,,,,,,
2025,1,1,18,6,2025-01-18,WN,19393,WN,N410WN,1767,10693,1069302,30693,BNA,"Nashville, TN",TN,47,Tennessee,54,11042,1104205,30647,CLE,"Cleveland, OH",OH,39,Ohio,44,1010,1018.0,8.0,8.0,0.0,0.0,1000-1059,11.0,1029.0,1233.0,4.0,1240,1237.0,-3.0,0.0,0.0,-1.0,1200-1259,0.0,,0.0,90.0,79.0,64.0,1.0,448.0,2,,,,,,,,,0,,,,,,,,,,,,,,,,,,,,,,,,,,,,,,,,,,,,,,,,,,,,,
2025,1,1,21,2,2025-01-21,WN,19393,WN,N7736A,614,13871,1387102,33316,OMA,"Omaha, NE",NE,31,Nebraska,65,11278,1127805,30852,DCA,"Washington, DC",VA,51,Virginia,38,1050,1045.0,-5.0,0.0,0.0,-1.0,1000-1059,9.0,1054.0,1353.0,30.0,1415,1423.0,8.0,8.0,0.0,0.0,1400-1459,0.0,,0.0,145.0,158.0,119.0,1.0,1012.0,5,,,,,,,,,0,,,,,,,,,,,,,,,,,,,,,,,,,,,,,,,,,,,,,,,,,,,,,
2025,1,1,31,5,2025-01-31,AA,19805,AA,N952XV,1808,12889,1288904,32211,LAS,"Las Vegas, NV",NV,32,Nevada,85,14107,1410702,30466,PHX,"Phoenix, AZ",AZ,4,Arizona,81,700,800.0,60.0,60.0,1.0,4.0,0700-0759,22.0,822.0,1007.0,5.0,918,1012.0,54.0,54.0,1.0,3.0,0900-0959,0.0,,0.0,78.0,72.0,45.0,1.0,255.0,2,54.0,0.0,0.0,0.0,0.0,,,,0,,,,,,,,,,,,,,,,,,,,,,,,,,,,,,,,,,,,,,,,,,,,,
2025,1,1,27,1,2025-01-27,WN,19393,WN,N7860A,3309,11292,1129202,30325,DEN,"Denver, CO",CO,8,Colorado,82,15016,1501606,31123,STL,"St. Louis, MO",MO,29,Missouri,64,1740,1740.0,0.0,0.0,0.0,0.0,1700-1759,26.0,1806.0,2040.0,5.0,2045,2045.0,0.0,0.0,0.0,0.0,2000-2059,0.0,,0.0,125.0,125.0,94.0,1.0,770.0,4,,,,,,,,,0,,,,,,,,,,,,,,,,,,,,,,,,,,,,,,,,,,,,,,,,,,,,,
2025,1,1,25,6,2025-01-25,OO,20304,OO,N980SW,5106,13930,1393008,30977,ORD,"Chicago, IL",IL,17,Illinois,41,11076,1107603,31076,CMX,"Hancock/Houghton, MI",MI,26,Michigan,43,1245,1319.0,34.0,34.0,1.0,2.0,1200-1259,17.0,1336.0,1549.0,6.0,1521,1555.0,34.0,34.0,1.0,2.0,1500-1559,0.0,,0.0,96.0,96.0,73.0,1.0,360.0,2,0.0,34.0,0.0,0.0,0.0,,,,0,,,,,,,,,,,,,,,,,,,,,,,,,,,,,,,,,,,,,,,,,,,,,
2025,1,1,22,3,2025-01-22,YX,20452,YX,N640RW,3432,10792,1079206,30792,BUF,"Buffalo, NY",NY,36,New York,22,11618,1161802,31703,EWR,"Newark, NJ",NJ,34,New Jersey,21,600,558.0,-2.0,0.0,0.0,-1.0,0600-0659,25.0,623.0,722.0,55.0,735,817.0,42.0,42.0,1.0,2.0,0700-0759,0.0,,0.0,95.0,139.0,59.0,1.0,282.0,2,0.0,0.0,42.0,0.0,0.0,,,,0,,,,,,,,,,,,,,,,,,,,,,,,,,,,,,,,,,,,,,,,,,,,,
2025,1,1,29,3,2025-01-29,DL,19790,DL,N690DL,1763,14843,1484306,34819,SJU,"San Juan, PR",PR,72,Puerto Rico,3,10397,1039707,30397,ATL,"Atlanta, GA",GA,13,Georgia,34,730,726.0,-4.0,0.0,0.0,-1.0,0700-0759,16.0,742.0,1015.0,6.0,1034,1021.0,-13.0,0.0,0.0,-1.0,1000-1059,0.0,,0.0,244.0,235.0,213.0,1.0,1547.0,7,,,,,,,,,0,,,,,,,,,,,,,,,,,,,,,,,,,,,,,,,,,,,,,,,,,,,,,
2025,1,1,12,7,2025-01-12,OH,20397,OH,N539EA,5337,11278,1127805,30852,DCA,"Washington, DC",VA,51,Virginia,38,13931,1393102,33667,ORF,"Norfolk, VA",VA,51,Virginia,38,1351,1443.0,52.0,52.0,1.0,3.0,1300-1359,18.0,1501.0,1535.0,4.0,1455,1539.0,44.0,44.0,1.0,2.0,1400-1459,0.0,,0.0,64.0,56.0,34.0,1.0,142.0,1,31.0,0.0,0.0,0.0,13.0,,,,0,,,,,,,,,,,,,,,,,,,,,,,,,,,,,,,,,,,,,,,,,,,,,
2025,1,1,4,6,2025-01-04,UA,19977,UA,N36444,2379,14747,1474703,30559,SEA,"Seattle, WA",WA,53,Washington,93,12266,1226603,31453,IAH,"Houston, TX",TX,48,Texas,74,2359,2355.0,-4.0,0.0,0.0,-1.0,2300-2359,15.0,10.0,535.0,5.0,616,540.0,-36.0,0.0,0.0,-2.0,0600-0659,0.0,,0.0,257.0,225.0,205.0,1.0,1874.0,8,,,,,,,,,0,,,,,,,,,,,,,,,,,,,,,,,,,,,,,,,,,,,,,,,,,,,,,
2025,1,1,9,4,2025-01-09,WN,19393,WN,N908WN,1823,11292,1129202,30325,DEN,"Denver, CO",CO,8,Colorado,82,12889,1288904,32211,LAS,"Las Vegas, NV",NV,32,Nevada,85,2050,2124.0,34.0,34.0,1.0,2.0,2000-2059,13.0,2137.0,2203.0,8.0,2155,2211.0,16.0,16.0,1.0,1.0,2100-2159,0.0,,0.0,125.0,107.0,86.0,1.0,628.0,3,16.0,0.0,0.0,0.0,0.0,,,,0,,,,,,,,,,,,,,,,,,,,,,,,,,,,,,,,,,,,,,,,,,,,,
2025,1,1,31,5,2025-01-31,WN,19393,WN,N7731A,4120,13232,1323202,30977,MDW,"Chicago, IL",IL,17,Illinois,41,11292,1129202,30325,DEN,"Denver, CO",CO,8,Colorado,82,1740,1735.0,-5.0,0.0,0.0,-1.0,1700-1759,8.0,1743.0,1850.0,6.0,1930,1856.0,-34.0,0.0,0.0,-2.0,1900-1959,0.0,,0.0,170.0,141.0,127.0,1.0,895.0,4,,,,,,,,,0,,,,,,,,,,,,,,,,,,,,,,,,,,,,,,,,,,,,,,,,,,,,,
2025,1,1,25,6,2025-01-25,AA,19805,AA,N338PK,1022,11433,1143302,31295,DTW,"Detroit, MI",MI,26,Michigan,43,11057,1105703,31057,CLT,"Charlotte, NC",NC,37,North Carolina,36,1538,1529.0,-9.0,0.0,0.0,-1.0,1500-1559,9.0,1538.0,1655.0,18.0,1730,1713.0,-17.0,0.0,0.0,-2.0,1700-1759,0.0,,0.0,112.0,104.0,77.0,1.0,500.0,3,,,,,,,,,0,,,,,,,,,,,,,,,,,,,,,,,,,,,,,,,,,,,,,,,,,,,,,
2025,1,1,5,7,2025-01-05,OO,20304,OO,N167SY,5753,12266,1226603,31453,IAH,"Houston, TX",TX,48,Texas,74,12278,1227805,30928,ICT,"Wichita, KS",KS,20,Kansas,62,1631,1849.0,138.0,138.0,1.0,9.0,1600-1659,54.0,1943.0,2101.0,10.0,1825,2111.0,166.0,166.0,1.0,11.0,1800-1859,0.0,,0.0,114.0,142.0,78.0,1.0,542.0,3,0.0,0.0,28.0,0.0,138.0,,,,0,,,,,,,,,,,,,,,,,,,,,,,,,,,,,,,,,,,,,,,,,,,,,
2025,1,1,14,2,2025-01-14,DL,19790,DL,N3767,1002,11540,1154005,30615,ELP,"El Paso, TX",TX,48,Texas,74,10397,1039707,30397,ATL,"Atlanta, GA",GA,13,Georgia,34,1345,1347.0,2.0,2.0,0.0,0.0,1300-1359,11.0,1358.0,1817.0,7.0,1843,1824.0,-19.0,0.0,0.0,-2.0,1800-1859,0.0,,0.0,178.0,157.0,139.0,1.0,1282.0,6,,,,,,,,,0,,,,,,,,,,,,,,,,,,,,,,,,,,,,,,,,,,,,,,,,,,,,,
2025,1,1,27,1,2025-01-27,AS,19930,AS,N464AS,379,14747,1474703,30559,SEA,"Seattle, WA",WA,53,Washington,93,10821,1082106,30852,BWI,"Baltimore, MD",MD,24,Maryland,35,952,951.0,-1.0,0.0,0.0,-1.0,0900-0959,24.0,1015.0,1748.0,6.0,1759,1754.0,-5.0,0.0,0.0,-1.0,1700-1759,0.0,,0.0,307.0,303.0,273.0,1.0,2335.0,10,,,,,,,,,0,,,,,,,,,,,,,,,,,,,,,,,,,,,,,,,,,,,,,,,,,,,,,
2025,1,1,10,5,2025-01-10,WN,19393,WN,N238WN,2651,13796,1379610,32457,OAK,"Oakland, CA",CA,6,California,91,12954,1295407,32575,LGB,"Long Beach, CA",CA,6,California,91,1055,1052.0,-3.0,0.0,0.0,-1.0,1000-1059,8.0,1100.0,1200.0,3.0,1220,1203.0,-17.0,0.0,0.0,-2.0,1200-1259,0.0,,0.0,85.0,71.0,60.0,1.0,353.0,2,,,,,,,,,0,,,,,,,,,,,,,,,,,,,,,,,,,,,,,,,,,,,,,,,,,,,,,
2025,1,1,27,1,2025-01-27,G4,20368,G4,203NV,2992,14730,1473004,33044,SDF,"Louisville, KY",KY,21,Kentucky,52,14986,1498603,34986,SRQ,"Sarasota/Bradenton, FL",FL,12,Florida,33,1142,1134.0,-8.0,0.0,0.0,-1.0,1100-1159,10.0,1144.0,1324.0,4.0,1353,1328.0,-25.0,0.0,0.0,-2.0,1300-1359,0.0,,0.0,131.0,114.0,100.0,1.0,765.0,4,,,,,,,,,0,,,,,,,,,,,,,,,,,,,,,,,,,,,,,,,,,,,,,,,,,,,,,
2025,1,1,15,3,2025-01-15,B6,20409,B6,N658JB,1892,14635,1463502,31714,RSW,"Fort Myers, FL",FL,12,Florida,33,14307,1430706,30721,PVD,"Providence, RI",RI,44,Rhode Island,15,1915,1907.0,-8.0,0.0,0.0,-1.0,1900-1959,14.0,1921.0,2144.0,5.0,2208,2149.0,-19.0,0.0,0.0,-2.0,2200-2259,0.0,,0.0,173.0,162.0,143.0,1.0,1200.0,5,,,,,,,,,0,,,,,,,,,,,,,,,,,,,,,,,,,,,,,,,,,,,,,,,,,,,,,
2025,1,1,10,5,2025-01-10,DL,19790,DL,N912DU,1082,10529,1052907,30529,BDL,"Hartford, CT",CT,9,Connecticut,11,10397,1039707,30397,ATL,"Atlanta, GA",GA,13,Georgia,34,1424,,,,,,1400-1459,,,,,1705,,,,,,1700-1759,1.0,B,0.0,161.0,,,1.0,859.0,4,,,,,,,,,0,,,,,,,,,,,,,,,,,,,,,,,,,,,,,,,,,,,,,,,,,,,,,
2025,1,1,12,7,2025-01-12,UA,19977,UA,N77582,1007,14771,1477104,32457,SFO,"San Francisco, CA",CA,6,California,91,13204,1320402,31454,MCO,"Orlando, FL",FL,12,Florida,33,2255,2247.0,-8.0,0.0,0.0,-1.0,2200-2259,19.0,2306.0,637.0,7.0,714,644.0,-30.0,0.0,0.0,-2.0,0700-0759,0.0,,0.0,319.0,297.0,271.0,1.0,2446.0,10,,,,,,,,,0,,,,,,,,,,,,,,,,,,,,,,,,,,,,,,,,,,,,,,,,,,,,,
2025,1,1,22,3,2025-01-22,OO,20304,OO,N957SW,5270,11292,1129202,30325,DEN,"Denver, CO",CO,8,Colorado,82,13158,1315805,33158,MAF,"Midland/Odessa, TX",TX,48,Texas,74,1343,1332.0,-11.0,0.0,0.0,-1.0,1300-1359,28.0,1400.0,1620.0,7.0,1633,1627.0,-6.0,0.0,0.0,-1.0,1600-1659,0.0,,0.0,110.0,115.0,80.0,1.0,563.0,3,,,,,,,,,0,,,,,,,,,,,,,,,,,,,,,,,,,,,,,,,,,,,,,,,,,,,,,
2025,1,1,27,1,2025-01-27,AA,19805,AA,N979UY,1930,11057,1105703,31057,CLT,"Charlotte, NC",NC,37,North Carolina,36,14635,1463502,31714,RSW,"Fort Myers, FL",FL,12,Florida,33,1642,1634.0,-8.0,0.0,0.0,-1.0,1600-1659,19.0,1653.0,1817.0,3.0,1846,1820.0,-26.0,0.0,0.0,-2.0,1800-1859,0.0,,0.0,124.0,106.0,84.0,1.0,600.0,3,,,,,,,,,0,,,,,,,,,,,,,,,,,,,,,,,,,,,,,,,,,,,,,,,,,,,,,
2025,1,1,8,3,2025-01-08,UA,19977,UA,,488,10800,1080003,32575,BUR,"Burbank, CA",CA,6,California,91,14771,1477104,32457,SFO,"San Francisco, CA",CA,6,California,91,710,,,,,,0700-0759,,,,,845,,,,,,0800-0859,1.0,B,0.0,95.0,,,1.0,326.0,2,,,,,,,,,0,,,,,,,,,,,,,,,,,,,,,,,,,,,,,,,,,,,,,,,,,,,,,
2025,1,1,31,5,2025-01-31,OO,20304,OO,N118SY,4801,11292,1129202,30325,DEN,"Denver, CO",CO,8,Colorado,82,13851,1385103,33851,OKC,"Oklahoma City, OK",OK,40,Oklahoma,73,1725,1720.0,-5.0,0.0,0.0,-1.0,1700-1759,17.0,1737.0,1947.0,19.0,2009,2006.0,-3.0,0.0,0.0,-1.0,2000-2059,0.0,,0.0,104.0,106.0,70.0,1.0,495.0,2,,,,,,,,,0,,,,,,,,,,,,,,,,,,,,,,,,,,,,,,,,,,,,,,,,,,,,,
2025,1,1,19,7,2025-01-19,UA,19977,UA,N14118,407,11618,1161802,31703,EWR,"Newark, NJ",NJ,34,New Jersey,21,12889,1288904,32211,LAS,"Las Vegas, NV",NV,32,Nevada,85,1729,2035.0,186.0,186.0,1.0,12.0,1700-1759,98.0,2213.0,21.0,12.0,2015,33.0,258.0,258.0,1.0,12.0,2000-2059,0.0,,0.0,346.0,418.0,308.0,1.0,2227.0,9,186.0,0.0,72.0,0.0,0.0,1726.0,52.0,52.0,0,,,,,,,,,,,,,,,,,,,,,,,,,,,,,,,,,,,,,,,,,,,,,
2025,1,1,20,1,2025-01-20,OO,20304,OO,N753SK,6230,11298,1129806,30194,DFW,"Dallas/Fort Worth, TX",TX,48,Texas,74,13851,1385103,33851,OKC,"Oklahoma City, OK",OK,40,Oklahoma,73,1444,1536.0,52.0,52.0,1.0,3.0,1400-1459,50.0,1626.0,1705.0,4.0,1555,1709.0,74.0,74.0,1.0,4.0,1500-1559,0.0,,0.0,71.0,93.0,39.0,1.0,175.0,1,0.0,0.0,22.0,0.0,52.0,,,,0,,,,,,,,,,,,,,,,,,,,,,,,,,,,,,,,,,,,,,,,,,,,,
2025,1,1,1,3,2025-01-01,F9,20436,F9,N309FR,1280,11292,1129202,30325,DEN,"Denver, CO",CO,8,Colorado,82,13303,1330303,32467,MIA,"Miami, FL",FL,12,Florida,33,2304,2316.0,12.0,12.0,0.0,0.0,2300-2359,13.0,2329.0,440.0,17.0,500,457.0,-3.0,0.0,0.0,-1.0,0001-0559,0.0,,0.0,236.0,221.0,191.0,1.0,1709.0,7,,,,,,,,,0,,,,,,,,,,,,,,,,,,,,,,,,,,,,,,,,,,,,,,,,,,,,,
2025,1,1,11,6,2025-01-11,MQ,20398,MQ,N307LH,3644,11298,1129806,30194,DFW,"Dallas/Fort Worth, TX",TX,48,Texas,74,13367,1336707,33367,MLI,"Moline, IL",IL,17,Illinois,41,1254,1255.0,1.0,1.0,0.0,0.0,1200-1259,11.0,1306.0,1432.0,3.0,1456,1435.0,-21.0,0.0,0.0,-2.0,1400-1459,0.0,,0.0,122.0,100.0,86.0,1.0,691.0,3,,,,,,,,,0,,,,,,,,,,,,,,,,,,,,,,,,,,,,,,,,,,,,,,,,,,,,,
2025,1,1,5,7,2025-01-05,NK,20416,NK,N697NK,1178,11697,1169706,32467,FLL,"Fort Lauderdale, FL",FL,12,Florida,33,10529,1052907,30529,BDL,"Hartford, CT",CT,9,Connecticut,11,1945,1945.0,0.0,0.0,0.0,0.0,1900-1959,10.0,1955.0,2220.0,7.0,2242,2227.0,-15.0,0.0,0.0,-1.0,2200-2259,0.0,,0.0,177.0,162.0,145.0,1.0,1173.0,5,,,,,,,,,0,,,,,,,,,,,,,,,,,,,,,,,,,,,,,,,,,,,,,,,,,,,,,
2025,1,1,2,4,2025-01-02,OO,20304,OO,N831SK,3752,11433,1143302,31295,DTW,"Detroit, MI",MI,26,Michigan,43,13930,1393008,30977,ORD,"Chicago, IL",IL,17,Illinois,41,1237,1232.0,-5.0,0.0,0.0,-1.0,1200-1259,41.0,1313.0,1259.0,12.0,1308,1311.0,3.0,3.0,0.0,0.0,1300-1359,0.0,,0.0,91.0,99.0,46.0,1.0,235.0,1,,,,,,,,,0,,,,,,,,,,,,,,,,,,,,,,,,,,,,,,,,,,,,,,,,,,,,,
2025,1,1,16,4,2025-01-16,OO,20304,OO,N207SY,5666,14869,1486903,34614,SLC,"Salt Lake City, UT",UT,49,Utah,87,11292,1129202,30325,DEN,"Denver, CO",CO,8,Colorado,82,800,751.0,-9.0,0.0,0.0,-1.0,0800-0859,50.0,841.0,943.0,17.0,956,1000.0,4.0,4.0,0.0,0.0,0900-0959,0.0,,0.0,116.0,129.0,62.0,1.0,391.0,2,,,,,,,,,0,,,,,,,,,,,,,,,,,,,,,,,,,,,,,,,,,,,,,,,,,,,,,
2025,1,1,23,4,2025-01-23,MQ,20398,MQ,N308LD,3404,13303,1330303,32467,MIA,"Miami, FL",FL,12,Florida,33,13198,1319801,33198,MCI,"Kansas City, MO",MO,29,Missouri,64,2136,2148.0,12.0,12.0,0.0,0.0,2100-2159,27.0,2215.0,9.0,6.0,15,15.0,0.0,0.0,0.0,0.0,0001-0559,0.0,,0.0,219.0,207.0,174.0,1.0,1251.0,6,,,,,,,,,0,,,,,,,,,,,,,,,,,,,,,,,,,,,,,,,,,,,,,,,,,,,,,
2025,1,1,2,4,2025-01-02,UA,19977,UA,N13248,1673,14635,1463502,31714,RSW,"Fort Myers, FL",FL,12,Florida,33,11042,1104205,30647,CLE,"Cleveland, OH",OH,39,Ohio,44,1302,1302.0,0.0,0.0,0.0,0.0,1300-1359,33.0,1335.0,1544.0,6.0,1544,1550.0,6.0,6.0,0.0,0.0,1500-1559,0.0,,0.0,162.0,168.0,129.0,1.0,1025.0,5,,,,,,,,,0,,,,,,,,,,,,,,,,,,,,,,,,,,,,,,,,,,,,,,,,,,,,,
2025,1,1,28,2,2025-01-28,DL,19790,DL,N889DN,2093,15304,1530402,33195,TPA,"Tampa, FL",FL,12,Florida,33,12478,1247805,31703,JFK,"New York, NY",NY,36,New York,22,1959,1939.0,-20.0,0.0,0.0,-2.0,1900-1959,13.0,1952.0,2159.0,8.0,2246,2207.0,-39.0,0.0,0.0,-2.0,2200-2259,0.0,,0.0,167.0,148.0,127.0,1.0,1005.0,5,,,,,,,,,0,,,,,,,,,,,,,,,,,,,,,,,,,,,,,,,,,,,,,,,,,,,,,
2025,1,1,7,2,2025-01-07,DL,19790,DL,N124DX,2436,13204,1320402,31454,MCO,"Orlando, FL",FL,12,Florida,33,10721,1072102,30721,BOS,"Boston, MA",MA,25,Massachusetts,13,705,654.0,-11.0,0.0,0.0,-1.0,0700-0759,10.0,704.0,919.0,8.0,1005,927.0,-38.0,0.0,0.0,-2.0,1000-1059,0.0,,0.0,180.0,153.0,135.0,1.0,1121.0,5,,,,,,,,,0,,,,,,,,,,,,,,,,,,,,,,,,,,,,,,,,,,,,,,,,,,,,,
2025,1,1,22,3,2025-01-22,DL,19790,DL,N302NB,1509,12191,1219103,31453,HOU,"Houston, TX",TX,48,Texas,74,10397,1039707,30397,ATL,"Atlanta, GA",GA,13,Georgia,34,1025,1430.0,245.0,245.0,1.0,12.0,1000-1059,12.0,1442.0,1703.0,5.0,1321,1708.0,227.0,227.0,1.0,12.0,1300-1359,0.0,,0.0,116.0,98.0,81.0,1.0,696.0,3,11.0,0.0,0.0,0.0,216.0,,,,0,,,,,,,,,,,,,,,,,,,,,,,,,,,,,,,,,,,,,,,,,,,,,
2025,1,1,16,4,2025-01-16,WN,19393,WN,N8929S,1452,10693,1069302,30693,BNA,"Nashville, TN",TN,47,Tennessee,54,12191,1219103,31453,HOU,"Houston, TX",TX,48,Texas,74,1805,1802.0,-3.0,0.0,0.0,-1.0,1800-1859,11.0,1813.0,1951.0,4.0,2025,1955.0,-30.0,0.0,0.0,-2.0,2000-2059,0.0,,0.0,140.0,113.0,98.0,1.0,670.0,3,,,,,,,,,0,,,,,,,,,,,,,,,,,,,,,,,,,,,,,,,,,,,,,,,,,,,,,
2025,1,1,28,2,2025-01-28,OH,20397,OH,N556NN,5315,12945,1294503,32945,LEX,"Lexington, KY",KY,21,Kentucky,52,11057,1105703,31057,CLT,"Charlotte, NC",NC,37,North Carolina,36,2009,1957.0,-12.0,0.0,0.0,-1.0,2000-2059,15.0,2012.0,2102.0,13.0,2141,2115.0,-26.0,0.0,0.0,-2.0,2100-2159,0.0,,0.0,92.0,78.0,50.0,1.0,281.0,2,,,,,,,,,0,,,,,,,,,,,,,,,,,,,,,,,,,,,,,,,,,,,,,,,,,,,,,
2025,1,1,6,1,2025-01-06,UA,19977,UA,N13113,2313,12266,1226603,31453,IAH,"Houston, TX",TX,48,Texas,74,14771,1477104,32457,SFO,"San Francisco, CA",CA,6,California,91,2020,2026.0,6.0,6.0,0.0,0.0,2000-2059,27.0,2053.0,2233.0,15.0,2248,2248.0,0.0,0.0,0.0,0.0,2200-2259,0.0,,0.0,268.0,262.0,220.0,1.0,1635.0,7,,,,,,,,,0,,,,,,,,,,,,,,,,,,,,,,,,,,,,,,,,,,,,,,,,,,,,,
2025,1,1,24,5,2025-01-24,AS,19930,AS,N457AS,141,14107,1410702,30466,PHX,"Phoenix, AZ",AZ,4,Arizona,81,10299,1029906,30299,ANC,"Anchorage, AK",AK,2,Alaska,1,1949,1945.0,-4.0,0.0,0.0,-1.0,1900-1959,15.0,2000.0,2353.0,4.0,2359,2357.0,-2.0,0.0,0.0,-1.0,2300-2359,0.0,,0.0,370.0,372.0,353.0,1.0,2552.0,11,,,,,,,,,0,,,,,,,,,,,,,,,,,,,,,,,,,,,,,,,,,,,,,,,,,,,,,
2025,1,1,14,2,2025-01-14,NK,20416,NK,N653NK,380,13204,1320402,31454,MCO,"Orlando, FL",FL,12,Florida,33,10158,1015804,30158,ACY,"Atlantic City, NJ",NJ,34,New Jersey,21,937,923.0,-14.0,0.0,0.0,-1.0,0900-0959,15.0,938.0,1119.0,4.0,1154,1123.0,-31.0,0.0,0.0,-2.0,1100-1159,0.0,,0.0,137.0,120.0,101.0,1.0,852.0,4,,,,,,,,,0,,,,,,,,,,,,,,,,,,,,,,,,,,,,,,,,,,,,,,,,,,,,,
2025,1,1,16,4,2025-01-16,DL,19790,DL,N353NW,2401,10397,1039707,30397,ATL,"Atlanta, GA",GA,13,Georgia,34,11618,1161802,31703,EWR,"Newark, NJ",NJ,34,New Jersey,21,1005,1003.0,-2.0,0.0,0.0,-1.0,1000-1059,20.0,1023.0,1201.0,6.0,1215,1207.0,-8.0,0.0,0.0,-1.0,1200-1259,0.0,,0.0,130.0,124.0,98.0,1.0,746.0,3,,,,,,,,,0,,,,,,,,,,,,,,,,,,,,,,,,,,,,,,,,,,,,,,,,,,,,,
2025,1,1,20,1,2025-01-20,DL,19790,DL,N361NB,2716,13342,1334207,33342,MKE,"Milwaukee, WI",WI,55,Wisconsin,45,14869,1486903,34614,SLC,"Salt Lake City, UT",UT,49,Utah,87,750,930.0,100.0,100.0,1.0,6.0,0700-0759,26.0,956.0,1151.0,4.0,1025,1155.0,90.0,90.0,1.0,6.0,1000-1059,0.0,,0.0,215.0,205.0,175.0,1.0,1247.0,5,0.0,90.0,0.0,0.0,0.0,748.0,30.0,30.0,0,,,,,,,,,,,,,,,,,,,,,,,,,,,,,,,,,,,,,,,,,,,,,
2025,1,1,15,3,2025-01-15,UA,19977,UA,N37462,680,12264,1226402,30852,IAD,"Washington, DC",VA,51,Virginia,38,11292,1129202,30325,DEN,"Denver, CO",CO,8,Colorado,82,2205,2202.0,-3.0,0.0,0.0,-1.0,2200-2259,38.0,2240.0,6.0,7.0,2359,13.0,14.0,14.0,0.0,0.0,2300-2359,0.0,,0.0,234.0,251.0,206.0,1.0,1452.0,6,,,,,,,,,0,,,,,,,,,,,,,,,,,,,,,,,,,,,,,,,,,,,,,,,,,,,,,
2025,1,1,24,5,2025-01-24,B6,20409,B6,N569JB,2919,13204,1320402,31454,MCO,"Orlando, FL",FL,12,Florida,33,10257,1025702,30257,ALB,"Albany, NY",NY,36,New York,22,2050,2039.0,-11.0,0.0,0.0,-1.0,2000-2059,18.0,2057.0,2306.0,8.0,2340,2314.0,-26.0,0.0,0.0,-2.0,2300-2359,0.0,,0.0,170.0,155.0,129.0,1.0,1073.0,5,,,,,,,,,0,,,,,,,,,,,,,,,,,,,,,,,,,,,,,,,,,,,,,,,,,,,,,
2025,1,1,21,2,2025-01-21,OO,20304,OO,N829SK,3986,10469,1046902,30469,AZO,"Kalamazoo, MI",MI,26,Michigan,43,11433,1143302,31295,DTW,"Detroit, MI",MI,26,Michigan,43,1205,1158.0,-7.0,0.0,0.0,-1.0,1200-1259,74.0,1312.0,1340.0,10.0,1312,1350.0,38.0,38.0,1.0,2.0,1300-1359,0.0,,0.0,67.0,112.0,28.0,1.0,113.0,1,38.0,0.0,0.0,0.0,0.0,,,,0,,,,,,,,,,,,,,,,,,,,,,,,,,,,,,,,,,,,,,,,,,,,,
2025,1,1,7,2,2025-01-07,MQ,20398,MQ,N238NN,3927,11267,1126702,31267,DAY,"Dayton, OH",OH,39,Ohio,44,11298,1129806,30194,DFW,"Dallas/Fort Worth, TX",TX,48,Texas,74,1356,1353.0,-3.0,0.0,0.0,-1.0,1300-1359,12.0,1405.0,1530.0,13.0,1549,1543.0,-6.0,0.0,0.0,-1.0,1500-1559,0.0,,0.0,173.0,170.0,145.0,1.0,861.0,4,,,,,,,,,0,,,,,,,,,,,,,,,,,,,,,,,,,,,,,,,,,,,,,,,,,,,,,
2025,1,1,7,2,2025-01-07,OO,20304,OO,N300SY,3882,14869,1486903,34614,SLC,"Salt Lake City, UT",UT,49,Utah,87,13851,1385103,33851,OKC,"Oklahoma City, OK",OK,40,Oklahoma,73,1400,1355.0,-5.0,0.0,0.0,-1.0,1400-1459,19.0,1414.0,1709.0,4.0,1724,1713.0,-11.0,0.0,0.0,-1.0,1700-1759,0.0,,0.0,144.0,138.0,115.0,1.0,866.0,4,,,,,,,,,0,,,,,,,,,,,,,,,,,,,,,,,,,,,,,,,,,,,,,,,,,,,,,
2025,1,1,26,7,2025-01-26,NK,20416,NK,N627NK,2964,12953,1295304,31703,LGA,"New York, NY",NY,36,New York,22,13577,1357702,31135,MYR,"Myrtle Beach, SC",SC,45,South Carolina,37,859,1107.0,128.0,128.0,1.0,8.0,0800-0859,16.0,1123.0,1253.0,4.0,1057,1257.0,120.0,120.0,1.0,8.0,1000-1059,0.0,,0.0,118.0,110.0,90.0,1.0,563.0,3,0.0,0.0,0.0,0.0,120.0,,,,0,,,,,,,,,,,,,,,,,,,,,,,,,,,,,,,,,,,,,,,,,,,,,
2025,1,1,7,2,2025-01-07,OH,20397,OH,N725PS,5236,11278,1127805,30852,DCA,"Washington, DC",VA,51,Virginia,38,12197,1219702,31703,HPN,"White Plains, NY",NY,36,New York,22,1636,1633.0,-3.0,0.0,0.0,-1.0,1600-1659,23.0,1656.0,1749.0,2.0,1800,1751.0,-9.0,0.0,0.0,-1.0,1800-1859,0.0,,0.0,84.0,78.0,53.0,1.0,234.0,1,,,,,,,,,0,,,,,,,,,,,,,,,,,,,,,,,,,,,,,,,,,,,,,,,,,,,,,
2025,1,1,1,3,2025-01-01,OO,20304,OO,N267SY,3824,14747,1474703,30559,SEA,"Seattle, WA",WA,53,Washington,93,11884,1188402,31884,GEG,"Spokane, WA",WA,53,Washington,93,925,921.0,-4.0,0.0,0.0,-1.0,0900-0959,13.0,934.0,1011.0,7.0,1041,1018.0,-23.0,0.0,0.0,-2.0,1000-1059,0.0,,0.0,76.0,57.0,37.0,1.0,224.0,1,,,,,,,,,0,,,,,,,,,,,,,,,,,,,,,,,,,,,,,,,,,,,,,,,,,,,,,
2025,1,1,7,2,2025-01-07,UA,19977,UA,N14529,2735,13930,1393008,30977,ORD,"Chicago, IL",IL,17,Illinois,41,15304,1530402,33195,TPA,"Tampa, FL",FL,12,Florida,33,1126,1120.0,-6.0,0.0,0.0,-1.0,1100-1159,32.0,1152.0,1505.0,8.0,1520,1513.0,-7.0,0.0,0.0,-1.0,1500-1559,0.0,,0.0,174.0,173.0,133.0,1.0,1012.0,5,,,,,,,,,0,,,,,,,,,,,,,,,,,,,,,,,,,,,,,,,,,,,,,,,,,,,,,
2025,1,1,1,3,2025-01-01,UA,19977,UA,N37561,288,12266,1226603,31453,IAH,"Houston, TX",TX,48,Texas,74,14100,1410005,34100,PHL,"Philadelphia, PA",PA,42,Pennsylvania,23,1840,1835.0,-5.0,0.0,0.0,-1.0,1800-1859,31.0,1906.0,2234.0,4.0,2252,2238.0,-14.0,0.0,0.0,-1.0,2200-2259,0.0,,0.0,192.0,183.0,148.0,1.0,1325.0,6,,,,,,,,,0,,,,,,,,,,,,,,,,,,,,,,,,,,,,,,,,,,,,,,,,,,,,,
2025,1,1,27,1,2025-01-27,OH,20397,OH,N554NN,5275,11057,1105703,31057,CLT,"Charlotte, NC",NC,37,North Carolina,36,11996,1199603,31871,GSP,"Greer, SC",SC,45,South Carolina,37,1310,1308.0,-2.0,0.0,0.0,-1.0,1300-1359,29.0,1337.0,1356.0,3.0,1405,1359.0,-6.0,0.0,0.0,-1.0,1400-1459,0.0,,0.0,55.0,51.0,19.0,1.0,75.0,1,,,,,,,,,0,,,,,,,,,,,,,,,,,,,,,,,,,,,,,,,,,,,,,,,,,,,,,
2025,1,1,22,3,2025-01-22,MQ,20398,MQ,N258NN,4252,11057,1105703,31057,CLT,"Charlotte, NC",NC,37,North Carolina,36,10408,1040805,30408,ATW,"Appleton, WI",WI,55,Wisconsin,45,2153,2149.0,-4.0,0.0,0.0,-1.0,2100-2159,19.0,2208.0,2258.0,6.0,2322,2304.0,-18.0,0.0,0.0,-2.0,2300-2359,0.0,,0.0,149.0,135.0,110.0,1.0,742.0,3,,,,,,,,,0,,,,,,,,,,,,,,,,,,,,,,,,,,,,,,,,,,,,,,,,,,,,,
2025,1,1,24,5,2025-01-24,OO,20304,OO,N730SK,6249,14107,1410702,30466,PHX,"Phoenix, AZ",AZ,4,Arizona,81,11540,1154005,30615,ELP,"El Paso, TX",TX,48,Texas,74,2047,2041.0,-6.0,0.0,0.0,-1.0,2000-2059,22.0,2103.0,2154.0,5.0,2204,2159.0,-5.0,0.0,0.0,-1.0,2200-2259,0.0,,0.0,77.0,78.0,51.0,1.0,347.0,2,,,,,,,,,0,,,,,,,,,,,,,,,,,,,,,,,,,,,,,,,,,,,,,,,,,,,,,
2025,1,1,29,3,2025-01-29,DL,19790,DL,N303DU,2872,10821,1082106,30852,BWI,"Baltimore, MD",MD,24,Maryland,35,13487,1348702,31650,MSP,"Minneapolis, MN",MN,27,Minnesota,63,600,552.0,-8.0,0.0,0.0,-1.0,0600-0659,11.0,603.0,736.0,6.0,756,742.0,-14.0,0.0,0.0,-1.0,0700-0759,0.0,,0.0,176.0,170.0,153.0,1.0,936.0,4,,,,,,,,,0,,,,,,,,,,,,,,,,,,,,,,,,,,,,,,,,,,,,,,,,,,,,,
2025,1,1,3,5,2025-01-03,UA,19977,UA,N77431,534,13930,1393008,30977,ORD,"Chicago, IL",IL,17,Illinois,41,11618,1161802,31703,EWR,"Newark, NJ",NJ,34,New Jersey,21,1814,1911.0,57.0,57.0,1.0,3.0,1800-1859,14.0,1925.0,2202.0,7.0,2129,2209.0,40.0,40.0,1.0,2.0,2100-2159,0.0,,0.0,135.0,118.0,97.0,1.0,719.0,3,40.0,0.0,0.0,0.0,0.0,,,,0,,,,,,,,,,,,,,,,,,,,,,,,,,,,,,,,,,,,,,,,,,,,,
2025,1,1,15,3,2025-01-15,WN,19393,WN,N7845A,2294,13204,1320402,31454,MCO,"Orlando, FL",FL,12,Florida,33,12191,1219103,31453,HOU,"Houston, TX",TX,48,Texas,74,2015,2009.0,-6.0,0.0,0.0,-1.0,2000-2059,12.0,2021.0,2142.0,2.0,2200,2144.0,-16.0,0.0,0.0,-2.0,2200-2259,0.0,,0.0,165.0,155.0,141.0,1.0,849.0,4,,,,,,,,,0,,,,,,,,,,,,,,,,,,,,,,,,,,,,,,,,,,,,,,,,,,,,,
2025,1,1,14,2,2025-01-14,WN,19393,WN,N8522P,439,15370,1537002,34653,TUL,"Tulsa, OK",OK,40,Oklahoma,73,14107,1410702,30466,PHX,"Phoenix, AZ",AZ,4,Arizona,81,625,618.0,-7.0,0.0,0.0,-1.0,0600-0659,10.0,628.0,752.0,5.0,815,757.0,-18.0,0.0,0.0,-2.0,0800-0859,0.0,,0.0,170.0,159.0,144.0,1.0,935.0,4,,,,,,,,,0,,,,,,,,,,,,,,,,,,,,,,,,,,,,,,,,,,,,,,,,,,,,,
2025,1,1,13,1,2025-01-13,DL,19790,DL,N319DN,974,12953,1295304,31703,LGA,"New York, NY",NY,36,New York,22,10397,1039707,30397,ATL,"Atlanta, GA",GA,13,Georgia,34,1500,1459.0,-1.0,0.0,0.0,-1.0,1500-1559,24.0,1523.0,1729.0,5.0,1736,1734.0,-2.0,0.0,0.0,-1.0,1700-1759,0.0,,0.0,156.0,155.0,126.0,1.0,762.0,4,,,,,,,,,0,,,,,,,,,,,,,,,,,,,,,,,,,,,,,,,,,,,,,,,,,,,,,
2025,1,1,9,4,2025-01-09,AA,19805,AA,N171US,1819,10693,1069302,30693,BNA,"Nashville, TN",TN,47,Tennessee,54,11057,1105703,31057,CLT,"Charlotte, NC",NC,37,North Carolina,36,1434,1432.0,-2.0,0.0,0.0,-1.0,1400-1459,10.0,1442.0,1634.0,16.0,1703,1650.0,-13.0,0.0,0.0,-1.0,1700-1759,0.0,,0.0,89.0,78.0,52.0,1.0,328.0,2,,,,,,,,,0,,,,,,,,,,,,,,,,,,,,,,,,,,,,,,,,,,,,,,,,,,,,,
2025,1,1,17,5,2025-01-17,NK,20416,NK,N625NK,282,12889,1288904,32211,LAS,"Las Vegas, NV",NV,32,Nevada,85,10800,1080003,32575,BUR,"Burbank, CA",CA,6,California,91,1920,1908.0,-12.0,0.0,0.0,-1.0,1900-1959,20.0,1928.0,2013.0,2.0,2035,2015.0,-20.0,0.0,0.0,-2.0,2000-2059,0.0,,0.0,75.0,67.0,45.0,1.0,223.0,1,,,,,,,,,0,,,,,,,,,,,,,,,,,,,,,,,,,,,,,,,,,,,,,,,,,,,,,
2025,1,1,18,6,2025-01-18,AA,19805,AA,N104NN,306,12478,1247805,31703,JFK,"New York, NY",NY,36,New York,22,12892,1289208,32575,LAX,"Los Angeles, CA",CA,6,California,91,1629,1629.0,0.0,0.0,0.0,0.0,1600-1659,19.0,1648.0,1939.0,6.0,1957,1945.0,-12.0,0.0,0.0,-1.0,1900-1959,0.0,,0.0,388.0,376.0,351.0,1.0,2475.0,10,,,,,,,,,0,,,,,,,,,,,,,,,,,,,,,,,,,,,,,,,,,,,,,,,,,,,,,
2025,1,1,23,4,2025-01-23,OO,20304,OO,N610CZ,3930,11337,1133705,31337,DLH,"Duluth, MN",MN,27,Minnesota,63,13487,1348702,31650,MSP,"Minneapolis, MN",MN,27,Minnesota,63,500,451.0,-9.0,0.0,0.0,-1.0,0001-0559,33.0,524.0,558.0,16.0,620,614.0,-6.0,0.0,0.0,-1.0,0600-0659,0.0,,0.0,80.0,83.0,34.0,1.0,144.0,1,,,,,,,,,0,,,,,,,,,,,,,,,,,,,,,,,,,,,,,,,,,,,,,,,,,,,,,
2025,1,1,30,4,2025-01-30,WN,19393,WN,N298WN,341,14908,1490803,32575,SNA,"Santa Ana, CA",CA,6,California,91,14107,1410702,30466,PHX,"Phoenix, AZ",AZ,4,Arizona,81,900,856.0,-4.0,0.0,0.0,-1.0,0900-0959,7.0,903.0,1055.0,6.0,1115,1101.0,-14.0,0.0,0.0,-1.0,1100-1159,0.0,,0.0,75.0,65.0,52.0,1.0,338.0,2,,,,,,,,,0,,,,,,,,,,,,,,,,,,,,,,,,,,,,,,,,,,,,,,,,,,,,,
2025,1,1,9,4,2025-01-09,G4,20368,G4,323NV,2780,14685,1468502,34685,SAV,"Savannah, GA",GA,13,Georgia,34,11193,1119302,33105,CVG,"Cincinnati, OH",KY,21,Kentucky,52,900,852.0,-8.0,0.0,0.0,-1.0,0900-0959,13.0,905.0,1037.0,5.0,1044,1042.0,-2.0,0.0,0.0,-1.0,1000-1059,0.0,,0.0,104.0,110.0,92.0,1.0,515.0,3,,,,,,,,,0,,,,,,,,,,,,,,,,,,,,,,,,,,,,,,,,,,,,,,,,,,,,,
2025,1,1,10,5,2025-01-10,DL,19790,DL,N935DZ,2441,11193,1119302,33105,CVG,"Cincinnati, OH",KY,21,Kentucky,52,10397,1039707,30397,ATL,"Atlanta, GA",GA,13,Georgia,34,600,556.0,-4.0,0.0,0.0,-1.0,0600-0659,13.0,609.0,718.0,9.0,735,727.0,-8.0,0.0,0.0,-1.0,0700-0759,0.0,,0.0,95.0,91.0,69.0,1.0,373.0,2,,,,,,,,,0,,,,,,,,,,,,,,,,,,,,,,,,,,,,,,,,,,,,,,,,,,,,,
2025,1,1,26,7,2025-01-26,UA,19977,UA,N77542,1435,11603,1160302,31603,EUG,"Eugene, OR",OR,41,Oregon,92,11292,1129202,30325,DEN,"Denver, CO",CO,8,Colorado,82,500,455.0,-5.0,0.0,0.0,-1.0,0001-0559,34.0,529.0,847.0,11.0,838,858.0,20.0,20.0,1.0,1.0,0800-0859,0.0,,0.0,158.0,183.0,138.0,1.0,996.0,4,0.0,0.0,20.0,0.0,0.0,,,,0,,,,,,,,,,,,,,,,,,,,,,,,,,,,,,,,,,,,,,,,,,,,,
2025,1,1,18,6,2025-01-18,NK,20416,NK,N967NK,344,13303,1330303,32467,MIA,"Miami, FL",FL,12,Florida,33,11618,1161802,31703,EWR,"Newark, NJ",NJ,34,New Jersey,21,1555,1548.0,-7.0,0.0,0.0,-1.0,1500-1559,21.0,1609.0,1838.0,8.0,1859,1846.0,-13.0,0.0,0.0,-1.0,1800-1859,0.0,,0.0,184.0,178.0,149.0,1.0,1085.0,5,,,,,,,,,0,,,,,,,,,,,,,,,,,,,,,,,,,,,,,,,,,,,,,,,,,,,,,
2025,1,1,19,7,2025-01-19,YX,20452,YX,N137HQ,4804,14492,1449202,34492,RDU,"Raleigh/Durham, NC",NC,37,North Carolina,36,12478,1247805,31703,JFK,"New York, NY",NY,36,New York,22,1731,1843.0,72.0,72.0,1.0,4.0,1700-1759,29.0,1912.0,,,1916,,,,,,1900-1959,0.0,,1.0,105.0,,,1.0,427.0,2,,,,,,,,,1,0.0,,,94.0,PHL,14100.0,1410005.0,2100.0,27.0,27.0,,,,,,,,,,,,,,,,,,,,,,,,,,,,,,,,,,,
2025,1,1,16,4,2025-01-16,WN,19393,WN,N8563Z,2574,10693,1069302,30693,BNA,"Nashville, TN",TN,47,Tennessee,54,12191,1219103,31453,HOU,"Houston, TX",TX,48,Texas,74,1355,1356.0,1.0,1.0,0.0,0.0,1300-1359,7.0,1403.0,1545.0,3.0,1615,1548.0,-27.0,0.0,0.0,-2.0,1600-1659,0.0,,0.0,140.0,112.0,102.0,1.0,670.0,3,,,,,,,,,0,,,,,,,,,,,,,,,,,,,,,,,,,,,,,,,,,,,,,,,,,,,,,
2025,1,1,3,5,2025-01-03,OO,20304,OO,N204SY,5702,13930,1393008,30977,ORD,"Chicago, IL",IL,17,Illinois,41,13198,1319801,33198,MCI,"Kansas City, MO",MO,29,Missouri,64,1800,1803.0,3.0,3.0,0.0,0.0,1800-1859,23.0,1826.0,1939.0,5.0,1950,1944.0,-6.0,0.0,0.0,-1.0,1900-1959,0.0,,0.0,110.0,101.0,73.0,1.0,403.0,2,,,,,,,,,0,,,,,,,,,,,,,,,,,,,,,,,,,,,,,,,,,,,,,,,,,,,,,
2025,1,1,4,6,2025-01-04,YX,20452,YX,N113HQ,4754,11618,1161802,31703,EWR,"Newark, NJ",NJ,34,New Jersey,21,13930,1393008,30977,ORD,"Chicago, IL",IL,17,Illinois,41,1445,1434.0,-11.0,0.0,0.0,-1.0,1400-1459,15.0,1449.0,1550.0,10.0,1630,1600.0,-30.0,0.0,0.0,-2.0,1600-1659,0.0,,0.0,165.0,146.0,121.0,1.0,719.0,3,,,,,,,,,0,,,,,,,,,,,,,,,,,,,,,,,,,,,,,,,,,,,,,,,,,,,,,
2025,1,1,3,5,2025-01-03,WN,19393,WN,N937WN,1766,14893,1489302,33192,SMF,"Sacramento, CA",CA,6,California,91,12889,1288904,32211,LAS,"Las Vegas, NV",NV,32,Nevada,85,1140,1144.0,4.0,4.0,0.0,0.0,1100-1159,10.0,1154.0,1257.0,9.0,1310,1306.0,-4.0,0.0,0.0,-1.0,1300-1359,0.0,,0.0,90.0,82.0,63.0,1.0,397.0,2,,,,,,,,,0,,,,,,,,,,,,,,,,,,,,,,,,,,,,,,,,,,,,,,,,,,,,,
2025,1,1,11,6,2025-01-11,DL,19790,DL,N926AT,3038,10868,1086803,30868,CAE,"Columbia, SC",SC,45,South Carolina,37,10397,1039707,30397,ATL,"Atlanta, GA",GA,13,Georgia,34,600,,,,,,0600-0659,,,,,713,,,,,,0700-0759,1.0,B,0.0,73.0,,,1.0,192.0,1,,,,,,,,,0,,,,,,,,,,,,,,,,,,,,,,,,,,,,,,,,,,,,,,,,,,,,,
2025,1,1,20,1,2025-01-20,AA,19805,AA,N187US,1544,14893,1489302,33192,SMF,"Sacramento, CA",CA,6,California,91,11298,1129806,30194,DFW,"Dallas/Fort Worth, TX",TX,48,Texas,74,600,556.0,-4.0,0.0,0.0,-1.0,0600-0659,14.0,610.0,1049.0,7.0,1126,1056.0,-30.0,0.0,0.0,-2.0,1100-1159,0.0,,0.0,206.0,180.0,159.0,1.0,1431.0,6,,,,,,,,,0,,,,,,,,,,,,,,,,,,,,,,,,,,,,,,,,,,,,,,,,,,,,,
2025,1,1,2,4,2025-01-02,AA,19805,AA,N952XV,967,14843,1484306,34819,SJU,"San Juan, PR",PR,72,Puerto Rico,3,13303,1330303,32467,MIA,"Miami, FL",FL,12,Florida,33,1850,1850.0,0.0,0.0,0.0,0.0,1800-1859,14.0,1904.0,2026.0,27.0,2050,2053.0,3.0,3.0,0.0,0.0,2000-2059,0.0,,0.0,180.0,183.0,142.0,1.0,1045.0,5,,,,,,,,,0,,,,,,,,,,,,,,,,,,,,,,,,,,,,,,,,,,,,,,,,,,,,,
2025,1,1,19,7,2025-01-19,UA,19977,UA,N221UA,1832,12892,1289208,32575,LAX,"Los Angeles, CA",CA,6,California,91,13930,1393008,30977,ORD,"Chicago, IL",IL,17,Illinois,41,2353,49.0,56.0,56.0,1.0,3.0,2300-2359,14.0,103.0,609.0,14.0,554,623.0,29.0,29.0,1.0,1.0,0001-0559,0.0,,0.0,241.0,214.0,186.0,1.0,1744.0,7,0.0,0.0,0.0,0.0,29.0,,,,0,,,,,,,,,,,,,,,,,,,,,,,,,,,,,,,,,,,,,,,,,,,,,
2025,1,1,7,2,2025-01-07,YX,20452,YX,N810MD,5830,11433,1143302,31295,DTW,"Detroit, MI",MI,26,Michigan,43,11066,1106606,31066,CMH,"Columbus, OH",OH,39,Ohio,44,1219,1230.0,11.0,11.0,0.0,0.0,1200-1259,15.0,1245.0,1321.0,4.0,1328,1325.0,-3.0,0.0,0.0,-1.0,1300-1359,0.0,,0.0,69.0,55.0,36.0,1.0,155.0,1,,,,,,,,,0,,,,,,,,,,,,,,,,,,,,,,,,,,,,,,,,,,,,,,,,,,,,,
2025,1,1,5,7,2025-01-05,WN,19393,WN,N8881L,2698,14893,1489302,33192,SMF,"Sacramento, CA",CA,6,California,91,11292,1129202,30325,DEN,"Denver, CO",CO,8,Colorado,82,1745,1742.0,-3.0,0.0,0.0,-1.0,1700-1759,13.0,1755.0,2044.0,7.0,2105,2051.0,-14.0,0.0,0.0,-1.0,2100-2159,0.0,,0.0,140.0,129.0,109.0,1.0,909.0,4,,,,,,,,,0,,,,,,,,,,,,,,,,,,,,,,,,,,,,,,,,,,,,,,,,,,,,,
2025,1,1,23,4,2025-01-23,YX,20452,YX,N201JQ,5700,11066,1106606,31066,CMH,"Columbus, OH",OH,39,Ohio,44,12953,1295304,31703,LGA,"New York, NY",NY,36,New York,22,600,545.0,-15.0,0.0,0.0,-1.0,0600-0659,12.0,557.0,712.0,10.0,749,722.0,-27.0,0.0,0.0,-2.0,0700-0759,0.0,,0.0,109.0,97.0,75.0,1.0,479.0,2,,,,,,,,,0,,,,,,,,,,,,,,,,,,,,,,,,,,,,,,,,,,,,,,,,,,,,,
2025,1,1,3,5,2025-01-03,UA,19977,UA,N37427,1379,12264,1226402,30852,IAD,"Washington, DC",VA,51,Virginia,38,11697,1169706,32467,FLL,"Fort Lauderdale, FL",FL,12,Florida,33,1755,1809.0,14.0,14.0,0.0,0.0,1700-1759,24.0,1833.0,2040.0,9.0,2046,2049.0,3.0,3.0,0.0,0.0,2000-2059,0.0,,0.0,171.0,160.0,127.0,1.0,901.0,4,,,,,,,,,0,,,,,,,,,,,,,,,,,,,,,,,,,,,,,,,,,,,,,,,,,,,,,
2025,1,1,13,1,2025-01-13,WN,19393,WN,N931WN,2037,11697,1169706,32467,FLL,"Fort Lauderdale, FL",FL,12,Florida,33,13232,1323202,30977,MDW,"Chicago, IL",IL,17,Illinois,41,1720,1722.0,2.0,2.0,0.0,0.0,1700-1759,11.0,1733.0,1915.0,4.0,1935,1919.0,-16.0,0.0,0.0,-2.0,1900-1959,0.0,,0.0,195.0,177.0,162.0,1.0,1167.0,5,,,,,,,,,0,,,,,,,,,,,,,,,,,,,,,,,,,,,,,,,,,,,,,,,,,,,,,
2025,1,1,10,5,2025-01-10,WN,19393,WN,N8857Q,3076,11193,1119302,33105,CVG,"Cincinnati, OH",KY,21,Kentucky,52,10821,1082106,30852,BWI,"Baltimore, MD",MD,24,Maryland,35,1550,1559.0,9.0,9.0,0.0,0.0,1500-1559,37.0,1636.0,1732.0,3.0,1715,1735.0,20.0,20.0,1.0,1.0,1700-1759,0.0,,0.0,85.0,96.0,56.0,1.0,430.0,2,0.0,0.0,11.0,0.0,9.0,,,,0,,,,,,,,,,,,,,,,,,,,,,,,,,,,,,,,,,,,,,,,,,,,,
2025,1,1,4,6,2025-01-04,WN,19393,WN,N272WN,1686,14122,1412202,30198,PIT,"Pittsburgh, PA",PA,42,Pennsylvania,23,13204,1320402,31454,MCO,"Orlando, FL",FL,12,Florida,33,530,529.0,-1.0,0.0,0.0,-1.0,0001-0559,34.0,603.0,753.0,4.0,800,757.0,-3.0,0.0,0.0,-1.0,0800-0859,0.0,,0.0,150.0,148.0,110.0,1.0,834.0,4,,,,,,,,,0,,,,,,,,,,,,,,,,,,,,,,,,,,,,,,,,,,,,,,,,,,,,,
2025,1,1,16,4,2025-01-16,AS,19930,AS,N974AK,808,12758,1275804,32758,KOA,"Kona, HI",HI,15,Hawaii,2,14747,1474703,30559,SEA,"Seattle, WA",WA,53,Washington,93,1400,1411.0,11.0,11.0,0.0,0.0,1400-1459,32.0,1443.0,2212.0,10.0,2200,2222.0,22.0,22.0,1.0,1.0,2200-2259,0.0,,0.0,360.0,371.0,329.0,1.0,2688.0,11,0.0,0.0,11.0,0.0,11.0,,,,0,,,,,,,,,,,,,,,,,,,,,,,,,,,,,,,,,,,,,,,,,,,,,
2025,1,1,22,3,2025-01-22,UA,19977,UA,N47275,2048,13204,1320402,31454,MCO,"Orlando, FL",FL,12,Florida,33,11618,1161802,31703,EWR,"Newark, NJ",NJ,34,New Jersey,21,1915,1931.0,16.0,16.0,1.0,1.0,1900-1959,21.0,1952.0,2153.0,5.0,2159,2158.0,-1.0,0.0,0.0,-1.0,2100-2159,0.0,,0.0,164.0,147.0,121.0,1.0,937.0,4,,,,,,,,,0,,,,,,,,,,,,,,,,,,,,,,,,,,,,,,,,,,,,,,,,,,,,,
2025,1,1,13,1,2025-01-13,HA,19690,HA,N388HA,22,12173,1217305,32134,HNL,"Honolulu, HI",HI,15,Hawaii,2,14747,1474703,30559,SEA,"Seattle, WA",WA,53,Washington,93,1335,1333.0,-2.0,0.0,0.0,-1.0,1300-1359,16.0,1349.0,2112.0,5.0,2120,2117.0,-3.0,0.0,0.0,-1.0,2100-2159,0.0,,0.0,345.0,344.0,323.0,1.0,2677.0,11,,,,,,,,,0,,,,,,,,,,,,,,,,,,,,,,,,,,,,,,,,,,,,,,,,,,,,,
2025,1,1,25,6,2025-01-25,UA,19977,UA,N78448,2063,10849,1084907,30849,BZN,"Bozeman, MT",MT,30,Montana,84,11292,1129202,30325,DEN,"Denver, CO",CO,8,Colorado,82,700,658.0,-2.0,0.0,0.0,-1.0,0700-0759,27.0,725.0,845.0,14.0,855,859.0,4.0,4.0,0.0,0.0,0800-0859,0.0,,0.0,115.0,121.0,80.0,1.0,524.0,3,,,,,,,,,0,,,,,,,,,,,,,,,,,,,,,,,,,,,,,,,,,,,,,,,,,,,,,
2025,1,1,19,7,2025-01-19,MQ,20398,MQ,N202NN,3878,12451,1245102,31136,JAX,"Jacksonville, FL",FL,12,Florida,33,13303,1330303,32467,MIA,"Miami, FL",FL,12,Florida,33,958,958.0,0.0,0.0,0.0,0.0,0900-0959,15.0,1013.0,1109.0,8.0,1118,1117.0,-1.0,0.0,0.0,-1.0,1100-1159,0.0,,0.0,80.0,79.0,56.0,1.0,335.0,2,,,,,,,,,0,,,,,,,,,,,,,,,,,,,,,,,,,,,,,,,,,,,,,,,,,,,,,
2025,1,1,19,7,2025-01-19,G4,20368,G4,194NV,1019,12119,1211902,32119,HGR,"Hagerstown, MD",MD,24,Maryland,35,14112,1411206,33195,PIE,"St. Petersburg, FL",FL,12,Florida,33,2111,2329.0,138.0,138.0,1.0,9.0,2100-2159,32.0,1.0,224.0,8.0,2342,232.0,170.0,170.0,1.0,11.0,2300-2359,0.0,,0.0,151.0,183.0,143.0,1.0,861.0,4,0.0,0.0,32.0,0.0,138.0,,,,0,,,,,,,,,,,,,,,,,,,,,,,,,,,,,,,,,,,,,,,,,,,,,
2025,1,1,3,5,2025-01-03,DL,19790,DL,N695DL,1395,14635,1463502,31714,RSW,"Fort Myers, FL",FL,12,Florida,33,10397,1039707,30397,ATL,"Atlanta, GA",GA,13,Georgia,34,800,759.0,-1.0,0.0,0.0,-1.0,0800-0859,14.0,813.0,938.0,5.0,948,943.0,-5.0,0.0,0.0,-1.0,0900-0959,0.0,,0.0,108.0,104.0,85.0,1.0,515.0,3,,,,,,,,,0,,,,,,,,,,,,,,,,,,,,,,,,,,,,,,,,,,,,,,,,,,,,,
2025,1,1,29,3,2025-01-29,AA,19805,AA,N147AA,2488,11057,1105703,31057,CLT,"Charlotte, NC",NC,37,North Carolina,36,13930,1393008,30977,ORD,"Chicago, IL",IL,17,Illinois,41,1814,1812.0,-2.0,0.0,0.0,-1.0,1800-1859,24.0,1836.0,1922.0,11.0,1926,1933.0,7.0,7.0,0.0,0.0,1900-1959,0.0,,0.0,132.0,141.0,106.0,1.0,599.0,3,,,,,,,,,0,,,,,,,,,,,,,,,,,,,,,,,,,,,,,,,,,,,,,,,,,,,,,
2025,1,1,11,6,2025-01-11,UA,19977,UA,N14102,1095,12264,1226402,30852,IAD,"Washington, DC",VA,51,Virginia,38,14771,1477104,32457,SFO,"San Francisco, CA",CA,6,California,91,632,627.0,-5.0,0.0,0.0,-1.0,0600-0659,31.0,658.0,931.0,7.0,940,938.0,-2.0,0.0,0.0,-1.0,0900-0959,0.0,,0.0,368.0,371.0,333.0,1.0,2419.0,10,,,,,,,,,0,,,,,,,,,,,,,,,,,,,,,,,,,,,,,,,,,,,,,,,,,,,,,
2025,1,1,7,2,2025-01-07,WN,19393,WN,N8650F,2361,14679,1467903,33570,SAN,"San Diego, CA",CA,6,California,91,13495,1349505,33495,MSY,"New Orleans, LA",LA,22,Louisiana,72,1125,1119.0,-6.0,0.0,0.0,-1.0,1100-1159,14.0,1133.0,1631.0,4.0,1650,1635.0,-15.0,0.0,0.0,-1.0,1600-1659,0.0,,0.0,205.0,196.0,178.0,1.0,1599.0,7,,,,,,,,,0,,,,,,,,,,,,,,,,,,,,,,,,,,,,,,,,,,,,,,,,,,,,,
2025,1,1,9,4,2025-01-09,AA,19805,AA,N321RL,669,13303,1330303,32467,MIA,"Miami, FL",FL,12,Florida,33,12892,1289208,32575,LAX,"Los Angeles, CA",CA,6,California,91,2135,2139.0,4.0,4.0,0.0,0.0,2100-2159,37.0,2216.0,44.0,11.0,40,55.0,15.0,15.0,1.0,1.0,0001-0559,0.0,,0.0,365.0,376.0,328.0,1.0,2342.0,10,0.0,0.0,11.0,0.0,4.0,,,,0,,,,,,,,,,,,,,,,,,,,,,,,,,,,,,,,,,,,,,,,,,,,,
2025,1,1,10,5,2025-01-10,OO,20304,OO,N290SY,4067,10423,1042302,30423,AUS,"Austin, TX",TX,48,Texas,74,13256,1325603,33256,MFE,"Mission/McAllen/Edinburg, TX",TX,48,Texas,74,2247,2254.0,7.0,7.0,0.0,0.0,2200-2259,25.0,2319.0,13.0,2.0,17,15.0,-2.0,0.0,0.0,-1.0,0001-0559,0.0,,0.0,90.0,81.0,54.0,1.0,279.0,2,,,,,,,,,0,,,,,,,,,,,,,,,,,,,,,,,,,,,,,,,,,,,,,,,,,,,,,
2025,1,1,19,7,2025-01-19,AA,19805,AA,N419AN,3186,12892,1289208,32575,LAX,"Los Angeles, CA",CA,6,California,91,12982,1298202,32982,LIH,"Lihue, HI",HI,15,Hawaii,2,1531,1518.0,-13.0,0.0,0.0,-1.0,1500-1559,15.0,1533.0,1851.0,14.0,1946,1905.0,-41.0,0.0,0.0,-2.0,1900-1959,0.0,,0.0,375.0,347.0,318.0,1.0,2615.0,11,,,,,,,,,0,,,,,,,,,,,,,,,,,,,,,,,,,,,,,,,,,,,,,,,,,,,,,
2025,1,1,14,2,2025-01-14,AA,19805,AA,N579UW,2651,11298,1129806,30194,DFW,"Dallas/Fort Worth, TX",TX,48,Texas,74,13930,1393008,30977,ORD,"Chicago, IL",IL,17,Illinois,41,1305,1304.0,-1.0,0.0,0.0,-1.0,1300-1359,16.0,1320.0,1505.0,9.0,1526,1514.0,-12.0,0.0,0.0,-1.0,1500-1559,0.0,,0.0,141.0,130.0,105.0,1.0,802.0,4,,,,,,,,,0,,,,,,,,,,,,,,,,,,,,,,,,,,,,,,,,,,,,,,,,,,,,,
2025,1,1,30,4,2025-01-30,UA,19977,UA,N75858,1926,12264,1226402,30852,IAD,"Washington, DC",VA,51,Virginia,38,11292,1129202,30325,DEN,"Denver, CO",CO,8,Colorado,82,1005,1000.0,-5.0,0.0,0.0,-1.0,1000-1059,12.0,1012.0,1148.0,17.0,1213,1205.0,-8.0,0.0,0.0,-1.0,1200-1259,0.0,,0.0,248.0,245.0,216.0,1.0,1452.0,6,,,,,,,,,0,,,,,,,,,,,,,,,,,,,,,,,,,,,,,,,,,,,,,,,,,,,,,
2025,1,1,16,4,2025-01-16,DL,19790,DL,N920AT,857,10397,1039707,30397,ATL,"Atlanta, GA",GA,13,Georgia,34,15412,1541206,35412,TYS,"Knoxville, TN",TN,47,Tennessee,54,1025,1022.0,-3.0,0.0,0.0,-1.0,1000-1059,15.0,1037.0,1111.0,3.0,1123,1114.0,-9.0,0.0,0.0,-1.0,1100-1159,0.0,,0.0,58.0,52.0,34.0,1.0,152.0,1,,,,,,,,,0,,,,,,,,,,,,,,,,,,,,,,,,,,,,,,,,,,,,,,,,,,,,,
2025,1,1,8,3,2025-01-08,DL,19790,DL,N314DN,1180,14100,1410005,34100,PHL,"Philadelphia, PA",PA,42,Pennsylvania,23,10397,1039707,30397,ATL,"Atlanta, GA",GA,13,Georgia,34,805,758.0,-7.0,0.0,0.0,-1.0,0800-0859,12.0,810.0,954.0,23.0,1028,1017.0,-11.0,0.0,0.0,-1.0,1000-1059,0.0,,0.0,143.0,139.0,104.0,1.0,666.0,3,,,,,,,,,0,,,,,,,,,,,,,,,,,,,,,,,,,,,,,,,,,,,,,,,,,,,,,
2025,1,1,28,2,2025-01-28,WN,19393,WN,N871HK,1122,10397,1039707,30397,ATL,"Atlanta, GA",GA,13,Georgia,34,11697,1169706,32467,FLL,"Fort Lauderdale, FL",FL,12,Florida,33,1115,1112.0,-3.0,0.0,0.0,-1.0,1100-1159,16.0,1128.0,1246.0,3.0,1310,1249.0,-21.0,0.0,0.0,-2.0,1300-1359,0.0,,0.0,115.0,97.0,78.0,1.0,581.0,3,,,,,,,,,0,,,,,,,,,,,,,,,,,,,,,,,,,,,,,,,,,,,,,,,,,,,,,
2025,1,1,21,2,2025-01-21,NK,20416,NK,N967NK,798,10721,1072102,30721,BOS,"Boston, MA",MA,25,Massachusetts,13,14635,1463502,31714,RSW,"Fort Myers, FL",FL,12,Florida,33,1406,1358.0,-8.0,0.0,0.0,-1.0,1400-1459,12.0,1410.0,1753.0,4.0,1751,1757.0,6.0,6.0,0.0,0.0,1700-1759,0.0,,0.0,225.0,239.0,223.0,1.0,1249.0,5,,,,,,,,,0,,,,,,,,,,,,,,,,,,,,,,,,,,,,,,,,,,,,,,,,,,,,,
2025,1,1,5,7,2025-01-05,DL,19790,DL,N992AT,2697,11433,1143302,31295,DTW,"Detroit, MI",MI,26,Michigan,43,13487,1348702,31650,MSP,"Minneapolis, MN",MN,27,Minnesota,63,1240,1258.0,18.0,18.0,1.0,1.0,1200-1259,11.0,1309.0,1334.0,6.0,1335,1340.0,5.0,5.0,0.0,0.0,1300-1359,0.0,,0.0,115.0,102.0,85.0,1.0,528.0,3,,,,,,,,,0,,,,,,,,,,,,,,,,,,,,,,,,,,,,,,,,,,,,,,,,,,,,,
2025,1,1,27,1,2025-01-27,OO,20304,OO,N211SY,5913,11292,1129202,30325,DEN,"Denver, CO",CO,8,Colorado,82,11648,1164802,31648,FCA,"Kalispell, MT",MT,30,Montana,84,1345,1526.0,101.0,101.0,1.0,6.0,1300-1359,15.0,1541.0,1724.0,3.0,1618,1727.0,69.0,69.0,1.0,4.0,1600-1659,0.0,,0.0,153.0,121.0,103.0,1.0,752.0,4,0.0,0.0,0.0,0.0,69.0,,,,0,,,,,,,,,,,,,,,,,,,,,,,,,,,,,,,,,,,,,,,,,,,,,
2025,1,1,11,6,2025-01-11,WN,19393,WN,N8579Z,2800,11259,1125904,30194,DAL,"Dallas, TX",TX,48,Texas,74,10821,1082106,30852,BWI,"Baltimore, MD",MD,24,Maryland,35,1735,1729.0,-6.0,0.0,0.0,-1.0,1700-1759,13.0,1742.0,2053.0,3.0,2120,2056.0,-24.0,0.0,0.0,-2.0,2100-2159,0.0,,0.0,165.0,147.0,131.0,1.0,1209.0,5,,,,,,,,,0,,,,,,,,,,,,,,,,,,,,,,,,,,,,,,,,,,,,,,,,,,,,,
2025,1,1,4,6,2025-01-04,MQ,20398,MQ,N764JD,4108,14783,1478302,34783,SGF,"Springfield, MO",MO,29,Missouri,64,11298,1129806,30194,DFW,"Dallas/Fort Worth, TX",TX,48,Texas,74,1027,1019.0,-8.0,0.0,0.0,-1.0,1000-1059,11.0,1030.0,1130.0,11.0,1159,1141.0,-18.0,0.0,0.0,-2.0,1100-1159,0.0,,0.0,92.0,82.0,60.0,1.0,364.0,2,,,,,,,,,0,,,,,,,,,,,,,,,,,,,,,,,,,,,,,,,,,,,,,,,,,,,,,
2025,1,1,22,3,2025-01-22,OO,20304,OO,N119SY,5985,11292,1129202,30325,DEN,"Denver, CO",CO,8,Colorado,82,10599,1059904,30599,BHM,"Birmingham, AL",AL,1,Alabama,51,1120,1120.0,0.0,0.0,0.0,0.0,1100-1159,19.0,1139.0,1444.0,10.0,1511,1454.0,-17.0,0.0,0.0,-2.0,1500-1559,0.0,,0.0,171.0,154.0,125.0,1.0,1083.0,5,,,,,,,,,0,,,,,,,,,,,,,,,,,,,,,,,,,,,,,,,,,,,,,,,,,,,,,
2025,1,1,2,4,2025-01-02,WN,19393,WN,N8507C,4562,10423,1042302,30423,AUS,"Austin, TX",TX,48,Texas,74,13495,1349505,33495,MSY,"New Orleans, LA",LA,22,Louisiana,72,2155,2148.0,-7.0,0.0,0.0,-1.0,2100-2159,9.0,2157.0,2253.0,2.0,2315,2255.0,-20.0,0.0,0.0,-2.0,2300-2359,0.0,,0.0,80.0,67.0,56.0,1.0,444.0,2,,,,,,,,,0,,,,,,,,,,,,,,,,,,,,,,,,,,,,,,,,,,,,,,,,,,,,,
2025,1,1,16,4,2025-01-16,UA,19977,UA,N36472,1639,11618,1161802,31703,EWR,"Newark, NJ",NJ,34,New Jersey,21,13303,1330303,32467,MIA,"Miami, FL",FL,12,Florida,33,1300,1254.0,-6.0,0.0,0.0,-1.0,1300-1359,20.0,1314.0,1549.0,30.0,1619,1619.0,0.0,0.0,0.0,0.0,1600-1659,0.0,,0.0,199.0,205.0,155.0,1.0,1085.0,5,,,,,,,,,0,,,,,,,,,,,,,,,,,,,,,,,,,,,,,,,,,,,,,,,,,,,,,
2025,1,1,1,3,2025-01-01,YX,20452,YX,N212JQ,5712,14685,1468502,34685,SAV,"Savannah, GA",GA,13,Georgia,34,12478,1247805,31703,JFK,"New York, NY",NY,36,New York,22,800,756.0,-4.0,0.0,0.0,-1.0,0800-0859,17.0,813.0,948.0,10.0,1015,958.0,-17.0,0.0,0.0,-2.0,1000-1059,0.0,,0.0,135.0,122.0,95.0,1.0,718.0,3,,,,,,,,,0,,,,,,,,,,,,,,,,,,,,,,,,,,,,,,,,,,,,,,,,,,,,,
2025,1,1,31,5,2025-01-31,AA,19805,AA,N839NN,2884,13487,1348702,31650,MSP,"Minneapolis, MN",MN,27,Minnesota,63,11298,1129806,30194,DFW,"Dallas/Fort Worth, TX",TX,48,Texas,74,701,657.0,-4.0,0.0,0.0,-1.0,0700-0759,24.0,721.0,916.0,10.0,1010,926.0,-44.0,0.0,0.0,-2.0,1000-1059,0.0,,0.0,189.0,149.0,115.0,1.0,852.0,4,,,,,,,,,0,,,,,,,,,,,,,,,,,,,,,,,,,,,,,,,,,,,,,,,,,,,,,
2025,1,1,6,1,2025-01-06,DL,19790,DL,N935DZ,3132,13495,1349505,33495,MSY,"New Orleans, LA",LA,22,Louisiana,72,10397,1039707,30397,ATL,"Atlanta, GA",GA,13,Georgia,34,1916,1858.0,-18.0,0.0,0.0,-2.0,1900-1959,11.0,1909.0,2107.0,5.0,2150,2112.0,-38.0,0.0,0.0,-2.0,2100-2159,0.0,,0.0,94.0,74.0,58.0,1.0,425.0,2,,,,,,,,,0,,,,,,,,,,,,,,,,,,,,,,,,,,,,,,,,,,,,,,,,,,,,,
2025,1,1,30,4,2025-01-30,B6,20409,B6,N976JT,857,11697,1169706,32467,FLL,"Fort Lauderdale, FL",FL,12,Florida,33,14107,1410702,30466,PHX,"Phoenix, AZ",AZ,4,Arizona,81,930,922.0,-8.0,0.0,0.0,-1.0,0900-0959,14.0,936.0,1215.0,14.0,1245,1229.0,-16.0,0.0,0.0,-2.0,1200-1259,0.0,,0.0,315.0,307.0,279.0,1.0,1972.0,8,,,,,,,,,0,,,,,,,,,,,,,,,,,,,,,,,,,,,,,,,,,,,,,,,,,,,,,
2025,1,1,16,4,2025-01-16,UA,19977,UA,N78501,2848,13487,1348702,31650,MSP,"Minneapolis, MN",MN,27,Minnesota,63,11292,1129202,30325,DEN,"Denver, CO",CO,8,Colorado,82,910,907.0,-3.0,0.0,0.0,-1.0,0900-0959,34.0,941.0,1019.0,9.0,1035,1028.0,-7.0,0.0,0.0,-1.0,1000-1059,0.0,,0.0,145.0,141.0,98.0,1.0,680.0,3,,,,,,,,,0,,,,,,,,,,,,,,,,,,,,,,,,,,,,,,,,,,,,,,,,,,,,,
2025,1,1,13,1,2025-01-13,WN,19393,WN,N8827Q,5304,12889,1288904,32211,LAS,"Las Vegas, NV",NV,32,Nevada,85,11603,1160302,31603,EUG,"Eugene, OR",OR,41,Oregon,92,1255,1248.0,-7.0,0.0,0.0,-1.0,1200-1259,12.0,1300.0,1446.0,4.0,1515,1450.0,-25.0,0.0,0.0,-2.0,1500-1559,0.0,,0.0,140.0,122.0,106.0,1.0,700.0,3,,,,,,,,,0,,,,,,,,,,,,,,,,,,,,,,,,,,,,,,,,,,,,,,,,,,,,,
2025,1,1,14,2,2025-01-14,DL,19790,DL,N323DU,2514,14869,1486903,34614,SLC,"Salt Lake City, UT",UT,49,Utah,87,12266,1226603,31453,IAH,"Houston, TX",TX,48,Texas,74,1735,1725.0,-10.0,0.0,0.0,-1.0,1700-1759,11.0,1736.0,2107.0,8.0,2140,2115.0,-25.0,0.0,0.0,-2.0,2100-2159,0.0,,0.0,185.0,170.0,151.0,1.0,1195.0,5,,,,,,,,,0,,,,,,,,,,,,,,,,,,,,,,,,,,,,,,,,,,,,,,,,,,,,,
2025,1,1,12,7,2025-01-12,WN,19393,WN,N8620H,2991,15016,1501606,31123,STL,"St. Louis, MO",MO,29,Missouri,64,14107,1410702,30466,PHX,"Phoenix, AZ",AZ,4,Arizona,81,600,550.0,-10.0,0.0,0.0,-1.0,0600-0659,9.0,559.0,819.0,3.0,840,822.0,-18.0,0.0,0.0,-2.0,0800-0859,0.0,,0.0,220.0,212.0,200.0,1.0,1262.0,6,,,,,,,,,0,,,,,,,,,,,,,,,,,,,,,,,,,,,,,,,,,,,,,,,,,,,,,
2025,1,1,31,5,2025-01-31,WN,19393,WN,N8532S,4320,11292,1129202,30325,DEN,"Denver, CO",CO,8,Colorado,82,12892,1289208,32575,LAX,"Los Angeles, CA",CA,6,California,91,1550,1550.0,0.0,0.0,0.0,0.0,1500-1559,17.0,1607.0,1708.0,6.0,1730,1714.0,-16.0,0.0,0.0,-2.0,1700-1759,0.0,,0.0,160.0,144.0,121.0,1.0,862.0,4,,,,,,,,,0,,,,,,,,,,,,,,,,,,,,,,,,,,,,,,,,,,,,,,,,,,,,,
2025,1,1,22,3,2025-01-22,DL,19790,DL,N3744F,1660,13198,1319801,33198,MCI,"Kansas City, MO",MO,29,Missouri,64,10397,1039707,30397,ATL,"Atlanta, GA",GA,13,Georgia,34,1710,1709.0,-1.0,0.0,0.0,-1.0,1700-1759,12.0,1721.0,1946.0,12.0,2018,1958.0,-20.0,0.0,0.0,-2.0,2000-2059,0.0,,0.0,128.0,109.0,85.0,1.0,692.0,3,,,,,,,,,0,,,,,,,,,,,,,,,,,,,,,,,,,,,,,,,,,,,,,,,,,,,,,
2025,1,1,20,1,2025-01-20,DL,19790,DL,N118DY,926,11278,1127805,30852,DCA,"Washington, DC",VA,51,Virginia,38,10397,1039707,30397,ATL,"Atlanta, GA",GA,13,Georgia,34,1000,957.0,-3.0,0.0,0.0,-1.0,1000-1059,13.0,1010.0,1141.0,7.0,1203,1148.0,-15.0,0.0,0.0,-1.0,1200-1259,0.0,,0.0,123.0,111.0,91.0,1.0,547.0,3,,,,,,,,,0,,,,,,,,,,,,,,,,,,,,,,,,,,,,,,,,,,,,,,,,,,,,,
2025,1,1,12,7,2025-01-12,G4,20368,G4,272NV,854,14082,1408203,34082,PGD,"Punta Gorda, FL",FL,12,Florida,33,10257,1025702,30257,ALB,"Albany, NY",NY,36,New York,22,710,919.0,129.0,129.0,1.0,8.0,0700-0759,11.0,930.0,1158.0,4.0,1006,1202.0,116.0,116.0,1.0,7.0,1000-1059,0.0,,0.0,176.0,163.0,148.0,1.0,1185.0,5,116.0,0.0,0.0,0.0,0.0,655.0,26.0,26.0,0,,,,,,,,,,,,,,,,,,,,,,,,,,,,,,,,,,,,,,,,,,,,,
2025,1,1,11,6,2025-01-11,AA,19805,AA,N461AN,3186,12982,1298202,32982,LIH,"Lihue, HI",HI,15,Hawaii,2,12892,1289208,32575,LAX,"Los Angeles, CA",CA,6,California,91,2130,2129.0,-1.0,0.0,0.0,-1.0,2100-2159,9.0,2138.0,443.0,5.0,503,448.0,-15.0,0.0,0.0,-1.0,0001-0559,0.0,,0.0,333.0,319.0,305.0,1.0,2615.0,11,,,,,,,,,0,,,,,,,,,,,,,,,,,,,,,,,,,,,,,,,,,,,,,,,,,,,,,
2025,1,1,27,1,2025-01-27,HA,19690,HA,N491HA,532,12173,1217305,32134,HNL,"Honolulu, HI",HI,15,Hawaii,2,12402,1240203,32402,ITO,"Hilo, HI",HI,15,Hawaii,2,1830,1827.0,-3.0,0.0,0.0,-1.0,1800-1859,10.0,1837.0,1909.0,6.0,1924,1915.0,-9.0,0.0,0.0,-1.0,1900-1959,0.0,,0.0,54.0,48.0,32.0,1.0,216.0,1,,,,,,,,,0,,,,,,,,,,,,,,,,,,,,,,,,,,,,,,,,,,,,,,,,,,,,,
2025,1,1,21,2,2025-01-21,OO,20304,OO,N742SK,6444,11298,1129806,30194,DFW,"Dallas/Fort Worth, TX",TX,48,Texas,74,11905,1190502,31905,GGG,"Longview, TX",TX,48,Texas,74,1235,1230.0,-5.0,0.0,0.0,-1.0,1200-1259,16.0,1246.0,1316.0,3.0,1338,1319.0,-19.0,0.0,0.0,-2.0,1300-1359,0.0,,0.0,63.0,49.0,30.0,1.0,140.0,1,,,,,,,,,0,,,,,,,,,,,,,,,,,,,,,,,,,,,,,,,,,,,,,,,,,,,,,
2025,1,1,2,4,2025-01-02,AS,19930,AS,N419AS,114,14679,1467903,33570,SAN,"San Diego, CA",CA,6,California,91,11884,1188402,31884,GEG,"Spokane, WA",WA,53,Washington,93,1955,1952.0,-3.0,0.0,0.0,-1.0,1900-1959,31.0,2023.0,2234.0,6.0,2253,2240.0,-13.0,0.0,0.0,-1.0,2200-2259,0.0,,0.0,178.0,168.0,131.0,1.0,1027.0,5,,,,,,,,,0,,,,,,,,,,,,,,,,,,,,,,,,,,,,,,,,,,,,,,,,,,,,,
2025,1,1,22,3,2025-01-22,NK,20416,NK,N902NK,221,12953,1295304,31703,LGA,"New York, NY",NY,36,New York,22,13204,1320402,31454,MCO,"Orlando, FL",FL,12,Florida,33,1955,1950.0,-5.0,0.0,0.0,-1.0,1900-1959,15.0,2005.0,2240.0,12.0,2303,2252.0,-11.0,0.0,0.0,-1.0,2300-2359,0.0,,0.0,188.0,182.0,155.0,1.0,950.0,4,,,,,,,,,0,,,,,,,,,,,,,,,,,,,,,,,,,,,,,,,,,,,,,,,,,,,,,
